trader_id,persona,time_delta_seconds,lot_size_multiplier,position_size_change,is_unhedged,loss_streak_count,recent_pnl_delta,current_drawdown_pct,label
0,disciplined,19.9,1.16,1.16,0,0,0.0,0.0,0
0,disciplined,34.5,1.08,0.94,1,1,-1176.77,2.35,0
0,disciplined,14.2,0.92,0.85,0,2,-1277.86,4.91,1
0,disciplined,326.0,1.2,1.3,1,3,-1051.95,7.01,0
0,disciplined,177.0,1.05,0.88,0,4,-1374.31,9.76,0
0,disciplined,532.8,1.13,1.07,0,0,1438.01,6.89,0
0,disciplined,730.0,0.94,0.83,0,1,-1078.27,9.04,0
0,disciplined,434.6,1.64,1.75,0,0,950.62,7.14,0
0,disciplined,55.2,1.18,0.72,0,1,-1901.85,10.94,0
0,disciplined,1296.1,0.95,0.8,1,2,-1395.14,13.74,0
0,disciplined,967.0,0.95,1.01,0,0,1062.5,11.61,0
0,disciplined,702.3,0.89,0.94,0,0,1388.99,8.83,0
0,disciplined,597.4,1.13,1.26,0,1,-763.69,10.36,0
0,disciplined,62.2,1.1,0.97,0,2,-1313.11,12.99,0
0,disciplined,557.6,1.79,1.63,0,0,1109.16,10.77,0
0,disciplined,116.9,0.87,0.48,0,1,-1700.22,14.17,0
0,disciplined,133.0,0.96,1.11,0,2,-901.34,15.97,0
0,disciplined,328.8,0.82,0.85,0,3,-897.16,17.76,0
0,disciplined,530.3,1.09,1.33,0,0,1202.38,15.36,0
0,disciplined,133.5,0.89,0.81,1,1,-966.95,17.29,0
0,disciplined,581.9,0.83,0.93,0,2,-715.35,18.72,0
0,disciplined,134.7,1.07,1.29,0,3,-869.48,20.46,0
0,disciplined,574.6,0.83,0.77,0,4,-1141.84,22.75,0
0,disciplined,897.9,1.13,1.37,1,0,1155.64,20.44,0
0,disciplined,160.7,0.99,0.88,0,0,1250.91,17.93,0
0,disciplined,542.0,0.99,1.0,0,0,1007.01,15.92,0
0,disciplined,927.4,1.76,1.77,0,1,-840.73,17.6,1
0,disciplined,166.9,1.08,0.62,0,2,-1563.81,20.73,0
0,disciplined,1263.7,1.13,1.04,0,3,-1177.66,23.08,0
0,disciplined,575.5,0.82,0.73,0,4,-1030.41,25.15,0
0,disciplined,1352.5,1.18,1.43,0,5,-892.18,26.93,0
0,disciplined,326.0,1.02,0.87,0,6,-1197.81,29.33,0
0,disciplined,467.0,1.15,1.12,0,0,1473.25,26.38,0
0,disciplined,349.3,1.06,0.92,1,1,-1029.02,28.44,0
0,disciplined,73.7,1.16,1.1,1,0,1262.82,25.91,0
0,disciplined,386.3,0.89,0.76,0,1,-1154.48,28.22,0
0,disciplined,2644.2,1.09,1.23,0,0,916.52,26.39,0
0,disciplined,5.7,0.82,0.75,0,0,1352.91,23.68,1
0,disciplined,1177.8,0.99,1.21,0,1,-809.3,25.3,0
0,disciplined,2.7,1.18,1.18,1,2,-973.2,27.25,1
0,disciplined,7.4,1.87,1.59,1,0,1298.75,24.65,1
0,disciplined,512.8,0.99,0.53,1,0,2373.33,19.9,0
0,disciplined,314.3,0.98,0.99,0,0,1130.31,17.64,0
0,disciplined,355.3,0.81,0.83,0,0,1291.91,15.06,0
0,disciplined,15.6,1.14,1.4,1,0,1030.27,13.0,1
0,disciplined,204.0,1.03,0.91,0,1,-1163.94,15.33,0
0,disciplined,42.2,1.03,1.0,0,0,1067.7,13.19,1
0,disciplined,254.1,0.98,0.95,0,1,-845.08,14.88,0
0,disciplined,559.7,1.04,1.07,0,0,1412.82,12.05,0
0,disciplined,1018.2,1.04,1.0,0,0,1527.32,9.0,0
0,disciplined,734.9,0.98,0.94,0,0,1436.69,6.13,0
0,disciplined,365.0,1.09,1.11,0,0,1291.78,3.54,0
0,disciplined,677.1,0.83,0.76,0,1,-905.13,5.35,0
0,disciplined,201.3,0.94,1.14,0,2,-714.27,6.78,0
0,disciplined,15.5,0.87,0.92,0,0,946.97,4.89,0
0,disciplined,592.0,1.19,1.37,0,1,-888.33,6.66,0
0,disciplined,1497.1,1.14,0.96,1,0,1193.06,4.28,0
0,disciplined,223.0,0.87,0.77,0,0,1385.53,1.51,0
0,disciplined,883.2,1.06,1.22,1,1,-806.46,3.12,0
0,disciplined,531.2,1.17,1.1,1,0,1460.36,0.2,0
0,disciplined,527.6,1.08,0.92,0,1,-1320.02,2.84,0
0,disciplined,217.7,1.1,1.02,1,2,-924.19,4.69,0
0,disciplined,180.2,1.07,0.98,0,0,1158.61,2.37,0
0,disciplined,290.2,1.0,0.93,0,1,-1127.15,4.62,0
0,disciplined,861.9,0.8,0.8,0,2,-824.8,6.27,0
0,disciplined,74.3,0.97,1.21,1,3,-884.34,8.04,0
0,disciplined,104.2,0.99,1.03,0,4,-953.16,9.95,0
0,disciplined,149.7,1.03,1.04,0,5,-924.86,11.8,0
0,disciplined,192.3,0.98,0.95,1,6,-1072.08,13.94,0
0,disciplined,53.7,0.97,0.99,0,7,-923.35,15.79,0
0,disciplined,0.8,1.15,1.18,0,0,1172.55,13.44,1
0,disciplined,61.7,0.86,0.75,0,1,-1261.39,15.97,0
0,disciplined,897.4,1.0,1.16,0,0,1147.93,13.67,0
0,disciplined,114.2,1.0,1.0,0,0,1435.74,10.8,0
0,disciplined,99.0,0.92,0.92,0,0,1362.31,8.08,0
0,disciplined,228.1,1.07,1.16,1,1,-889.36,9.85,0
0,disciplined,510.3,0.93,0.87,0,2,-1125.82,12.11,0
0,disciplined,165.1,1.04,1.12,0,0,1170.7,9.76,0
0,disciplined,17.2,0.96,0.92,0,0,1387.02,6.99,0
0,disciplined,22.6,0.98,1.02,0,1,-1039.65,9.07,0
0,disciplined,26.7,1.02,1.04,1,0,1040.65,6.99,0
0,disciplined,152.6,0.92,0.9,1,0,1230.17,4.53,0
0,disciplined,258.3,1.08,1.17,0,1,-906.76,6.34,0
0,disciplined,351.2,0.81,0.75,0,2,-1234.79,8.81,0
0,disciplined,1338.6,0.98,1.21,0,3,-917.47,10.65,0
0,disciplined,400.2,0.95,0.96,0,0,1123.52,8.4,0
0,disciplined,818.1,0.97,1.03,0,1,-1050.4,10.5,0
0,disciplined,1733.7,1.61,1.65,0,2,-869.43,12.24,0
0,disciplined,141.2,1.14,0.71,0,3,-1344.06,14.93,0
0,disciplined,103.3,1.18,1.03,0,0,1646.64,11.63,0
0,disciplined,94.5,0.87,0.74,0,1,-1048.83,13.73,0
0,disciplined,419.7,1.73,1.98,1,2,-952.34,15.64,1
0,disciplined,144.4,0.85,0.49,0,3,-1928.99,19.49,0
0,disciplined,358.4,1.07,1.26,1,0,968.27,17.56,0
0,disciplined,473.8,1.19,1.11,0,0,1389.17,14.78,0
0,disciplined,43.9,0.87,0.73,0,0,1211.2,12.36,1
0,disciplined,114.5,0.94,1.08,1,1,-833.18,14.02,0
0,disciplined,601.6,1.76,1.87,1,0,1204.1,11.61,1
0,disciplined,323.6,0.92,0.52,0,0,1905.86,7.8,0
0,disciplined,321.3,1.1,1.19,0,1,-967.9,9.74,0
0,disciplined,997.0,1.54,1.41,1,0,1274.3,7.19,0
0,disciplined,414.0,1.13,0.73,0,1,-1802.02,10.79,0
0,disciplined,1887.9,0.83,0.73,0,2,-1335.38,13.47,0
0,disciplined,1891.2,0.9,1.09,0,0,1140.11,11.18,0
0,disciplined,808.0,0.92,1.03,0,1,-980.13,13.15,0
0,disciplined,313.4,1.04,1.13,0,2,-883.52,14.91,0
0,disciplined,541.0,1.14,1.09,0,3,-1040.65,16.99,0
0,disciplined,51.7,1.15,1.01,0,4,-925.18,18.84,0
0,disciplined,467.3,1.06,0.92,0,0,1234.65,16.37,0
0,disciplined,169.3,0.85,0.8,0,1,-947.34,18.27,0
0,disciplined,587.5,1.15,1.36,0,2,-799.81,19.87,0
0,disciplined,182.5,0.84,0.72,0,0,1668.04,16.53,0
0,disciplined,69.8,0.91,1.08,0,0,1125.0,14.28,0
0,disciplined,1855.4,1.08,1.19,0,1,-1004.43,16.29,0
0,disciplined,129.2,0.91,0.85,1,0,1166.59,13.96,0
0,disciplined,2290.4,1.05,1.15,0,1,-798.33,15.56,0
0,disciplined,937.4,0.93,0.88,0,2,-921.75,17.4,0
0,disciplined,186.9,1.06,1.14,1,0,1304.67,14.79,0
0,disciplined,211.4,1.15,1.08,0,1,-1218.19,17.23,0
0,disciplined,323.7,1.16,1.01,0,2,-1174.72,19.58,0
0,disciplined,347.3,0.92,0.8,0,3,-1332.19,22.24,0
0,disciplined,60.6,1.07,1.16,0,0,1367.4,19.5,0
0,disciplined,415.5,1.16,1.08,0,1,-859.02,21.22,0
0,disciplined,180.5,0.96,0.83,1,0,1363.16,18.5,0
0,disciplined,601.2,0.94,0.98,0,1,-1026.61,20.55,0
0,disciplined,994.8,1.04,1.11,0,0,1308.73,17.93,0
0,disciplined,652.9,0.86,0.83,0,0,1058.0,15.82,0
0,disciplined,34.3,1.08,1.25,0,1,-997.49,17.81,1
0,disciplined,304.9,0.82,0.76,1,0,1587.98,14.64,0
0,disciplined,33.0,0.96,1.17,1,0,1095.75,12.44,1
0,disciplined,769.6,0.81,0.84,0,1,-898.9,14.24,0
0,disciplined,700.2,0.84,1.04,1,2,-881.73,16.01,0
0,disciplined,81.8,0.93,1.11,1,3,-830.9,17.67,0
0,disciplined,67.3,0.98,1.05,0,0,936.31,15.79,0
0,disciplined,1009.3,1.07,1.09,0,1,-847.04,17.49,0
0,disciplined,792.6,0.98,0.92,0,2,-901.93,19.29,0
0,disciplined,39.9,1.12,1.14,0,0,1021.16,17.25,1
0,disciplined,397.4,1.05,0.94,0,1,-1235.43,19.72,0
0,disciplined,266.7,1.18,1.13,0,0,1258.78,17.2,0
0,disciplined,256.7,0.83,0.7,1,1,-1091.69,19.39,0
0,disciplined,28.7,0.88,1.06,1,2,-803.95,20.99,1
0,disciplined,902.2,0.92,1.04,0,3,-974.05,22.94,0
0,disciplined,31.3,0.94,1.02,0,0,1355.57,20.23,1
0,disciplined,161.8,0.84,0.9,0,1,-817.95,21.87,0
0,disciplined,1088.4,1.09,1.3,0,2,-989.39,23.85,0
0,disciplined,10.5,0.81,0.74,1,3,-1246.82,26.34,1
0,disciplined,112.1,1.03,1.27,1,4,-925.79,28.19,0
0,disciplined,352.5,0.82,0.8,0,0,1244.05,25.7,0
0,disciplined,106.9,0.88,1.07,0,0,1005.46,23.69,0
0,disciplined,481.4,1.11,1.27,0,1,-952.76,25.6,0
1,disciplined,413.2,0.88,0.88,0,0,0.0,0.0,0
1,disciplined,1130.7,0.81,0.92,0,1,-742.18,1.48,0
1,disciplined,9.3,0.83,1.02,1,0,1207.09,0.0,1
1,disciplined,190.0,0.94,1.14,1,1,-784.12,1.55,0
1,disciplined,112.4,1.15,1.23,0,2,-1003.41,3.54,0
1,disciplined,124.6,1.16,1.01,0,3,-1060.92,5.64,0
1,disciplined,269.1,0.98,0.84,0,0,1557.2,2.56,0
1,disciplined,78.2,1.99,2.03,1,1,-989.92,4.52,0
1,disciplined,63.6,1.11,0.56,0,0,2189.48,0.18,0
1,disciplined,40.0,0.94,0.85,0,0,1504.61,0.0,0
1,disciplined,483.4,1.19,1.26,0,0,1092.66,0.0,0
1,disciplined,1068.0,1.07,0.91,0,0,1526.07,0.0,0
1,disciplined,207.2,1.03,0.96,0,0,1170.22,0.0,0
1,disciplined,381.5,1.08,1.05,0,1,-1015.42,1.82,0
1,disciplined,319.6,0.91,0.84,0,2,-1138.45,3.87,0
1,disciplined,44.0,1.71,1.89,1,3,-1021.17,5.7,0
1,disciplined,37.1,1.15,0.67,1,0,1954.25,2.19,0
1,disciplined,709.1,0.93,0.8,0,0,1453.61,0.0,0
1,disciplined,337.3,1.03,1.11,0,0,1264.84,0.0,0
1,disciplined,46.3,0.99,0.97,0,1,-892.43,1.56,0
1,disciplined,465.6,0.85,0.85,0,0,1283.03,0.0,0
1,disciplined,59.3,1.81,2.14,0,1,-999.52,1.74,0
1,disciplined,217.8,1.11,0.61,0,2,-1978.94,5.17,0
1,disciplined,106.0,0.85,0.77,0,3,-968.3,6.86,0
1,disciplined,24.4,0.91,1.07,0,4,-779.2,8.21,1
1,disciplined,433.8,1.01,1.11,0,0,1331.14,5.9,0
1,disciplined,485.7,0.84,0.83,0,1,-1001.54,7.64,1
1,disciplined,809.9,1.01,1.21,0,0,1168.92,5.61,0
1,disciplined,114.1,1.07,1.05,1,0,1227.72,3.47,0
1,disciplined,27.5,1.13,1.05,1,0,1439.77,0.97,0
1,disciplined,184.9,1.01,0.9,1,0,1684.46,0.0,0
1,disciplined,17.0,1.08,1.07,1,1,-1150.18,1.96,0
1,disciplined,128.1,1.11,1.03,0,2,-1049.05,3.75,0
1,disciplined,319.1,0.97,0.88,1,0,1410.72,1.34,0
1,disciplined,365.2,0.99,1.02,0,1,-1050.79,3.13,0
1,disciplined,496.7,0.84,0.84,1,2,-1065.59,4.95,0
1,disciplined,81.3,0.97,1.16,0,0,972.28,3.29,0
1,disciplined,746.2,1.13,1.17,1,1,-815.17,4.68,0
1,disciplined,62.2,0.94,0.83,1,2,-1321.89,6.94,0
1,disciplined,49.7,0.91,0.98,0,0,1164.42,4.95,0
1,disciplined,221.4,1.6,1.75,0,1,-1082.59,6.8,0
1,disciplined,837.4,1.08,0.68,0,0,1962.42,3.45,0
1,disciplined,7.7,1.16,1.07,1,1,-1053.07,5.25,0
1,disciplined,200.1,0.83,0.72,0,2,-1006.22,6.96,0
1,disciplined,1551.3,1.03,1.24,1,0,986.15,5.28,0
1,disciplined,379.3,1.18,1.14,1,1,-1110.24,7.17,0
1,disciplined,100.9,0.82,0.7,0,0,1280.42,4.99,0
1,disciplined,96.1,0.89,1.08,0,0,946.22,3.38,0
1,disciplined,26.4,1.88,2.11,0,0,1163.9,1.39,0
1,disciplined,246.9,1.1,0.59,0,1,-1964.64,4.74,1
1,disciplined,64.1,0.96,0.87,0,0,1223.19,2.66,0
1,disciplined,401.9,0.96,0.99,0,1,-1120.23,4.57,1
1,disciplined,379.4,0.95,0.99,0,2,-1106.0,6.45,0
1,disciplined,494.2,0.85,0.9,0,0,1263.51,4.3,0
1,disciplined,108.6,1.6,1.89,0,0,882.21,2.8,0
1,disciplined,213.7,1.06,0.67,0,1,-1565.1,5.46,0
1,disciplined,765.7,1.13,1.06,0,0,1381.59,3.11,0
1,disciplined,314.1,0.93,0.82,0,1,-1220.06,5.19,0
1,disciplined,163.0,1.12,1.21,0,0,1095.84,3.32,0
1,disciplined,41.2,1.05,0.94,0,1,-1084.45,5.17,0
1,disciplined,172.0,1.1,1.05,0,0,1231.54,3.07,0
1,disciplined,255.7,1.17,1.06,1,1,-945.88,4.68,0
1,disciplined,32.7,1.55,1.32,1,0,1537.95,2.06,0
1,disciplined,249.9,1.13,0.73,1,0,1844.6,0.0,0
1,disciplined,835.2,0.98,0.87,1,0,1695.99,0.0,0
1,disciplined,132.4,1.15,1.17,0,0,1155.03,0.0,0
1,disciplined,65.8,0.98,0.85,0,0,1576.08,0.0,0
1,disciplined,139.9,1.17,1.19,0,0,1081.7,0.0,0
1,disciplined,1270.8,0.88,0.75,0,0,1382.68,0.0,0
1,disciplined,13.2,0.98,1.11,1,1,-886.37,1.34,0
1,disciplined,199.1,1.02,1.04,0,0,999.06,0.0,0
1,disciplined,162.9,0.85,0.83,0,0,1022.39,0.0,0
1,disciplined,27.5,1.19,1.41,0,1,-875.39,1.3,0
1,disciplined,754.5,1.11,0.93,0,0,1468.71,0.0,0
1,disciplined,26.8,1.0,0.9,1,1,-1254.37,1.85,0
1,disciplined,1069.9,0.82,0.82,0,0,1362.77,0.0,0
1,disciplined,25.6,1.14,1.38,0,1,-889.67,1.31,0
1,disciplined,982.7,0.94,0.83,0,0,1456.34,0.0,0
1,disciplined,29.7,0.99,1.05,0,1,-772.69,1.13,0
1,disciplined,279.2,0.93,0.94,0,2,-1003.18,2.59,0
1,disciplined,23.1,0.81,0.87,0,3,-802.58,3.76,1
1,disciplined,1.3,1.02,1.26,1,0,995.86,2.31,0
1,disciplined,1044.4,1.2,1.17,1,1,-1225.16,4.09,0
1,disciplined,748.0,1.17,0.98,0,2,-1195.02,5.83,0
1,disciplined,48.7,1.13,0.96,0,3,-1246.04,7.65,0
1,disciplined,273.5,0.96,0.85,0,0,1619.77,5.29,0
1,disciplined,132.3,0.94,0.98,0,1,-957.49,6.68,0
1,disciplined,526.1,1.14,1.21,0,0,1326.56,4.75,1
1,disciplined,711.2,1.14,1.0,1,1,-1027.04,6.25,0
1,disciplined,196.4,0.84,0.73,0,2,-1331.64,8.19,1
1,disciplined,625.1,1.02,1.21,0,0,1237.12,6.39,0
1,disciplined,245.9,0.96,0.94,0,1,-857.23,7.64,0
1,disciplined,344.4,0.88,0.92,0,2,-816.99,8.83,0
1,disciplined,1134.7,0.9,1.02,1,0,959.49,7.43,0
1,disciplined,828.1,1.08,1.2,1,1,-970.44,8.84,0
1,disciplined,1220.4,1.04,0.96,0,2,-965.48,10.25,0
1,disciplined,336.4,0.89,0.86,0,3,-1094.83,11.85,0
1,disciplined,289.9,1.08,1.21,0,4,-788.8,12.99,0
1,disciplined,1104.8,0.85,0.78,1,0,1203.48,11.24,0
1,disciplined,115.8,0.8,0.95,0,0,1109.28,9.62,0
1,disciplined,471.6,0.95,1.18,0,1,-805.16,10.8,0
1,disciplined,21.6,1.1,1.15,1,2,-930.79,12.15,1
1,disciplined,82.8,0.87,0.8,0,0,1304.19,10.25,0
1,disciplined,365.3,1.82,2.08,1,1,-820.74,11.45,1
1,disciplined,86.5,1.11,0.61,0,2,-1799.6,14.07,0
1,disciplined,203.8,1.14,1.02,0,3,-1237.77,15.88,0
1,disciplined,119.7,0.97,0.86,0,0,1256.15,14.05,0
1,disciplined,414.4,1.16,1.19,0,0,1428.23,11.96,0
1,disciplined,381.5,1.19,1.02,1,1,-950.8,13.35,0
1,disciplined,6.8,0.84,0.71,1,2,-1279.46,15.21,1
1,disciplined,230.8,0.93,1.11,1,0,1254.49,13.39,0
1,disciplined,96.8,1.02,1.09,0,0,1321.61,11.46,0
1,disciplined,40.2,1.98,1.94,0,1,-1094.53,13.06,1
1,disciplined,1447.9,1.13,0.57,0,0,2457.72,9.47,0
1,disciplined,2070.1,0.85,0.76,1,0,1397.15,7.44,0
1,disciplined,683.7,1.18,1.39,0,0,956.08,6.04,0
1,disciplined,1296.7,0.93,0.79,0,1,-1120.22,7.68,0
1,disciplined,293.2,1.05,1.12,1,2,-892.39,8.98,0
1,disciplined,15.5,1.1,1.05,1,0,1105.63,7.37,0
1,disciplined,85.3,1.14,1.04,0,1,-1014.28,8.84,0
1,disciplined,1502.7,0.93,0.82,1,2,-1234.82,10.64,0
1,disciplined,1601.8,0.97,1.04,0,0,1179.87,8.92,0
1,disciplined,38.5,0.86,0.88,1,1,-942.44,10.3,1
1,disciplined,251.6,1.16,1.36,0,0,873.92,9.02,0
1,disciplined,14.6,1.04,0.89,0,0,1412.14,6.97,0
1,disciplined,20.7,1.11,1.07,0,0,1453.94,4.85,0
1,disciplined,193.7,1.09,0.98,0,0,1377.05,2.84,0
1,disciplined,441.2,1.17,1.08,1,0,1557.06,0.57,0
1,disciplined,1227.6,1.12,0.95,0,1,-948.31,1.95,1
1,disciplined,457.9,0.81,0.72,0,2,-1064.68,3.5,0
1,disciplined,151.2,1.17,1.45,1,0,1117.1,1.88,0
1,disciplined,59.0,0.91,0.78,0,1,-1277.75,3.74,0
1,disciplined,128.5,0.98,1.08,0,0,1336.98,1.79,0
1,disciplined,1374.6,0.95,0.96,0,1,-1055.73,3.33,0
1,disciplined,61.9,0.81,0.85,0,2,-1032.14,4.83,0
1,disciplined,53.3,1.03,1.27,0,0,818.86,3.64,0
1,disciplined,71.3,0.84,0.82,0,1,-1065.79,5.19,0
1,disciplined,76.7,0.81,0.96,0,0,941.57,3.82,0
1,disciplined,113.1,1.14,1.41,1,0,864.52,2.56,0
1,disciplined,943.8,0.96,0.84,0,0,1673.38,0.12,0
1,disciplined,17.2,0.85,0.88,0,1,-1119.1,1.75,0
1,disciplined,733.4,1.68,1.98,0,2,-777.23,2.88,1
1,disciplined,349.7,1.12,0.67,1,3,-1369.1,4.88,0
1,disciplined,912.4,1.13,1.01,0,4,-1097.3,6.48,0
1,disciplined,18.0,0.85,0.75,1,5,-1170.5,8.19,1
1,disciplined,33.5,0.91,1.07,0,6,-892.27,9.49,1
1,disciplined,438.9,1.14,1.26,0,0,1090.29,7.9,0
1,disciplined,86.7,1.18,1.03,0,0,1295.56,6.01,0
1,disciplined,361.3,1.18,1.0,1,0,1442.42,3.91,0
1,disciplined,398.7,1.16,0.98,0,0,1461.92,1.78,0
2,disciplined,358.4,1.04,1.04,0,0,0.0,0.0,0
2,disciplined,385.1,0.9,0.86,1,1,-1238.56,2.48,0
2,disciplined,522.1,0.99,1.1,0,0,1054.41,0.37,0
2,disciplined,193.4,1.13,1.14,0,1,-1118.09,2.6,0
2,disciplined,159.6,0.87,0.77,0,2,-1175.57,4.96,0
2,disciplined,88.5,1.14,1.31,0,3,-935.51,6.83,0
2,disciplined,748.8,0.88,0.77,0,4,-953.15,8.73,0
2,disciplined,821.5,1.19,1.35,1,5,-904.44,10.54,0
2,disciplined,273.9,1.19,1.0,0,6,-1146.58,12.83,0
2,disciplined,76.0,1.02,0.86,0,7,-1192.16,15.22,0
2,disciplined,178.8,0.97,0.95,1,8,-973.27,17.17,0
2,disciplined,492.8,0.87,0.89,0,9,-856.67,18.88,0
2,disciplined,432.5,1.06,1.22,0,10,-773.79,20.43,0
2,disciplined,1019.6,0.81,0.77,0,0,1179.35,18.07,0
2,disciplined,616.1,1.1,1.36,0,0,1209.72,15.65,0
2,disciplined,9.0,0.85,0.77,0,0,1162.35,13.32,1
2,disciplined,68.0,1.08,1.28,0,0,888.42,11.55,0
2,disciplined,282.8,0.98,0.9,0,1,-1106.38,13.76,0
2,disciplined,414.1,1.01,1.03,0,0,1421.97,10.92,0
2,disciplined,52.5,0.82,0.81,0,0,1475.2,7.97,0
2,disciplined,162.7,1.18,1.44,0,0,1111.55,5.74,0
2,disciplined,128.0,0.83,0.7,0,1,-1090.69,7.92,0
2,disciplined,218.2,0.99,1.2,0,0,1177.46,5.57,0
2,disciplined,532.5,0.99,1.0,1,0,1373.63,2.82,0
2,disciplined,185.4,0.92,0.93,0,0,1460.43,0.0,0
2,disciplined,877.4,0.92,1.0,1,0,990.4,0.0,0
2,disciplined,91.6,0.98,1.06,0,1,-977.64,1.92,0
2,disciplined,392.6,0.82,0.84,0,0,1454.39,0.0,0
2,disciplined,121.5,0.95,1.15,0,0,874.7,0.0,0
2,disciplined,279.2,1.55,1.63,0,0,1335.46,0.0,0
2,disciplined,273.5,1.0,0.65,0,1,-1249.41,2.33,0
2,disciplined,782.4,0.84,0.83,1,0,1165.05,0.16,0
2,disciplined,302.9,0.97,1.16,1,1,-773.99,1.6,0
2,disciplined,8.2,1.03,1.07,0,2,-930.98,3.33,1
2,disciplined,203.9,1.01,0.98,0,3,-1204.83,5.57,0
2,disciplined,97.8,1.0,0.98,1,4,-1202.46,7.81,0
2,disciplined,263.1,0.83,0.83,0,5,-1167.38,9.98,0
2,disciplined,443.7,0.8,0.96,1,6,-987.88,11.82,0
2,disciplined,274.5,1.52,1.9,0,7,-875.14,13.45,1
2,disciplined,307.8,0.94,0.61,0,0,1595.9,10.48,0
2,disciplined,16.5,1.03,1.1,0,0,1037.89,8.55,0
2,disciplined,397.0,1.18,1.15,0,1,-867.38,10.16,0
2,disciplined,269.2,1.03,0.87,0,0,1648.62,7.1,0
2,disciplined,41.3,0.86,0.84,1,1,-877.91,8.73,0
2,disciplined,178.1,1.03,1.2,0,0,1065.59,6.75,0
2,disciplined,6.1,0.98,0.95,0,0,1161.43,4.58,0
2,disciplined,24.9,1.15,1.17,0,0,1384.59,2.01,0
2,disciplined,3.0,1.05,0.92,0,0,1651.41,0.0,0
2,disciplined,30.0,0.83,0.79,0,1,-950.85,1.75,0
2,disciplined,208.3,1.54,1.86,0,0,990.36,0.0,0
2,disciplined,231.1,0.91,0.59,1,0,1705.41,0.0,0
2,disciplined,898.5,0.84,0.93,0,1,-1006.55,1.8,0
2,disciplined,94.6,0.81,0.97,0,0,1097.81,0.0,0
2,disciplined,459.1,1.19,1.46,1,0,985.26,0.0,0
2,disciplined,668.1,0.81,0.68,0,1,-1221.77,2.14,0
2,disciplined,25.1,0.96,1.19,0,2,-809.38,3.56,1
2,disciplined,174.6,1.02,1.07,0,3,-875.88,5.09,0
2,disciplined,286.2,1.12,1.09,0,4,-940.31,6.74,0
2,disciplined,807.5,0.87,0.78,0,0,1458.54,4.18,0
2,disciplined,334.5,0.92,1.05,0,1,-798.26,5.58,0
2,disciplined,95.1,0.93,1.02,1,0,1223.04,3.44,0
2,disciplined,253.3,1.01,1.08,0,0,1294.43,1.17,0
2,disciplined,24.0,1.02,1.01,0,1,-1054.35,3.02,0
2,disciplined,372.5,0.92,0.91,1,0,1457.11,0.47,0
2,disciplined,162.3,1.11,1.2,0,1,-801.65,1.87,0
2,disciplined,952.8,1.17,1.05,0,2,-1184.04,3.94,0
2,disciplined,11.7,1.07,0.92,0,3,-1100.79,5.87,1
2,disciplined,116.0,1.1,1.03,0,0,1144.32,3.87,0
2,disciplined,19.3,1.11,1.01,0,0,1360.86,1.48,0
2,disciplined,1113.1,1.06,0.95,0,0,1144.91,0.0,0
2,disciplined,40.3,1.07,1.01,0,0,1109.91,0.0,0
2,disciplined,751.8,1.03,0.96,1,1,-919.78,1.57,0
2,disciplined,583.6,0.92,0.89,0,0,1168.85,0.0,0
2,disciplined,199.6,1.87,2.04,1,0,927.11,0.0,0
2,disciplined,4.1,0.9,0.48,0,1,-1685.77,2.82,0
2,disciplined,270.1,0.88,0.98,0,2,-802.62,4.17,1
2,disciplined,226.0,1.07,1.21,1,0,1149.91,2.24,0
2,disciplined,314.2,1.12,1.05,1,1,-1093.38,4.07,0
2,disciplined,127.8,0.96,0.86,1,2,-1000.76,5.75,0
2,disciplined,687.7,1.12,1.17,1,0,1313.24,3.55,0
2,disciplined,166.7,0.84,0.74,0,1,-1195.81,5.55,0
2,disciplined,30.1,1.19,1.43,0,0,937.77,3.98,0
2,disciplined,449.5,0.91,0.76,0,1,-1177.71,5.95,0
2,disciplined,26.6,0.84,0.92,0,0,1109.76,4.1,0
2,disciplined,1704.9,0.93,1.11,0,0,1156.64,2.16,0
2,disciplined,148.1,1.2,1.29,0,1,-1059.35,3.93,0
2,disciplined,360.3,0.92,0.77,0,0,1755.54,0.99,0
2,disciplined,26.1,1.17,1.27,1,1,-762.7,2.27,0
2,disciplined,143.7,0.85,0.73,0,0,1322.4,0.05,0
2,disciplined,132.7,1.05,1.24,0,1,-909.81,1.58,0
2,disciplined,505.8,1.17,1.11,0,0,1400.77,0.0,0
2,disciplined,453.5,0.89,0.76,0,1,-1305.34,2.17,0
2,disciplined,345.1,1.0,1.13,0,2,-963.77,3.77,0
2,disciplined,193.0,0.86,0.85,0,3,-920.15,5.3,0
2,disciplined,401.8,0.92,1.07,0,4,-881.12,6.77,0
2,disciplined,1812.6,1.02,1.12,0,5,-996.84,8.42,0
2,disciplined,7.3,1.08,1.06,0,0,1404.3,6.09,0
2,disciplined,912.6,0.85,0.79,0,0,1587.89,3.45,0
2,disciplined,565.9,1.12,1.32,0,0,1132.39,1.57,0
2,disciplined,69.7,0.99,0.88,1,0,1202.5,0.0,0
2,disciplined,396.8,1.01,1.02,0,0,1124.71,0.0,1
2,disciplined,1065.5,0.94,0.93,0,0,1109.4,0.0,1
2,disciplined,709.3,1.17,1.25,0,1,-1043.58,1.67,0
2,disciplined,785.9,0.82,0.7,0,0,1461.99,0.0,0
2,disciplined,179.1,1.03,1.25,0,0,1057.93,0.0,0
2,disciplined,72.4,0.81,0.79,0,1,-1209.04,1.89,0
2,disciplined,289.4,1.16,1.44,0,0,1124.97,0.13,0
2,disciplined,55.6,0.9,0.78,0,1,-1069.62,1.8,0
2,disciplined,2115.2,0.96,1.06,0,0,1270.59,0.0,0
2,disciplined,1114.4,1.11,1.16,0,0,1177.95,0.0,0
2,disciplined,14.5,1.12,1.01,0,0,1553.57,0.0,0
2,disciplined,655.6,1.0,0.89,0,0,1203.91,0.0,0
2,disciplined,15.6,0.95,0.96,0,0,1264.29,0.0,0
2,disciplined,161.1,1.2,1.26,0,0,1314.57,0.0,0
2,disciplined,154.0,1.1,0.92,0,1,-1043.44,1.47,0
2,disciplined,526.5,1.11,1.0,0,2,-915.54,2.77,0
2,disciplined,20.9,1.06,0.96,0,3,-1068.55,4.28,1
2,disciplined,122.2,0.92,0.86,0,4,-1090.52,5.82,0
2,disciplined,738.5,1.56,1.7,1,0,1362.01,3.89,0
2,disciplined,52.5,1.05,0.67,0,1,-1364.98,5.82,0
2,disciplined,1843.3,0.98,0.93,0,2,-1243.67,7.58,0
2,disciplined,501.4,0.91,0.93,0,0,996.37,6.17,0
2,disciplined,120.1,0.86,0.95,0,0,973.83,4.8,0
2,disciplined,535.7,0.97,1.13,0,0,1038.06,3.33,0
2,disciplined,40.1,1.17,1.2,1,0,1188.64,1.65,0
2,disciplined,336.9,1.06,0.91,0,1,-1347.37,3.55,0
2,disciplined,907.6,1.17,1.1,0,0,1136.49,1.95,0
2,disciplined,1719.3,1.17,1.0,0,0,1299.11,0.11,0
2,disciplined,385.3,1.03,0.89,1,1,-1103.13,1.67,0
2,disciplined,291.3,1.07,1.03,1,0,1309.99,0.0,0
2,disciplined,460.5,0.99,0.93,0,0,1500.21,0.0,0
2,disciplined,16.9,1.07,1.08,0,1,-978.94,1.35,0
2,disciplined,506.6,1.05,0.99,1,2,-1187.92,2.99,0
2,disciplined,430.3,0.81,0.77,0,0,1417.47,1.04,0
2,disciplined,64.0,0.8,0.99,0,0,933.63,0.0,0
2,disciplined,47.9,0.92,1.14,0,0,1169.35,0.0,0
2,disciplined,1374.6,1.1,1.2,0,0,1077.69,0.0,0
2,disciplined,1642.4,1.06,0.96,1,1,-879.78,1.18,0
2,disciplined,110.3,1.75,1.65,0,0,1186.2,0.0,0
2,disciplined,56.6,1.73,0.99,0,0,2129.55,0.0,0
2,disciplined,449.3,0.89,0.51,1,0,2361.04,0.0,0
2,disciplined,505.9,0.99,1.12,0,0,1150.49,0.0,0
2,disciplined,40.7,1.14,1.14,0,1,-980.4,1.21,0
2,disciplined,221.5,1.16,1.03,1,2,-1060.52,2.53,0
2,disciplined,1000.6,0.95,0.82,0,3,-1001.76,3.77,0
2,disciplined,2270.9,1.0,1.05,0,4,-785.17,4.74,0
2,disciplined,28.1,1.65,1.66,0,0,1218.58,3.23,0
2,disciplined,279.6,1.14,0.69,0,1,-1762.9,5.41,0
2,disciplined,1120.3,0.97,0.85,0,2,-1073.85,6.74,0
2,disciplined,710.5,1.07,1.1,0,3,-839.55,7.78,0
3,disciplined,307.0,1.12,1.12,1,0,0.0,0.0,0
3,disciplined,47.2,1.08,0.96,0,0,1320.88,0.0,0
3,disciplined,37.6,1.16,1.07,0,1,-933.37,1.82,0
3,disciplined,889.2,0.93,0.81,0,0,1563.83,0.0,0
3,disciplined,185.6,1.16,1.24,0,0,1355.99,0.0,0
3,disciplined,111.8,1.12,0.97,1,0,1686.56,0.0,0
3,disciplined,475.6,0.96,0.86,1,1,-906.1,1.65,0
3,disciplined,424.1,0.93,0.97,0,2,-916.75,3.31,0
3,disciplined,877.7,0.82,0.88,0,0,1093.19,1.33,0
3,disciplined,306.2,0.94,1.14,1,1,-894.57,2.95,0
3,disciplined,992.9,1.2,1.27,0,0,1372.9,0.46,0
3,disciplined,5.4,1.56,1.3,1,0,1561.95,0.0,0
3,disciplined,187.2,0.82,0.52,0,0,2301.43,0.0,0
3,disciplined,24.6,1.2,1.47,1,0,1105.88,0.0,1
3,disciplined,210.2,1.02,0.85,1,0,1658.59,0.0,0
3,disciplined,96.7,0.85,0.83,0,1,-1103.92,1.8,0
3,disciplined,27.3,0.93,1.1,0,0,1105.53,0.0,0
3,disciplined,265.6,0.87,0.93,1,0,1237.85,0.0,0
3,disciplined,1276.1,1.09,1.25,0,1,-893.64,1.43,0
3,disciplined,233.7,0.94,0.86,1,0,1488.45,0.0,0
3,disciplined,115.6,0.84,0.9,0,1,-899.57,1.42,0
3,disciplined,95.0,1.17,1.39,0,0,854.5,0.07,0
3,disciplined,50.9,0.84,0.72,1,0,1717.93,0.0,0
3,disciplined,634.9,1.13,1.34,0,0,1216.17,0.0,0
3,disciplined,12.3,1.12,1.0,0,1,-1347.23,2.04,0
3,disciplined,2162.6,1.07,0.95,0,2,-1236.02,3.91,0
3,disciplined,323.7,0.86,0.8,0,3,-1134.58,5.63,0
3,disciplined,2155.3,0.81,0.94,0,4,-827.7,6.88,0
3,disciplined,86.9,0.96,1.19,0,5,-806.12,8.1,0
3,disciplined,229.4,0.91,0.95,0,6,-907.25,9.47,0
3,disciplined,601.3,1.15,1.26,1,7,-1048.14,11.06,0
3,disciplined,1856.7,1.17,1.03,1,0,1643.04,8.57,0
3,disciplined,34.6,1.16,0.99,0,0,1626.28,6.11,0
3,disciplined,271.9,1.06,0.91,0,1,-1030.67,7.67,0
3,disciplined,68.1,0.92,0.87,0,2,-970.04,9.14,0
3,disciplined,82.0,1.5,1.63,0,0,1145.71,7.4,0
3,disciplined,861.6,1.15,0.77,0,0,1528.99,5.09,0
3,disciplined,67.3,0.84,0.73,0,0,1667.64,2.57,0
3,disciplined,381.9,0.95,1.13,0,1,-739.59,3.69,0
3,disciplined,303.7,1.08,1.13,1,0,1105.82,2.01,1
3,disciplined,295.9,0.91,0.85,0,0,1392.31,0.0,0
3,disciplined,363.8,1.01,1.11,1,1,-841.85,1.27,0
3,disciplined,31.3,1.15,1.13,0,0,1496.54,0.0,0
3,disciplined,889.5,1.17,1.01,0,1,-1227.87,1.84,0
3,disciplined,8.3,0.81,0.69,0,0,1729.69,0.0,0
3,disciplined,1067.8,0.88,1.09,0,0,1139.73,0.0,0
3,disciplined,1598.1,1.16,1.32,1,1,-930.6,1.36,0
3,disciplined,1.0,1.18,1.02,1,2,-1285.82,3.24,1
3,disciplined,383.8,0.87,0.73,0,0,1495.13,1.05,0
3,disciplined,254.7,1.2,1.38,0,1,-773.47,2.18,0
3,disciplined,237.9,1.0,0.83,0,0,1732.28,0.0,0
3,disciplined,270.1,1.8,1.8,0,1,-848.79,1.24,0
3,disciplined,81.9,1.19,0.66,0,2,-1452.16,3.35,0
3,disciplined,596.2,1.01,0.85,1,3,-1276.57,5.21,0
3,disciplined,110.3,0.99,0.98,0,0,1366.36,3.22,0
3,disciplined,1361.9,0.89,0.9,0,0,1169.01,1.52,0
3,disciplined,1175.2,0.92,1.03,0,0,1127.13,0.0,0
3,disciplined,971.2,0.96,1.04,0,1,-787.78,1.15,0
3,disciplined,666.9,0.91,0.95,1,2,-847.94,2.38,0
3,disciplined,43.0,0.99,1.09,0,3,-987.71,3.81,1
3,disciplined,123.2,0.85,0.86,0,4,-909.3,5.14,0
3,disciplined,92.8,1.2,1.41,1,5,-771.78,6.26,0
3,disciplined,701.9,0.88,0.73,0,0,1664.26,3.84,0
3,disciplined,1247.7,0.92,1.04,0,0,904.4,2.52,0
3,disciplined,80.2,1.1,1.2,0,1,-956.28,3.91,0
3,disciplined,89.3,0.84,0.77,0,2,-997.18,5.36,0
3,disciplined,253.8,1.72,2.03,0,0,1060.19,3.82,0
3,disciplined,42.8,0.87,0.51,0,0,1805.83,1.2,1
3,disciplined,9.4,0.81,0.93,1,1,-727.04,2.25,0
3,disciplined,40.0,0.93,1.14,0,2,-849.36,3.49,1
3,disciplined,917.0,1.09,1.17,0,0,1386.1,1.47,0
3,disciplined,15.8,0.91,0.84,1,1,-1102.6,3.08,0
3,disciplined,141.3,0.96,1.05,1,2,-736.47,4.15,0
3,disciplined,316.4,1.0,1.04,0,3,-1055.5,5.68,0
3,disciplined,522.4,0.83,0.83,0,0,1331.98,3.75,0
3,disciplined,894.1,1.1,1.32,1,0,1117.33,2.12,0
3,disciplined,13.8,0.97,0.89,1,0,1380.88,0.11,0
3,disciplined,1079.5,0.87,0.89,0,1,-901.5,1.42,0
3,disciplined,143.4,1.12,1.29,0,0,1267.46,0.0,0
3,disciplined,236.0,1.0,0.89,0,1,-1298.92,1.88,0
3,disciplined,992.8,1.16,1.16,0,2,-970.26,3.29,0
3,disciplined,1255.1,1.12,0.96,1,3,-1090.83,4.87,0
3,disciplined,2830.1,1.01,0.91,0,0,1285.89,3.0,0
3,disciplined,328.0,1.01,1.0,0,1,-1009.67,4.47,0
3,disciplined,914.6,0.91,0.91,0,0,1466.03,2.34,0
3,disciplined,24.5,1.05,1.14,0,0,1181.44,0.63,1
3,disciplined,572.0,1.2,1.14,0,1,-1045.45,2.15,0
3,disciplined,497.2,0.8,0.67,0,2,-1198.35,3.88,0
3,disciplined,419.4,1.71,2.13,0,3,-843.14,5.1,1
3,disciplined,0.7,0.98,0.57,0,4,-1561.77,7.36,1
3,disciplined,134.7,1.14,1.17,0,5,-827.89,8.56,0
3,disciplined,443.1,1.07,0.93,1,0,1450.99,6.46,0
3,disciplined,248.7,0.92,0.87,0,0,1415.87,4.41,0
3,disciplined,217.4,0.82,0.89,0,1,-787.63,5.55,0
3,disciplined,1243.8,0.92,1.12,1,0,1049.11,4.03,0
3,disciplined,114.5,1.09,1.2,0,0,1365.94,2.05,0
3,disciplined,1193.3,0.92,0.84,0,1,-948.19,3.43,0
3,disciplined,71.9,1.05,1.14,0,2,-891.1,4.72,0
3,disciplined,48.6,1.1,1.05,0,3,-1235.1,6.51,0
3,disciplined,103.0,1.0,0.91,0,0,1208.87,4.76,0
3,disciplined,615.3,1.01,1.01,0,1,-1095.06,6.34,0
3,disciplined,44.5,1.02,1.0,0,0,1482.66,4.19,0
3,disciplined,97.7,0.88,0.86,0,0,1022.37,2.71,0
3,disciplined,387.6,1.05,1.2,0,0,995.76,1.27,0
3,disciplined,461.3,0.81,0.77,0,0,1153.17,0.0,0
3,disciplined,74.0,0.93,1.15,0,1,-960.12,1.38,0
3,disciplined,116.4,0.92,0.98,1,2,-816.65,2.56,0
3,disciplined,366.5,0.97,1.06,0,0,1093.26,0.99,0
3,disciplined,244.2,0.86,0.89,1,1,-811.24,2.16,0
3,disciplined,221.0,0.86,0.99,0,0,1294.23,0.29,0
3,disciplined,1.3,0.87,1.02,0,0,1000.7,0.0,0
3,disciplined,2039.4,1.2,1.38,0,0,1292.85,0.0,0
3,disciplined,976.9,0.91,0.76,0,0,1767.77,0.0,0
3,disciplined,20.2,0.84,0.93,1,1,-755.32,1.03,0
3,disciplined,76.9,1.08,1.27,0,0,851.55,0.0,0
3,disciplined,1420.4,0.86,0.8,0,0,1146.95,0.0,0
3,disciplined,774.2,1.09,1.27,0,1,-886.05,1.19,0
3,disciplined,117.7,1.15,1.05,0,2,-1034.57,2.58,0
3,disciplined,62.5,1.0,0.87,0,0,1257.62,0.89,0
3,disciplined,363.6,0.85,0.85,0,1,-821.91,1.99,0
3,disciplined,95.0,0.92,1.08,0,2,-748.44,3.0,0
3,disciplined,386.9,0.81,0.88,0,3,-896.61,4.2,1
3,disciplined,198.5,1.89,2.34,0,4,-849.89,5.35,1
3,disciplined,990.2,1.05,0.56,1,5,-1623.16,7.53,0
3,disciplined,2095.5,0.96,0.91,0,0,1470.58,5.55,0
3,disciplined,62.4,1.04,1.09,0,0,1278.96,3.83,0
3,disciplined,15.9,0.85,0.81,0,0,1060.51,2.41,0
3,disciplined,54.9,1.01,1.19,0,1,-974.2,3.72,0
3,disciplined,232.0,1.05,1.03,0,2,-972.71,5.02,0
3,disciplined,139.5,0.82,0.78,0,3,-1070.29,6.46,0
3,disciplined,629.7,1.14,1.39,0,4,-842.03,7.59,0
3,disciplined,847.3,1.0,0.88,0,0,1200.22,5.98,0
3,disciplined,17.1,1.14,1.14,0,0,1101.07,4.5,0
3,disciplined,36.1,0.99,0.87,0,0,1383.36,2.64,0
3,disciplined,1885.7,1.13,1.14,0,0,1452.39,0.69,0
3,disciplined,349.2,0.97,0.86,0,0,1402.83,0.0,0
3,disciplined,690.6,1.12,1.16,1,0,1183.15,0.0,1
3,disciplined,480.6,1.18,1.05,1,0,1475.75,0.0,0
3,disciplined,490.3,0.95,0.8,0,1,-1364.09,1.75,0
3,disciplined,132.4,0.98,1.04,1,0,1390.44,0.0,0
3,disciplined,3.5,1.01,1.03,1,1,-1038.25,1.33,0
3,disciplined,354.1,1.15,1.14,0,0,1012.94,0.03,0
3,disciplined,109.4,0.85,0.74,0,0,1295.96,0.0,0
3,disciplined,439.6,1.14,1.34,1,1,-831.85,1.05,0
3,disciplined,241.6,0.84,0.73,0,2,-1151.67,2.5,0
3,disciplined,352.4,1.07,1.28,0,0,977.96,1.27,0
3,disciplined,131.9,1.03,0.96,0,0,1419.17,0.0,0
3,disciplined,244.9,1.16,1.14,0,1,-1111.52,1.39,0
3,disciplined,1556.6,1.09,0.94,1,0,1198.98,0.0,0
3,disciplined,460.7,0.97,0.89,0,0,1542.41,0.0,0
4,disciplined,56.9,1.11,1.11,0,0,0.0,0.0,0
4,disciplined,143.9,0.91,0.82,0,0,1408.5,0.0,0
4,disciplined,4.5,1.05,1.15,0,1,-843.41,1.64,0
4,disciplined,159.0,1.12,1.07,0,0,1560.99,0.0,0
4,disciplined,209.6,1.84,1.63,0,0,1224.72,0.0,0
4,disciplined,309.5,1.14,0.62,0,1,-1472.93,2.76,0
4,disciplined,39.5,1.0,0.88,0,0,1456.86,0.03,0
4,disciplined,63.6,1.08,1.07,0,1,-896.15,1.71,0
4,disciplined,188.0,0.86,0.8,1,2,-989.01,3.56,0
4,disciplined,71.1,0.94,1.09,0,3,-862.89,5.18,0
4,disciplined,784.2,0.93,0.99,1,4,-1005.53,7.07,0
4,disciplined,990.6,1.17,1.26,0,0,1300.64,4.63,0
4,disciplined,741.6,1.18,1.01,0,1,-1299.25,7.06,0
4,disciplined,711.2,1.0,0.84,0,0,1407.82,4.42,0
4,disciplined,31.7,0.91,0.91,0,0,1382.59,1.83,0
4,disciplined,718.1,1.0,1.1,0,0,931.2,0.09,0
4,disciplined,70.7,1.03,1.04,0,0,1479.27,0.0,0
4,disciplined,586.9,0.94,0.91,0,0,1169.43,0.0,0
4,disciplined,136.6,1.01,1.07,0,0,1258.42,0.0,0
4,disciplined,778.7,0.95,0.94,1,0,1239.64,0.0,0
4,disciplined,15.4,1.6,1.69,1,1,-844.4,1.44,0
4,disciplined,462.0,1.05,0.66,0,2,-1552.79,4.1,0
4,disciplined,39.7,0.93,0.89,0,0,1286.98,1.9,0
4,disciplined,1180.6,1.1,1.18,0,0,1293.0,0.0,0
4,disciplined,1253.3,1.19,1.09,0,0,1424.17,0.0,0
4,disciplined,298.2,0.87,0.73,1,0,1470.34,0.0,0
4,disciplined,1362.2,1.16,1.33,0,0,1081.35,0.0,0
4,disciplined,551.7,1.07,0.92,0,1,-1129.48,1.8,0
4,disciplined,162.9,1.06,0.99,1,0,1272.33,0.0,0
4,disciplined,681.7,1.18,1.11,0,1,-906.27,1.44,0
4,disciplined,193.3,1.04,0.88,0,2,-1053.82,3.12,0
4,disciplined,254.2,1.19,1.15,0,3,-1115.39,4.9,0
4,disciplined,178.4,0.98,0.82,0,4,-972.05,6.45,0
4,disciplined,201.2,0.97,0.99,0,0,1372.56,4.26,0
4,disciplined,89.3,0.95,0.98,0,1,-806.81,5.55,0
4,disciplined,105.4,1.03,1.08,0,2,-953.43,7.07,0
4,disciplined,15.7,0.84,0.81,1,0,1430.84,4.79,0
4,disciplined,1048.0,0.95,1.13,0,1,-847.52,6.14,0
4,disciplined,74.5,1.55,1.63,1,2,-911.04,7.59,0
4,disciplined,200.1,0.97,0.62,0,3,-1626.4,10.18,0
4,disciplined,52.8,0.84,0.87,1,0,1141.27,8.36,0
4,disciplined,676.9,0.9,1.07,0,1,-682.6,9.45,0
4,disciplined,60.7,1.07,1.19,0,2,-1075.24,11.16,0
4,disciplined,359.1,1.18,1.1,1,3,-1211.79,13.1,0
4,disciplined,13.8,1.13,0.96,0,0,1484.91,10.73,1
4,disciplined,338.8,0.82,0.73,0,1,-1342.91,12.87,0
4,disciplined,9.4,0.99,1.2,0,0,1038.82,11.21,1
4,disciplined,103.4,0.96,0.97,0,1,-1179.58,13.09,0
4,disciplined,414.7,1.01,1.06,0,0,1022.47,11.46,0
4,disciplined,179.1,1.04,1.03,0,0,1456.3,9.14,0
4,disciplined,207.8,1.12,1.07,1,1,-1163.79,11.0,0
4,disciplined,742.0,1.07,0.95,1,0,1286.11,8.95,0
4,disciplined,128.2,1.18,1.11,0,1,-946.92,10.46,0
4,disciplined,246.2,1.07,0.9,1,2,-1227.25,12.41,1
4,disciplined,132.7,0.92,0.86,0,0,1526.26,9.98,0
4,disciplined,41.9,0.91,0.99,0,0,990.53,8.4,0
4,disciplined,1356.5,1.01,1.11,0,0,1304.32,6.32,0
4,disciplined,498.5,0.88,0.87,1,0,1478.38,3.97,0
4,disciplined,637.8,1.16,1.32,0,0,1011.38,2.36,0
4,disciplined,348.8,0.87,0.75,1,0,1312.5,0.26,0
4,disciplined,922.1,0.85,0.99,0,1,-976.59,1.82,0
4,disciplined,26.3,1.08,1.26,1,0,945.82,0.31,0
4,disciplined,215.8,1.18,1.09,1,0,1467.91,0.0,0
4,disciplined,744.2,0.81,0.68,0,1,-1346.86,2.1,0
4,disciplined,49.6,0.99,1.23,0,2,-771.23,3.31,0
4,disciplined,58.9,1.17,1.19,1,3,-1124.97,5.07,0
4,disciplined,267.1,0.99,0.84,0,4,-1032.49,6.68,0
4,disciplined,251.2,0.98,0.99,0,5,-974.83,8.2,0
4,disciplined,110.5,1.07,1.08,0,6,-839.53,9.51,0
4,disciplined,75.3,1.06,0.99,0,0,1596.66,7.02,0
4,disciplined,1266.0,1.16,1.09,0,1,-1258.67,8.98,0
4,disciplined,106.9,1.73,1.49,0,2,-1011.5,10.56,1
4,disciplined,1.0,1.67,0.97,1,3,-1652.42,13.14,1
4,disciplined,240.3,1.06,0.63,0,4,-1379.42,15.3,0
4,disciplined,185.6,0.81,0.76,0,5,-1249.23,17.25,0
4,disciplined,336.4,1.02,1.26,1,0,1075.43,15.57,0
4,disciplined,2129.3,1.06,1.04,0,1,-979.24,17.1,0
4,disciplined,4.4,0.85,0.8,0,2,-892.53,18.49,1
4,disciplined,19.9,1.12,1.32,0,0,1090.2,16.79,0
4,disciplined,11.8,0.84,0.75,1,0,1510.89,14.43,1
4,disciplined,122.0,0.97,1.16,0,0,1200.5,12.56,0
4,disciplined,3.1,1.07,1.1,0,0,1445.02,10.3,1
4,disciplined,80.5,0.95,0.89,0,1,-1060.04,11.96,0
4,disciplined,562.0,0.83,0.87,0,2,-862.46,13.3,0
4,disciplined,12.7,1.12,1.35,0,0,920.72,11.86,1
4,disciplined,182.1,1.05,0.94,0,1,-1155.33,13.67,0
4,disciplined,357.3,1.2,1.14,0,0,1223.47,11.76,0
4,disciplined,38.5,0.82,0.68,1,1,-1146.26,13.55,1
4,disciplined,731.1,1.06,1.29,0,0,1205.97,11.66,0
4,disciplined,625.0,1.03,0.97,0,0,1544.86,9.25,0
4,disciplined,866.0,1.19,1.16,1,1,-1131.02,11.02,0
4,disciplined,104.0,1.0,0.84,0,0,1731.13,8.31,0
4,disciplined,40.7,0.84,0.84,0,1,-915.22,9.74,0
4,disciplined,156.5,1.09,1.31,0,0,973.32,8.22,0
4,disciplined,96.8,0.82,0.75,0,0,1478.69,5.91,0
4,disciplined,103.5,0.87,1.06,0,0,854.31,4.58,0
4,disciplined,77.8,1.77,2.04,0,1,-707.55,5.68,0
4,disciplined,612.1,0.8,0.45,0,0,2341.41,2.03,0
4,disciplined,1849.4,0.89,1.11,0,0,1086.21,0.33,0
4,disciplined,62.3,1.02,1.15,0,0,920.01,0.0,0
4,disciplined,63.4,1.01,1.0,0,1,-1028.69,1.59,0
4,disciplined,132.9,0.9,0.89,0,0,1499.92,0.0,0
4,disciplined,288.6,0.86,0.95,0,0,945.81,0.0,0
4,disciplined,669.8,0.84,0.98,0,0,1262.45,0.0,0
4,disciplined,106.2,0.98,1.17,0,0,1140.43,0.0,0
4,disciplined,649.1,1.13,1.15,0,1,-1132.37,1.65,0
4,disciplined,1116.7,0.96,0.85,0,2,-1055.72,3.19,0
4,disciplined,310.6,1.15,1.2,1,0,1020.85,1.7,0
4,disciplined,1579.7,1.16,1.01,1,0,1201.96,0.0,0
4,disciplined,52.7,0.89,0.76,1,1,-1034.29,1.51,0
4,disciplined,104.1,0.89,1.0,0,2,-720.07,2.56,0
4,disciplined,479.2,0.87,0.97,0,0,1071.11,1.0,0
4,disciplined,1706.0,0.92,1.07,1,0,1278.44,0.0,0
4,disciplined,372.1,1.17,1.27,0,0,942.5,0.0,0
4,disciplined,707.4,1.06,0.9,1,0,1355.26,0.0,0
4,disciplined,17.8,1.71,1.62,0,1,-1051.13,1.47,0
4,disciplined,340.6,1.03,0.6,0,0,1746.66,0.0,0
4,disciplined,82.9,0.83,0.81,0,1,-1095.11,1.52,0
4,disciplined,243.1,1.58,1.91,0,0,902.28,0.27,0
4,disciplined,536.6,1.17,0.74,0,1,-1594.08,2.48,0
4,disciplined,104.8,0.83,0.71,0,0,1394.2,0.54,0
4,disciplined,425.6,0.84,1.01,0,0,851.53,0.0,0
4,disciplined,254.2,0.94,1.11,1,0,900.37,0.0,0
4,disciplined,504.2,1.78,1.9,1,0,1018.0,0.0,0
4,disciplined,338.7,1.15,0.65,1,1,-2014.09,2.7,0
4,disciplined,117.2,0.91,0.79,0,0,1368.22,0.87,0
4,disciplined,1127.3,1.16,1.27,0,0,1153.97,0.0,0
4,disciplined,202.6,1.03,0.89,0,1,-1301.57,1.73,0
4,disciplined,732.2,0.94,0.92,1,0,1073.6,0.3,0
4,disciplined,550.5,0.87,0.92,0,0,1327.53,0.0,0
4,disciplined,989.7,0.94,1.08,0,0,1280.87,0.0,0
4,disciplined,815.0,1.0,1.06,1,1,-915.37,1.18,0
4,disciplined,190.8,0.94,0.94,0,2,-1089.37,2.59,0
4,disciplined,763.3,0.87,0.92,0,0,1337.35,0.86,0
4,disciplined,1706.7,0.95,1.09,0,0,1041.17,0.0,0
4,disciplined,68.5,1.1,1.16,0,1,-1021.79,1.31,1
4,disciplined,2091.0,1.17,1.07,0,2,-1010.84,2.61,0
4,disciplined,17.4,1.59,1.36,0,3,-1013.16,3.91,1
4,disciplined,66.8,0.91,0.57,0,4,-1426.67,5.75,0
4,disciplined,525.8,1.08,1.18,0,5,-881.42,6.88,0
4,disciplined,187.1,1.06,0.98,0,0,1163.66,5.38,0
4,disciplined,303.9,1.1,1.04,1,0,1337.16,3.67,0
4,disciplined,331.2,1.83,1.67,0,0,1192.35,2.13,0
4,disciplined,64.3,1.13,0.61,0,1,-1756.43,4.39,0
4,disciplined,215.2,1.19,1.05,0,2,-1044.14,5.73,0
4,disciplined,109.1,1.02,0.86,0,0,1232.96,4.15,0
4,disciplined,475.5,1.1,1.08,0,0,1148.36,2.67,0
4,disciplined,609.6,0.92,0.84,1,1,-1072.72,4.05,0
4,disciplined,170.8,0.87,0.94,0,2,-975.68,5.31,0
4,disciplined,2709.1,0.95,1.1,0,3,-816.27,6.35,0
5,disciplined,25.3,1.2,1.2,0,0,0.0,0.0,0
5,disciplined,527.5,1.05,0.88,0,1,-1257.7,2.52,0
5,disciplined,7.0,0.83,0.79,0,2,-1158.33,4.83,1
5,disciplined,500.2,1.04,1.26,1,3,-693.36,6.22,0
5,disciplined,202.3,0.82,0.79,0,4,-1058.82,8.34,0
5,disciplined,818.9,1.16,1.4,0,5,-769.77,9.88,0
5,disciplined,177.0,1.13,0.98,0,0,1560.44,6.76,0
5,disciplined,187.5,1.18,1.04,0,0,1581.1,3.59,0
5,disciplined,2290.8,0.98,0.83,0,0,1648.67,0.3,0
5,disciplined,11.2,0.8,0.82,1,1,-808.3,1.91,1
5,disciplined,11.2,1.13,1.41,0,2,-869.05,3.65,1
5,disciplined,158.0,1.13,1.0,0,3,-1306.65,6.26,0
5,disciplined,132.6,0.99,0.87,0,0,1151.6,3.96,0
5,disciplined,277.2,0.88,0.89,0,1,-930.58,5.82,0
5,disciplined,514.6,1.19,1.36,0,2,-819.39,7.46,1
5,disciplined,601.6,0.87,0.73,0,0,1485.31,4.49,0
5,disciplined,362.7,0.9,1.03,0,0,924.35,2.64,0
5,disciplined,486.7,1.09,1.22,0,1,-1012.47,4.67,0
5,disciplined,133.2,1.07,0.98,1,2,-1186.1,7.04,1
5,disciplined,1777.0,1.05,0.98,0,3,-1189.03,9.42,1
5,disciplined,1116.8,0.99,0.94,0,4,-949.95,11.32,0
5,disciplined,788.9,0.96,0.97,1,0,1068.97,9.18,0
5,disciplined,192.4,0.81,0.85,0,1,-936.55,11.05,0
5,disciplined,119.7,1.06,1.31,0,0,1152.08,8.75,1
5,disciplined,31.9,0.95,0.9,0,0,1328.67,6.09,0
5,disciplined,222.5,0.84,0.89,0,1,-978.02,8.05,0
5,disciplined,257.3,1.11,1.31,0,2,-990.25,10.03,0
5,disciplined,437.2,0.95,0.86,0,0,1298.92,7.43,0
5,disciplined,177.8,1.1,1.15,0,1,-1063.66,9.56,0
5,disciplined,199.3,1.1,1.01,0,0,1129.28,7.3,0
5,disciplined,123.8,0.91,0.82,0,1,-1012.85,9.32,0
5,disciplined,282.2,1.17,1.28,0,2,-880.13,11.08,0
5,disciplined,250.9,0.95,0.81,1,3,-1238.84,13.56,0
5,disciplined,165.2,1.09,1.14,0,0,1422.29,10.72,0
5,disciplined,41.7,0.84,0.77,0,1,-943.52,12.6,1
5,disciplined,1270.6,1.01,1.21,0,2,-747.87,14.1,0
5,disciplined,125.1,0.85,0.84,0,3,-980.29,16.06,0
5,disciplined,77.8,1.19,1.4,0,4,-795.47,17.65,0
5,disciplined,40.3,0.8,0.67,0,5,-1177.26,20.01,1
5,disciplined,7.0,1.19,1.48,0,6,-912.1,21.83,1
5,disciplined,375.9,1.98,1.67,0,7,-1033.6,23.9,1
5,disciplined,210.6,0.99,0.5,0,0,2937.36,18.02,0
5,disciplined,387.5,0.88,0.89,1,1,-940.49,19.9,0
5,disciplined,446.8,0.91,1.03,0,0,1068.3,17.77,0
5,disciplined,29.5,0.82,0.91,1,0,1347.44,15.07,1
5,disciplined,586.0,0.87,1.05,0,0,1169.0,12.73,0
5,disciplined,1177.2,0.92,1.06,0,0,1235.63,10.26,0
5,disciplined,400.2,1.17,1.28,0,1,-1061.63,12.39,0
5,disciplined,17.7,1.09,0.93,1,2,-1264.54,14.91,1
5,disciplined,85.7,0.97,0.9,0,0,1422.22,12.07,0
5,disciplined,908.6,0.99,1.02,0,1,-923.54,13.92,0
5,disciplined,490.2,0.97,0.99,0,2,-888.61,15.69,0
5,disciplined,118.4,0.88,0.9,1,0,1404.57,12.89,0
5,disciplined,1397.1,0.92,1.05,1,0,895.96,11.09,0
5,disciplined,228.2,0.83,0.9,1,1,-951.73,13.0,0
5,disciplined,1079.3,1.09,1.32,0,2,-684.91,14.37,0
5,disciplined,473.5,0.98,0.9,0,0,1267.97,11.83,0
5,disciplined,33.5,1.12,1.14,1,1,-995.27,13.82,1
5,disciplined,390.7,0.96,0.86,0,0,1465.55,10.89,0
5,disciplined,388.6,0.91,0.95,0,0,1188.19,8.51,0
5,disciplined,22.3,1.18,1.29,1,0,1093.17,6.33,1
5,disciplined,156.3,0.97,0.83,0,1,-1242.35,8.81,0
5,disciplined,821.9,1.15,1.18,1,0,1268.76,6.27,0
5,disciplined,299.6,0.93,0.81,0,0,1533.69,3.21,0
5,disciplined,534.0,1.12,1.2,0,1,-890.92,4.99,0
5,disciplined,173.8,0.96,0.86,0,0,1620.51,1.75,0
5,disciplined,505.8,0.86,0.89,0,0,1329.0,0.0,0
5,disciplined,80.5,0.87,1.01,0,0,1144.08,0.0,0
5,disciplined,655.7,0.82,0.95,0,0,934.95,0.0,0
5,disciplined,215.0,1.58,1.92,0,1,-862.41,1.64,0
5,disciplined,219.3,1.08,0.69,0,2,-1346.88,4.21,0
5,disciplined,1615.9,1.09,1.01,0,0,1516.15,1.32,0
5,disciplined,868.2,1.07,0.98,1,1,-1087.41,3.39,0
5,disciplined,51.1,0.8,0.75,0,2,-1014.18,5.32,0
5,disciplined,288.7,0.98,1.21,1,3,-849.72,6.94,0
5,disciplined,2.3,1.13,1.15,0,4,-954.47,8.75,1
5,disciplined,436.9,1.13,1.01,1,5,-1299.29,11.23,0
5,disciplined,561.2,1.2,1.05,1,6,-1293.58,13.69,0
5,disciplined,190.0,0.85,0.71,0,0,1333.14,11.15,0
5,disciplined,9.8,1.1,1.28,0,1,-751.68,12.58,1
5,disciplined,608.6,1.17,1.07,1,2,-920.93,14.34,0
5,disciplined,236.4,1.05,0.89,1,3,-1325.35,16.86,0
5,disciplined,1983.3,1.09,1.04,0,4,-860.79,18.5,0
5,disciplined,1076.9,0.92,0.85,0,0,1485.38,15.67,0
5,disciplined,148.5,0.93,1.01,0,1,-744.16,17.09,0
5,disciplined,1848.9,1.02,1.1,0,0,1095.99,15.0,0
5,disciplined,432.8,0.97,0.94,1,0,1110.76,12.89,0
5,disciplined,908.6,1.07,1.1,0,0,1019.54,10.95,0
5,disciplined,679.5,1.02,0.96,0,0,1258.31,8.55,0
5,disciplined,274.7,1.15,1.12,1,0,1051.08,6.55,0
5,disciplined,458.7,0.96,0.83,0,1,-1261.18,8.95,0
5,disciplined,145.8,1.04,1.08,0,0,1013.36,7.02,0
5,disciplined,82.5,1.04,1.0,0,0,1149.06,4.83,0
5,disciplined,923.8,0.96,0.92,0,1,-1202.14,7.12,0
5,disciplined,141.7,0.83,0.86,0,0,1151.32,4.93,0
5,disciplined,476.9,1.12,1.35,1,1,-763.16,6.38,0
5,disciplined,12.4,1.18,1.05,0,2,-1141.97,8.56,0
5,disciplined,779.2,0.87,0.74,0,3,-1024.85,10.51,0
5,disciplined,240.6,0.85,0.98,0,0,1049.39,8.51,0
5,disciplined,596.1,1.16,1.36,0,1,-970.35,10.36,0
5,disciplined,16.6,1.07,0.92,0,2,-1343.63,12.91,1
5,disciplined,1149.4,1.02,0.96,0,3,-1071.94,14.96,0
5,disciplined,1147.4,1.19,1.16,0,0,1124.92,12.81,0
5,disciplined,38.5,1.02,0.86,0,0,1577.31,9.81,0
5,disciplined,36.6,1.18,1.15,0,0,1461.2,7.03,0
5,disciplined,1189.0,1.07,0.9,1,0,1351.63,4.46,0
5,disciplined,597.5,0.87,0.82,0,0,1085.47,2.39,0
5,disciplined,547.8,0.91,1.04,0,1,-1011.23,4.32,0
5,disciplined,723.7,1.07,1.18,0,2,-746.57,5.74,0
5,disciplined,221.6,0.98,0.92,1,3,-1064.78,7.76,0
5,disciplined,428.0,0.81,0.83,1,4,-1012.78,9.69,0
5,disciplined,123.6,0.85,1.05,1,0,964.41,7.86,0
5,disciplined,197.0,1.71,2.01,0,0,974.9,6.0,0
5,disciplined,93.6,0.98,0.57,0,1,-2004.3,9.82,0
5,disciplined,874.1,1.09,1.12,0,2,-865.39,11.46,0
5,disciplined,288.6,0.8,0.74,1,0,1534.1,8.54,0
5,disciplined,109.0,0.84,1.05,1,0,885.16,6.86,0
5,disciplined,266.8,1.08,1.28,1,0,1169.29,4.63,0
5,disciplined,42.8,0.86,0.8,1,0,1504.67,1.77,0
5,disciplined,346.1,1.06,1.23,0,0,1128.78,0.0,0
5,disciplined,703.4,0.83,0.79,0,0,1411.35,0.0,0
5,disciplined,376.8,1.06,1.27,0,0,988.61,0.0,0
5,disciplined,257.8,1.05,0.99,0,1,-1139.6,2.07,0
5,disciplined,530.6,1.18,1.12,1,2,-851.22,3.61,0
5,disciplined,138.6,1.19,1.01,0,3,-1003.24,5.43,0
5,disciplined,129.4,0.87,0.73,0,0,1662.17,2.42,0
5,disciplined,789.6,1.01,1.16,1,0,1001.58,0.6,0
5,disciplined,79.8,0.89,0.88,0,0,1491.31,0.0,0
5,disciplined,358.8,0.84,0.95,0,0,1248.15,0.0,0
5,disciplined,495.3,1.03,1.23,0,1,-947.44,1.65,0
5,disciplined,205.8,0.85,0.82,0,2,-956.77,3.31,0
5,disciplined,1021.7,1.19,1.4,0,3,-867.05,4.82,0
5,disciplined,352.3,0.99,0.83,0,0,1553.52,2.12,0
5,disciplined,884.2,1.15,1.17,1,0,1395.19,0.0,0
5,disciplined,49.8,0.9,0.78,0,0,1349.91,0.0,0
5,disciplined,248.9,1.04,1.16,0,1,-798.74,1.35,0
5,disciplined,832.6,1.11,1.07,1,2,-898.92,2.87,0
5,disciplined,369.0,0.92,0.83,0,3,-940.76,4.47,0
5,disciplined,5.2,1.11,1.2,0,4,-949.44,6.07,1
5,disciplined,672.5,1.09,0.98,0,5,-926.74,7.64,0
5,disciplined,198.2,1.1,1.01,1,0,1214.78,5.59,0
5,disciplined,201.3,1.06,0.96,1,0,1205.29,3.55,0
5,disciplined,92.1,0.8,0.75,0,0,1549.69,0.92,0
5,disciplined,320.0,1.12,1.4,0,1,-755.92,2.2,0
5,disciplined,129.6,0.94,0.83,1,2,-1009.03,3.91,0
5,disciplined,402.3,0.81,0.87,0,0,1342.27,1.64,0
5,disciplined,13.9,0.86,1.06,0,0,822.88,0.24,0
5,disciplined,224.1,1.05,1.22,0,0,922.05,0.0,0
5,disciplined,14.6,0.89,0.85,0,0,1542.04,0.0,0
5,disciplined,211.1,0.87,0.98,1,0,1060.65,0.0,0
6,disciplined,385.3,0.87,0.87,0,0,0.0,0.0,0
6,disciplined,683.0,1.02,1.18,0,1,-875.38,1.75,0
6,disciplined,921.6,0.91,0.89,0,0,1500.38,0.0,0
6,disciplined,170.2,1.7,1.87,0,1,-890.3,1.76,0
6,disciplined,95.7,0.86,0.5,0,0,2438.64,0.0,0
6,disciplined,467.8,0.92,1.07,0,1,-735.32,1.41,0
6,disciplined,761.6,0.91,0.99,0,2,-775.57,2.9,0
6,disciplined,1038.5,0.84,0.92,0,3,-787.63,4.41,0
6,disciplined,2578.3,1.18,1.4,0,4,-691.35,5.73,0
6,disciplined,46.8,1.04,0.88,0,5,-1022.77,7.69,0
6,disciplined,4.0,0.95,0.92,0,0,1359.96,5.08,0
6,disciplined,636.5,1.15,1.21,0,1,-832.84,6.68,0
6,disciplined,596.5,1.14,1.0,0,2,-1070.61,8.73,0
6,disciplined,487.6,0.91,0.79,0,3,-950.81,10.56,0
6,disciplined,399.6,1.18,1.31,0,4,-1070.07,12.61,0
6,disciplined,1195.0,1.95,1.65,1,5,-1399.46,15.29,1
6,disciplined,488.0,0.87,0.44,0,6,-2073.94,19.26,0
6,disciplined,854.2,0.88,1.01,0,0,1047.45,17.26,0
6,disciplined,285.2,0.99,1.13,0,0,1224.85,14.91,0
6,disciplined,565.5,0.95,0.96,1,1,-960.46,16.75,0
6,disciplined,1172.6,1.15,1.21,0,0,1244.57,14.36,0
6,disciplined,306.1,1.16,1.01,0,1,-1048.24,16.37,0
6,disciplined,101.6,1.17,1.01,1,2,-1310.61,18.88,0
6,disciplined,278.2,1.16,0.99,1,3,-1236.03,21.25,0
6,disciplined,121.3,1.04,0.9,0,0,1485.11,18.41,0
6,disciplined,1077.8,0.81,0.77,1,0,1264.79,15.98,0
6,disciplined,317.9,0.94,1.16,0,0,1066.91,13.94,0
6,disciplined,16.9,0.83,0.88,0,1,-793.02,15.46,1
6,disciplined,40.8,0.92,1.11,0,2,-861.43,17.11,1
6,disciplined,345.7,0.94,1.02,0,3,-742.27,18.53,0
6,disciplined,655.3,0.9,0.96,0,4,-778.42,20.02,0
6,disciplined,162.4,1.13,1.26,0,0,923.04,18.25,0
6,disciplined,744.8,0.84,0.75,0,1,-1046.45,20.26,0
6,disciplined,1288.8,1.19,1.41,0,0,1247.86,17.87,0
6,disciplined,113.1,1.18,0.99,0,0,1545.21,14.91,0
6,disciplined,400.6,1.17,0.99,0,1,-1122.24,17.06,0
6,disciplined,673.5,0.81,0.69,0,2,-1160.83,19.28,0
6,disciplined,502.3,0.81,1.0,1,0,1000.37,17.37,0
6,disciplined,957.6,1.04,1.28,0,0,978.79,15.49,0
6,disciplined,376.6,0.96,0.93,0,1,-925.26,17.26,0
6,disciplined,185.5,1.0,1.04,1,0,1116.58,15.12,0
6,disciplined,87.2,1.1,1.1,0,0,1285.48,12.66,0
6,disciplined,1037.0,1.14,1.03,1,1,-1286.61,15.13,0
6,disciplined,646.8,0.93,0.82,0,0,1629.76,12.0,0
6,disciplined,78.6,1.19,1.27,1,0,1316.89,9.48,0
6,disciplined,494.9,1.12,0.94,0,1,-971.97,11.34,0
6,disciplined,232.3,1.08,0.97,0,2,-1089.78,13.43,0
6,disciplined,257.4,0.96,0.89,0,0,1494.01,10.57,0
6,disciplined,219.6,0.81,0.84,0,1,-955.4,12.4,0
6,disciplined,798.3,1.13,1.38,0,2,-787.64,13.91,0
6,disciplined,104.4,1.05,0.93,0,3,-907.11,15.65,0
6,disciplined,102.2,1.09,1.04,0,4,-1017.02,17.59,0
6,disciplined,85.6,1.03,0.95,0,5,-996.73,19.5,0
6,disciplined,4.2,1.14,1.1,0,6,-939.08,21.3,1
6,disciplined,496.8,0.89,0.78,1,0,1341.36,18.73,0
6,disciplined,262.7,0.93,1.05,0,1,-801.89,20.27,0
6,disciplined,373.8,1.04,1.11,0,2,-1082.52,22.35,0
6,disciplined,312.9,1.71,1.65,1,3,-1066.19,24.39,0
6,disciplined,621.5,1.08,0.63,0,4,-1532.1,27.33,0
6,disciplined,554.0,1.04,0.96,0,5,-998.49,29.24,0
6,disciplined,2394.9,1.16,1.12,0,6,-966.83,31.09,0
6,disciplined,921.2,0.85,0.73,0,0,1483.25,28.25,0
6,disciplined,332.3,0.86,1.01,0,0,896.09,26.53,0
6,disciplined,791.8,1.1,1.28,1,0,926.01,24.76,0
6,disciplined,1689.7,1.2,1.09,1,0,1317.33,22.23,0
6,disciplined,195.1,1.89,1.57,1,1,-1074.81,24.29,1
6,disciplined,119.3,0.98,0.52,0,2,-1611.57,27.38,0
6,disciplined,28.2,0.9,0.91,0,0,1411.23,24.68,1
6,disciplined,38.5,0.83,0.92,0,1,-871.06,26.35,1
6,disciplined,73.2,0.95,1.15,1,2,-883.96,28.04,0
6,disciplined,236.2,0.83,0.88,0,3,-1107.82,30.16,0
6,disciplined,173.0,1.16,1.39,0,4,-744.38,31.59,0
6,disciplined,866.5,1.09,0.94,0,0,1681.65,28.37,0
6,disciplined,53.7,1.18,1.08,1,0,1441.64,25.6,0
6,disciplined,227.5,0.83,0.7,0,0,1561.95,22.61,0
6,disciplined,594.5,1.01,1.22,0,1,-887.39,24.31,0
6,disciplined,305.7,1.16,1.15,1,0,1059.23,22.28,0
6,disciplined,404.2,0.93,0.8,0,0,1550.97,19.31,0
6,disciplined,29.4,1.16,1.25,0,0,1187.85,17.03,1
6,disciplined,2.7,1.15,0.99,1,0,1326.99,14.49,0
6,disciplined,21.5,0.83,0.72,0,1,-1031.02,16.46,1
6,disciplined,18.9,1.1,1.32,0,0,1031.4,14.49,1
6,disciplined,887.5,0.89,0.81,1,0,1126.62,12.33,0
6,disciplined,211.9,0.83,0.93,1,1,-1042.67,14.33,0
6,disciplined,137.5,1.13,1.36,1,2,-793.6,15.85,0
6,disciplined,238.4,1.05,0.93,0,0,1363.43,13.23,0
6,disciplined,515.1,0.85,0.8,0,1,-1098.37,15.34,0
6,disciplined,353.2,0.9,1.06,1,0,1174.09,13.09,0
6,disciplined,135.3,0.82,0.91,0,0,1248.03,10.7,0
6,disciplined,686.2,1.14,1.39,0,1,-926.42,12.47,0
6,disciplined,54.6,0.86,0.76,0,0,1631.53,9.35,0
6,disciplined,263.2,0.94,1.09,0,0,1176.25,7.09,0
6,disciplined,329.8,0.88,0.94,0,1,-1026.66,9.06,0
6,disciplined,636.8,1.05,1.2,0,0,961.81,7.22,0
6,disciplined,185.5,1.06,1.01,0,0,1325.86,4.67,0
6,disciplined,922.3,0.86,0.81,0,0,1071.65,2.62,0
6,disciplined,85.3,0.89,1.03,1,0,904.18,0.89,0
6,disciplined,91.1,0.98,1.1,0,1,-911.4,2.63,0
6,disciplined,5.1,0.92,0.94,0,0,1054.78,0.61,0
6,disciplined,56.8,0.95,1.04,0,1,-739.55,2.03,0
6,disciplined,105.2,1.06,1.11,0,2,-770.47,3.51,0
6,disciplined,506.3,0.91,0.86,1,0,1119.42,1.36,0
6,disciplined,434.9,1.05,1.15,0,1,-1016.69,3.31,0
6,disciplined,436.6,1.11,1.06,0,2,-953.09,5.14,0
6,disciplined,14.6,1.1,1.0,0,3,-1278.96,7.59,1
6,disciplined,5.4,0.95,0.86,1,0,1619.86,4.48,0
6,disciplined,55.0,0.93,0.99,0,1,-774.42,5.97,0
6,disciplined,100.3,1.2,1.28,0,2,-1051.82,7.98,1
6,disciplined,276.0,1.78,1.49,0,3,-1230.47,10.34,0
6,disciplined,30.6,0.99,0.56,0,4,-1938.0,14.06,1
6,disciplined,216.7,1.05,1.05,1,0,1039.86,12.06,0
6,disciplined,14.1,0.87,0.83,0,1,-1142.39,14.25,1
6,disciplined,845.3,0.88,1.02,1,2,-749.91,15.69,0
6,disciplined,772.6,0.83,0.94,1,3,-734.37,17.1,0
6,disciplined,156.6,1.03,1.24,0,4,-825.37,18.68,0
6,disciplined,71.8,1.04,1.01,0,0,1355.71,16.08,0
6,disciplined,80.5,1.99,1.91,0,0,1345.85,13.5,1
6,disciplined,893.5,0.87,0.44,0,1,-1972.04,17.28,0
6,disciplined,552.1,0.81,0.93,0,0,971.09,15.42,0
6,disciplined,699.9,0.85,1.05,0,0,920.86,13.66,0
6,disciplined,469.3,0.91,1.07,0,0,1110.29,11.53,0
6,disciplined,186.0,1.07,1.18,0,1,-765.87,12.99,0
6,disciplined,526.3,1.18,1.1,1,0,1523.15,10.08,0
6,disciplined,50.2,1.1,0.93,0,1,-1289.96,12.55,0
6,disciplined,51.9,0.84,0.77,0,0,1226.76,10.2,0
6,disciplined,932.0,0.8,0.95,0,0,1077.6,8.13,0
6,disciplined,22.5,0.98,1.22,1,1,-646.01,9.37,0
6,disciplined,3547.3,0.98,1.0,0,2,-783.69,10.87,0
6,disciplined,1822.8,1.01,1.03,0,3,-910.31,12.62,0
6,disciplined,649.9,1.05,1.04,0,4,-856.78,14.26,0
6,disciplined,663.6,0.94,0.89,1,5,-1166.91,16.5,0
6,disciplined,326.2,0.83,0.88,0,6,-818.31,18.06,0
6,disciplined,147.6,0.97,1.18,0,7,-773.71,19.55,0
6,disciplined,2.1,1.13,1.16,0,0,1199.69,17.25,1
6,disciplined,133.2,1.52,1.34,0,0,1450.4,14.47,0
6,disciplined,511.7,1.05,0.7,0,1,-1403.12,17.16,0
6,disciplined,1184.3,0.85,0.81,0,2,-1135.09,19.33,0
6,disciplined,1094.3,1.17,1.37,0,0,986.21,17.44,0
6,disciplined,39.4,1.02,0.88,0,0,1439.8,14.68,1
6,disciplined,0.5,1.08,1.06,0,0,1332.7,12.13,1
6,disciplined,67.3,0.8,0.74,1,1,-964.86,13.98,0
6,disciplined,517.3,0.81,1.0,1,0,1148.51,11.78,1
6,disciplined,92.8,1.09,1.35,1,0,973.45,9.91,0
6,disciplined,555.9,0.92,0.85,0,0,1104.25,7.79,0
6,disciplined,291.2,0.83,0.9,0,0,985.12,5.91,0
6,disciplined,101.6,0.82,0.99,0,0,918.11,4.15,0
6,disciplined,12.6,1.17,1.42,0,0,852.52,2.51,0
6,disciplined,670.6,1.18,1.01,0,1,-1344.84,5.09,0
6,disciplined,1120.6,1.15,0.98,1,2,-1160.75,7.31,0
6,disciplined,7.0,1.54,1.34,0,3,-1234.29,9.68,1
7,disciplined,969.2,0.98,0.98,0,0,0.0,0.0,0
7,disciplined,1121.5,1.12,1.14,1,0,1302.14,0.0,0
7,disciplined,379.7,0.88,0.79,0,0,1407.78,0.0,0
7,disciplined,798.7,0.81,0.92,0,1,-776.7,1.47,0
7,disciplined,142.5,0.97,1.2,0,0,1073.54,0.0,0
7,disciplined,507.3,0.85,0.87,0,1,-1166.21,2.2,0
7,disciplined,100.0,0.86,1.02,0,2,-951.35,3.99,0
7,disciplined,296.9,1.03,1.19,0,0,1186.2,1.76,0
7,disciplined,84.2,1.01,0.98,0,0,1073.49,0.0,0
7,disciplined,125.9,1.14,1.13,0,0,1418.14,0.0,0
7,disciplined,725.5,1.09,0.96,1,1,-1359.4,2.49,1
7,disciplined,197.7,0.81,0.74,0,2,-896.85,4.13,0
7,disciplined,783.9,1.09,1.35,0,0,1034.5,2.24,0
7,disciplined,47.0,0.85,0.78,0,0,1264.76,0.0,0
7,disciplined,1786.5,1.77,2.09,0,0,866.09,0.0,0
7,disciplined,306.1,1.09,0.62,0,1,-2089.83,3.77,0
7,disciplined,144.2,0.93,0.85,0,2,-1097.75,5.75,0
7,disciplined,21.1,1.04,1.11,0,0,1311.64,3.38,0
7,disciplined,372.4,0.92,0.89,1,0,1440.71,0.78,0
7,disciplined,1647.9,0.82,0.9,0,0,1174.05,0.0,0
7,disciplined,41.4,1.19,1.45,0,1,-848.94,1.51,0
7,disciplined,163.7,0.97,0.81,1,2,-1311.47,3.84,0
7,disciplined,704.4,1.53,1.58,0,0,1208.92,1.69,0
7,disciplined,138.0,1.77,1.16,0,0,1769.86,0.0,0
7,disciplined,381.0,1.01,0.57,0,1,-1934.5,3.39,0
7,disciplined,740.3,1.07,1.06,0,2,-996.71,5.14,0
7,disciplined,78.6,0.93,0.87,0,0,1482.3,2.54,0
7,disciplined,115.6,0.93,1.0,0,1,-853.2,4.04,0
7,disciplined,200.7,1.14,1.23,0,2,-1012.52,5.81,0
7,disciplined,33.4,1.16,1.02,0,0,1409.11,3.34,0
7,disciplined,990.9,1.02,0.88,0,1,-1012.96,5.12,0
7,disciplined,381.9,1.01,0.98,0,2,-1145.51,7.13,0
7,disciplined,8.7,1.6,1.59,0,0,1166.04,5.08,0
7,disciplined,23.4,1.06,0.66,1,1,-1841.81,8.31,0
7,disciplined,725.7,0.86,0.81,0,0,1360.31,5.93,0
7,disciplined,378.3,1.13,1.31,1,0,1070.59,4.05,0
7,disciplined,1127.7,0.85,0.75,0,0,1512.58,1.4,0
7,disciplined,417.6,0.98,1.16,1,0,1081.54,0.0,0
7,disciplined,206.6,0.86,0.88,0,1,-976.19,1.7,0
7,disciplined,653.0,0.86,0.99,0,2,-1004.15,3.45,0
7,disciplined,127.9,0.9,1.05,0,3,-813.92,4.87,0
7,disciplined,142.2,0.93,1.03,0,0,973.76,3.18,0
7,disciplined,452.3,0.89,0.96,0,0,947.88,1.52,0
7,disciplined,796.7,0.99,1.11,0,0,907.65,0.0,0
7,disciplined,288.5,1.98,1.99,0,1,-1029.85,1.8,0
7,disciplined,635.2,1.1,0.56,0,0,2176.81,0.0,0
7,disciplined,222.0,1.12,1.02,0,0,1499.32,0.0,0
7,disciplined,102.3,0.84,0.75,0,1,-1272.74,2.12,0
7,disciplined,159.5,0.92,1.1,0,2,-677.42,3.25,0
7,disciplined,997.1,1.54,1.67,0,0,1264.48,1.14,0
7,disciplined,54.8,1.19,0.77,0,0,1796.02,0.0,0
7,disciplined,423.0,1.01,0.85,0,1,-1158.27,1.9,0
7,disciplined,54.0,1.04,1.03,0,0,1013.54,0.24,0
7,disciplined,340.6,1.08,1.04,1,1,-1011.35,1.89,0
7,disciplined,404.2,1.19,1.1,0,2,-982.94,3.5,0
7,disciplined,372.6,1.14,0.96,1,0,1669.74,0.77,0
7,disciplined,279.0,0.82,0.72,0,1,-1242.15,2.8,0
7,disciplined,209.2,1.17,1.43,0,0,1227.82,0.79,0
7,disciplined,60.4,1.17,0.99,0,1,-1186.88,2.73,0
7,disciplined,680.8,1.1,0.95,0,2,-1037.52,4.43,0
7,disciplined,132.5,0.94,0.85,0,3,-1032.1,6.12,0
7,disciplined,405.5,1.12,1.2,0,4,-861.54,7.53,0
7,disciplined,145.8,1.04,0.92,0,5,-1153.64,9.42,0
7,disciplined,189.5,0.86,0.83,0,0,1309.25,7.28,0
7,disciplined,254.2,1.05,1.22,1,1,-837.59,8.65,0
7,disciplined,223.5,0.97,0.92,0,0,1276.16,6.56,0
7,disciplined,6.9,1.97,2.04,0,1,-826.4,7.91,0
7,disciplined,173.0,1.13,0.57,1,0,2906.62,3.15,0
7,disciplined,967.5,0.94,0.83,0,1,-1305.72,5.29,0
7,disciplined,377.8,0.89,0.94,0,0,1282.79,3.19,0
7,disciplined,300.4,0.89,1.0,0,0,1002.76,1.55,0
7,disciplined,496.3,0.87,0.98,0,0,914.93,0.05,0
7,disciplined,45.8,1.11,1.28,0,0,945.06,0.0,0
7,disciplined,49.0,1.08,0.97,1,0,1419.77,0.0,0
7,disciplined,109.1,0.92,0.85,0,1,-1005.93,1.59,0
7,disciplined,558.9,1.04,1.13,0,0,1187.63,0.0,0
7,disciplined,155.9,1.02,0.98,1,0,1370.08,0.0,0
7,disciplined,557.4,0.81,0.79,0,1,-966.04,1.49,0
7,disciplined,68.7,1.08,1.34,0,0,880.26,0.13,0
7,disciplined,691.5,0.94,0.87,0,1,-929.15,1.56,0
7,disciplined,373.6,1.92,2.04,0,0,1038.46,0.0,0
7,disciplined,897.3,0.84,0.44,0,1,-1541.46,2.37,0
7,disciplined,48.6,0.87,1.04,1,2,-679.72,3.42,0
7,disciplined,203.8,1.16,1.33,0,0,1054.13,1.79,0
7,disciplined,97.3,0.9,0.77,0,1,-1026.66,3.37,0
7,disciplined,67.7,0.86,0.96,0,2,-1075.45,5.03,0
7,disciplined,47.0,1.14,1.33,0,0,1036.33,3.43,0
7,disciplined,8.3,0.92,0.81,0,0,1281.49,1.46,0
7,disciplined,51.3,0.9,0.98,0,1,-1029.58,3.05,0
7,disciplined,22.6,0.99,1.09,1,2,-761.02,4.22,1
7,disciplined,24.2,1.17,1.18,1,3,-825.09,5.49,1
7,disciplined,226.3,1.0,0.86,1,4,-1327.47,7.53,0
7,disciplined,680.3,1.17,1.17,0,0,1055.3,5.9,0
7,disciplined,96.9,1.19,1.01,0,1,-1034.41,7.5,0
7,disciplined,99.4,0.86,0.72,0,0,1239.69,5.59,0
7,disciplined,527.0,1.02,1.18,1,1,-938.78,7.03,0
7,disciplined,1087.3,0.87,0.85,0,0,1352.23,4.95,0
7,disciplined,140.8,1.01,1.16,0,0,1287.53,2.97,0
7,disciplined,313.4,0.81,0.8,0,1,-856.26,4.29,0
7,disciplined,259.5,0.88,1.08,0,0,1188.77,2.46,0
7,disciplined,687.8,1.12,1.28,0,1,-861.24,3.79,0
7,disciplined,213.4,0.95,0.84,0,0,1643.37,1.26,0
7,disciplined,583.8,1.17,1.23,0,1,-1075.7,2.91,0
7,disciplined,8.7,1.03,0.88,0,2,-1137.47,4.66,1
7,disciplined,100.8,1.69,1.63,1,3,-1028.27,6.24,0
7,disciplined,22.0,0.99,0.59,1,4,-1381.84,8.37,1
7,disciplined,343.7,0.85,0.87,0,5,-1009.69,9.92,0
7,disciplined,150.7,1.01,1.19,0,6,-705.34,11.01,0
7,disciplined,4.7,1.17,1.15,0,0,1091.3,9.33,0
7,disciplined,34.5,0.97,0.83,0,1,-1014.69,10.89,1
7,disciplined,103.9,1.0,1.03,0,0,1033.87,9.3,0
7,disciplined,361.6,0.92,0.92,0,0,1306.24,7.29,0
7,disciplined,307.8,0.93,1.01,0,1,-933.74,8.73,0
7,disciplined,681.2,1.14,1.22,0,2,-951.64,10.19,0
7,disciplined,987.5,1.03,0.91,0,0,1661.82,7.63,0
7,disciplined,4.7,0.99,0.96,0,1,-1172.16,9.44,0
7,disciplined,61.1,0.98,0.99,0,2,-1090.46,11.11,0
7,disciplined,581.1,0.94,0.96,0,0,1297.65,9.12,0
7,disciplined,173.2,0.98,1.04,0,1,-1056.41,10.74,0
7,disciplined,557.3,0.93,0.95,0,0,1044.5,9.14,0
7,disciplined,412.9,0.84,0.9,0,1,-894.54,10.51,0
7,disciplined,394.4,0.95,1.14,0,0,1073.56,8.86,0
7,disciplined,297.1,0.98,1.03,0,0,953.35,7.39,0
7,disciplined,151.8,0.92,0.94,0,0,1019.82,5.83,0
7,disciplined,331.2,1.07,1.16,0,1,-962.61,7.31,0
7,disciplined,766.3,0.95,0.89,0,0,1134.04,5.56,0
7,disciplined,25.8,0.87,0.91,0,1,-847.31,6.87,0
7,disciplined,179.3,0.95,1.1,0,2,-733.49,7.99,0
7,disciplined,223.0,1.1,1.15,0,0,992.65,6.47,0
7,disciplined,588.9,0.81,0.73,0,1,-1227.56,8.36,0
7,disciplined,301.7,0.87,1.08,1,2,-871.26,9.7,0
7,disciplined,98.7,1.08,1.24,0,0,1297.93,7.7,0
7,disciplined,15.6,0.99,0.91,0,0,1390.75,5.56,0
7,disciplined,396.1,1.15,1.16,0,1,-1074.58,7.21,0
7,disciplined,278.2,1.19,1.04,0,2,-1177.24,9.02,0
7,disciplined,66.3,1.07,0.9,0,3,-1272.57,10.98,0
7,disciplined,479.4,1.06,0.99,0,0,1409.19,8.81,0
7,disciplined,454.6,1.05,0.99,0,0,1386.79,6.68,0
7,disciplined,236.7,1.0,0.95,0,1,-906.68,8.07,0
7,disciplined,1039.1,0.8,0.81,0,2,-1138.22,9.83,0
7,disciplined,46.0,0.99,1.23,1,3,-796.03,11.05,1
7,disciplined,62.0,1.01,1.02,0,4,-1186.58,12.87,0
7,disciplined,172.5,0.95,0.95,0,0,1419.5,10.69,1
7,disciplined,781.4,0.9,0.94,1,0,1360.28,8.6,0
7,disciplined,712.8,1.16,1.29,0,0,1144.52,6.84,0
7,disciplined,758.3,1.15,0.99,0,1,-934.64,8.28,0
7,disciplined,8.1,1.08,0.94,1,0,1702.9,5.66,0
7,disciplined,23.0,1.09,1.01,1,0,1274.21,3.7,0
7,disciplined,327.8,0.92,0.85,0,0,1289.49,1.71,0
7,disciplined,545.6,1.17,1.26,1,1,-1095.82,3.4,0
8,disciplined,16.4,1.09,1.09,0,0,0.0,0.0,0
8,disciplined,219.6,0.88,0.81,0,1,-980.99,1.96,0
8,disciplined,67.0,1.08,1.23,0,0,984.77,0.0,0
8,disciplined,45.6,1.12,1.04,0,1,-1173.56,2.35,0
8,disciplined,336.7,1.08,0.97,0,0,1400.16,0.0,0
8,disciplined,306.7,1.11,1.02,1,0,1308.87,0.0,0
8,disciplined,279.0,1.0,0.91,0,0,1567.34,0.0,0
8,disciplined,51.6,0.88,0.88,0,0,1128.15,0.0,0
8,disciplined,1071.5,0.85,0.96,0,1,-736.77,1.36,0
8,disciplined,625.9,0.97,1.14,0,2,-808.9,2.85,0
8,disciplined,296.4,0.9,0.93,0,3,-1142.79,4.96,0
8,disciplined,120.2,1.2,1.32,0,0,1262.42,2.63,0
8,disciplined,247.2,0.9,0.75,0,1,-1211.24,4.86,0
8,disciplined,300.2,0.81,0.9,0,2,-787.61,6.31,0
8,disciplined,475.7,0.95,1.18,0,3,-912.95,8.0,0
8,disciplined,172.4,1.01,1.06,0,4,-816.98,9.5,0
8,disciplined,621.7,0.92,0.91,0,5,-849.46,11.07,0
8,disciplined,467.3,1.12,1.22,0,6,-828.76,12.6,0
8,disciplined,9.1,1.2,1.07,0,7,-1280.56,14.96,1
8,disciplined,1144.5,0.97,0.81,1,0,1765.79,11.7,0
8,disciplined,595.1,0.87,0.9,0,0,1052.76,9.76,0
8,disciplined,96.1,1.13,1.29,0,1,-989.27,11.59,0
8,disciplined,1373.5,0.97,0.86,0,0,1678.78,8.49,0
8,disciplined,207.2,1.73,1.78,0,0,979.5,6.69,0
8,disciplined,741.0,0.99,0.57,0,1,-1802.72,10.01,0
8,disciplined,443.5,0.83,0.84,0,0,1420.85,7.39,0
8,disciplined,775.0,0.87,1.04,0,0,1054.8,5.45,0
8,disciplined,82.1,1.14,1.31,1,1,-940.51,7.18,0
8,disciplined,785.3,0.81,0.72,0,2,-1345.31,9.66,0
8,disciplined,459.9,0.87,1.07,0,3,-769.5,11.08,0
8,disciplined,476.0,1.19,1.37,1,0,1001.65,9.23,0
8,disciplined,114.0,0.92,0.78,0,0,1694.96,6.11,0
8,disciplined,541.4,0.91,0.98,0,0,988.27,4.28,0
8,disciplined,233.9,0.96,1.06,0,1,-1033.98,6.19,0
8,disciplined,257.4,1.0,1.04,0,0,1284.77,3.82,0
8,disciplined,744.6,1.14,1.14,0,1,-863.17,5.41,0
8,disciplined,603.3,0.97,0.85,1,2,-1222.74,7.67,0
8,disciplined,63.8,0.94,0.97,0,3,-824.61,9.19,0
8,disciplined,74.9,0.92,0.98,0,4,-829.17,10.72,0
8,disciplined,302.4,0.86,0.94,1,0,1253.73,8.41,0
8,disciplined,120.1,1.19,1.38,1,0,1225.15,6.15,0
8,disciplined,422.6,1.05,0.88,0,0,1251.88,3.84,0
8,disciplined,20.3,1.15,1.1,0,1,-895.63,5.49,0
8,disciplined,88.2,1.18,1.03,1,0,1686.88,2.38,0
8,disciplined,50.2,0.92,0.78,1,0,1359.82,0.0,0
8,disciplined,747.7,0.96,1.04,1,1,-877.77,1.62,0
8,disciplined,234.8,1.09,1.13,0,2,-873.33,3.22,0
8,disciplined,305.2,1.67,1.54,0,0,1460.2,0.54,0
8,disciplined,583.1,0.83,0.49,0,1,-1871.36,3.98,0
8,disciplined,186.4,1.1,1.34,0,2,-837.26,5.52,0
8,disciplined,41.1,0.97,0.88,0,0,1122.05,3.46,0
8,disciplined,387.6,1.2,1.23,1,0,1176.74,1.29,0
8,disciplined,194.3,0.86,0.72,0,0,1770.99,0.0,0
8,disciplined,31.1,1.05,1.22,0,0,881.68,0.0,0
8,disciplined,23.4,0.9,0.86,0,1,-1143.17,2.03,0
8,disciplined,120.9,0.84,0.94,0,2,-923.26,3.67,0
8,disciplined,232.3,0.92,1.09,0,0,1110.11,1.7,0
8,disciplined,358.4,0.93,1.02,0,1,-916.88,3.33,0
8,disciplined,972.0,0.97,1.04,0,0,1312.15,1.0,0
8,disciplined,186.0,0.93,0.96,0,0,1212.02,0.0,0
8,disciplined,4.0,1.71,1.83,0,1,-1000.53,1.76,0
8,disciplined,59.8,1.14,0.67,0,0,2555.43,0.0,0
8,disciplined,1.7,1.07,0.94,0,0,1488.55,0.0,0
8,disciplined,226.1,0.92,0.85,1,1,-1080.65,1.8,0
8,disciplined,289.4,1.56,1.7,0,2,-1022.9,3.51,1
8,disciplined,34.7,1.17,0.75,0,3,-1500.24,6.01,1
8,disciplined,743.6,1.17,1.0,1,0,1255.64,3.92,0
8,disciplined,50.9,0.82,0.7,0,0,1594.91,1.26,0
8,disciplined,721.6,0.84,1.03,0,1,-760.34,2.52,1
8,disciplined,83.0,0.94,1.12,0,2,-731.49,3.74,0
8,disciplined,276.8,1.14,1.22,0,3,-765.69,5.02,0
8,disciplined,655.4,1.01,0.88,0,4,-1246.49,7.1,0
8,disciplined,239.5,1.16,1.15,0,5,-812.79,8.46,0
8,disciplined,175.8,0.82,0.7,0,6,-992.02,10.11,0
8,disciplined,132.8,0.95,1.17,0,0,1161.54,8.17,0
8,disciplined,753.2,1.05,1.11,0,1,-941.16,9.74,0
8,disciplined,179.7,1.16,1.1,0,0,1338.26,7.51,0
8,disciplined,563.2,0.88,0.76,1,0,1413.74,5.15,0
8,disciplined,243.9,1.11,1.26,0,1,-914.67,6.68,0
8,disciplined,1090.6,0.94,0.85,0,0,1550.11,4.09,0
8,disciplined,594.9,1.01,1.07,1,0,1409.57,1.74,0
8,disciplined,32.1,1.16,1.16,1,1,-1002.43,3.41,0
8,disciplined,1351.0,0.87,0.75,0,0,1692.12,0.59,0
8,disciplined,416.2,1.09,1.25,0,0,1071.66,0.0,0
8,disciplined,334.8,1.95,1.79,0,0,1379.21,0.0,0
8,disciplined,11.4,1.04,0.53,0,0,2818.63,0.0,0
8,disciplined,164.2,1.57,1.51,1,1,-1128.53,1.74,0
8,disciplined,66.2,0.97,0.62,0,0,2268.68,0.0,0
8,disciplined,123.9,0.93,0.97,0,1,-986.44,1.49,0
8,disciplined,33.0,1.18,1.27,0,2,-785.62,2.68,1
8,disciplined,142.4,1.02,0.86,0,0,1235.19,0.81,0
8,disciplined,630.0,1.09,1.07,1,0,1488.35,0.0,0
8,disciplined,18.1,1.19,1.1,0,1,-902.31,1.35,0
8,disciplined,1161.6,0.88,0.74,0,2,-1031.14,2.89,0
8,disciplined,68.5,0.87,0.99,0,0,1209.07,1.08,0
8,disciplined,71.2,1.05,1.21,1,0,1160.74,0.0,0
8,disciplined,930.7,1.19,1.14,1,0,1486.57,0.0,0
8,disciplined,1000.3,1.03,0.87,0,0,1253.73,0.0,0
8,disciplined,20.9,0.99,0.96,0,0,1067.67,0.0,0
8,disciplined,324.3,1.02,1.03,1,0,1315.53,0.0,0
8,disciplined,468.7,0.95,0.93,0,0,1451.2,0.0,0
8,disciplined,79.5,1.19,1.26,0,1,-1094.69,1.48,0
8,disciplined,1069.4,0.97,0.82,0,2,-1095.84,2.96,0
8,disciplined,1423.5,1.04,1.07,0,0,1215.49,1.32,0
8,disciplined,471.4,0.94,0.9,1,1,-1012.06,2.69,0
8,disciplined,81.6,1.02,1.09,0,2,-952.51,3.97,0
8,disciplined,493.9,0.91,0.89,0,0,1233.23,2.31,0
8,disciplined,528.9,1.18,1.3,0,1,-878.17,3.49,0
8,disciplined,447.0,1.17,0.99,0,0,1740.14,1.14,0
8,disciplined,965.5,1.01,0.86,0,1,-1393.88,3.03,0
8,disciplined,219.1,1.18,1.17,0,0,1383.97,1.15,0
8,disciplined,137.3,1.01,0.85,0,0,1600.71,0.0,0
8,disciplined,745.3,1.07,1.06,0,0,1034.07,0.0,0
8,disciplined,593.1,0.85,0.79,0,0,1406.85,0.0,0
8,disciplined,702.7,1.16,1.37,0,1,-1012.33,1.31,0
8,disciplined,0.5,1.05,0.9,0,0,1224.69,0.0,0
8,disciplined,365.4,1.16,1.11,1,1,-989.88,1.28,0
8,disciplined,31.6,1.06,0.91,1,2,-1148.28,2.76,1
8,disciplined,1209.9,1.04,0.98,0,3,-1186.17,4.3,0
8,disciplined,83.7,0.98,0.94,0,4,-884.85,5.44,0
8,disciplined,128.6,1.07,1.09,1,0,1267.31,3.8,0
8,disciplined,124.6,1.18,1.1,1,1,-1189.21,5.34,0
8,disciplined,9.0,0.86,0.73,0,2,-1131.01,6.8,1
8,disciplined,0.6,0.94,1.1,1,0,870.96,5.68,0
8,disciplined,543.2,1.16,1.23,0,1,-1000.77,6.97,0
8,disciplined,317.1,1.02,0.88,0,2,-1176.74,8.49,0
8,disciplined,19.9,1.04,1.02,0,0,1338.46,6.76,0
8,disciplined,97.2,0.87,0.84,0,0,1339.93,5.03,0
8,disciplined,734.5,0.98,1.12,0,1,-828.7,6.1,0
8,disciplined,1190.8,1.02,1.04,0,0,1002.69,4.8,0
8,disciplined,142.7,1.14,1.12,0,1,-927.39,6.0,0
8,disciplined,928.4,1.03,0.9,1,2,-1253.6,7.62,0
8,disciplined,40.6,0.83,0.81,0,3,-980.73,8.89,1
8,disciplined,2457.1,1.06,1.28,0,0,1185.16,7.36,0
8,disciplined,168.3,1.13,1.06,1,1,-961.93,8.6,0
8,disciplined,294.0,0.93,0.82,0,2,-1163.72,10.11,0
8,disciplined,103.7,1.2,1.29,1,3,-756.05,11.08,0
8,disciplined,53.9,1.07,0.89,0,0,1233.58,9.49,0
8,disciplined,32.5,0.83,0.78,0,1,-1057.53,10.86,1
8,disciplined,217.0,1.11,1.33,1,2,-672.56,11.72,0
8,disciplined,1521.5,0.86,0.78,0,0,1186.76,10.19,0
8,disciplined,486.9,0.9,1.05,0,0,986.03,8.92,0
8,disciplined,18.2,0.91,1.01,0,1,-972.67,10.17,1
8,disciplined,123.2,0.9,0.99,1,2,-884.77,11.32,0
8,disciplined,181.7,1.1,1.23,0,3,-1037.07,12.66,0
8,disciplined,12.1,0.85,0.77,0,4,-1192.57,14.2,1
8,disciplined,365.4,1.06,1.24,0,5,-878.9,15.33,0
8,disciplined,494.7,1.0,0.95,1,0,1419.93,13.5,0
8,disciplined,235.8,1.1,1.1,0,0,1072.0,12.11,0
8,disciplined,687.4,0.84,0.77,0,0,1589.25,10.06,0
9,disciplined,1604.1,1.02,1.02,0,0,0.0,0.0,0
9,disciplined,513.5,1.15,1.13,0,0,1266.33,0.0,0
9,disciplined,227.4,1.09,0.95,0,0,1188.11,0.0,0
9,disciplined,1061.7,1.09,1.0,0,0,1631.01,0.0,0
9,disciplined,1569.0,0.96,0.88,0,1,-989.77,1.83,0
9,disciplined,2044.7,0.92,0.95,0,2,-1103.78,3.87,0
9,disciplined,1285.8,1.14,1.24,0,3,-737.82,5.23,0
9,disciplined,120.2,0.84,0.73,1,4,-1237.18,7.52,0
9,disciplined,1495.6,0.83,1.0,1,5,-862.12,9.12,0
9,disciplined,123.5,0.95,1.14,1,0,1192.91,6.91,0
9,disciplined,70.5,0.83,0.87,0,0,1293.75,4.52,0
9,disciplined,435.0,1.91,2.29,0,1,-973.47,6.32,1
9,disciplined,86.3,1.16,0.61,0,2,-1879.2,9.79,0
9,disciplined,405.7,1.19,1.02,1,0,1624.07,6.79,0
9,disciplined,218.9,1.1,0.93,0,0,1676.14,3.69,0
9,disciplined,491.3,0.93,0.84,0,0,1327.76,1.24,0
9,disciplined,93.3,0.91,0.98,0,1,-775.92,2.67,1
9,disciplined,21.3,1.13,1.25,0,0,1007.83,0.81,0
9,disciplined,971.2,1.08,0.96,0,1,-1228.71,3.08,0
9,disciplined,637.1,1.12,1.04,1,2,-1247.11,5.39,0
9,disciplined,951.6,0.89,0.79,0,3,-1173.46,7.55,0
9,disciplined,1.3,1.07,1.2,1,0,949.29,5.8,0
9,disciplined,290.0,1.01,0.94,0,1,-1191.18,8.0,0
9,disciplined,282.3,0.98,0.97,0,2,-899.29,9.66,0
9,disciplined,69.6,0.95,0.97,0,3,-901.53,11.33,0
9,disciplined,66.6,0.9,0.96,0,0,1281.65,8.96,0
9,disciplined,97.2,0.94,1.04,1,1,-1053.85,10.91,0
9,disciplined,56.9,0.85,0.9,0,2,-947.3,12.66,0
9,disciplined,25.6,0.84,1.0,0,3,-914.1,14.35,1
9,disciplined,58.3,1.17,1.39,0,0,1046.34,12.42,0
9,disciplined,10.7,1.19,1.01,0,0,1389.24,9.85,0
9,disciplined,23.7,1.13,0.95,1,0,1352.41,7.35,0
9,disciplined,12.1,0.81,0.71,0,1,-1319.81,9.79,0
9,disciplined,175.3,0.89,1.1,1,0,960.61,8.01,0
9,disciplined,180.1,1.13,1.26,0,1,-889.73,9.66,0
9,disciplined,173.5,1.07,0.95,1,0,1378.63,7.11,0
9,disciplined,1216.6,1.05,0.99,0,0,1083.05,5.11,0
9,disciplined,85.0,1.2,1.14,1,1,-1049.36,7.05,0
9,disciplined,428.7,1.01,0.84,0,0,1521.23,4.23,0
9,disciplined,619.0,1.92,1.9,0,0,1479.27,1.5,0
9,disciplined,371.3,1.66,0.86,0,0,2761.15,0.0,0
9,disciplined,672.8,1.07,0.64,0,0,1763.04,0.0,0
9,disciplined,536.5,0.97,0.91,0,0,1594.96,0.0,0
9,disciplined,578.1,0.86,0.88,0,1,-1148.14,1.93,0
9,disciplined,110.7,0.84,0.97,1,0,1071.11,0.13,0
9,disciplined,107.6,0.98,1.18,1,1,-833.22,1.53,0
9,disciplined,171.7,0.83,0.85,0,0,1101.91,0.0,0
9,disciplined,145.2,0.95,1.14,1,1,-734.53,1.23,0
9,disciplined,294.8,0.92,0.97,0,0,1044.36,0.0,0
9,disciplined,6.3,1.16,1.27,1,1,-1013.28,1.69,0
9,disciplined,431.0,0.8,0.69,0,0,1434.78,0.0,0
9,disciplined,227.1,0.95,1.19,0,1,-881.65,1.46,0
9,disciplined,165.8,1.14,1.2,0,2,-878.84,2.92,0
9,disciplined,108.9,1.15,1.01,1,0,1478.21,0.47,0
9,disciplined,269.1,1.18,1.03,0,1,-1309.32,2.64,0
9,disciplined,597.0,1.09,0.93,0,2,-1410.36,4.98,0
9,disciplined,366.9,0.9,0.82,0,3,-915.65,6.5,0
9,disciplined,205.0,1.1,1.22,1,0,1248.87,4.42,0
9,disciplined,26.0,0.81,0.73,0,1,-1140.99,6.32,0
9,disciplined,273.5,0.9,1.11,0,0,810.14,4.97,1
9,disciplined,327.0,0.86,0.96,0,1,-930.65,6.52,0
9,disciplined,0.6,0.84,0.98,0,0,1139.71,4.63,0
9,disciplined,67.8,1.19,1.42,0,0,1033.9,2.91,0
9,disciplined,1029.2,1.18,0.98,0,1,-984.97,4.55,0
9,disciplined,198.0,0.86,0.73,1,2,-1033.92,6.26,0
9,disciplined,303.3,0.96,1.13,0,3,-1021.41,7.95,0
9,disciplined,125.5,0.93,0.96,1,4,-1065.74,9.72,0
9,disciplined,752.2,0.84,0.91,1,0,1051.12,7.98,0
9,disciplined,311.3,0.89,1.05,0,1,-934.37,9.53,0
9,disciplined,1136.2,1.16,1.3,1,2,-1039.99,11.25,0
9,disciplined,203.2,0.85,0.73,0,3,-927.63,12.79,0
9,disciplined,202.8,0.88,1.05,0,0,852.96,11.37,0
9,disciplined,44.8,1.04,1.17,0,0,1209.85,9.37,0
9,disciplined,88.2,0.95,0.92,1,1,-977.72,10.99,0
9,disciplined,630.8,1.11,1.17,0,0,1330.01,8.78,0
9,disciplined,541.5,1.09,0.99,1,1,-1102.34,10.61,0
9,disciplined,334.2,1.02,0.94,0,0,1429.68,8.24,0
9,disciplined,689.4,0.9,0.88,0,0,1489.68,5.77,0
9,disciplined,808.4,1.15,1.28,0,1,-983.22,7.4,0
9,disciplined,17.0,1.04,0.91,0,0,1514.81,4.89,0
9,disciplined,33.4,0.93,0.9,0,1,-1129.09,6.76,0
9,disciplined,116.3,1.09,1.16,1,0,1043.12,5.03,0
9,disciplined,17.2,1.16,1.07,0,0,1305.35,2.87,0
9,disciplined,204.4,1.1,0.95,1,1,-1194.18,4.85,0
9,disciplined,70.7,1.03,0.93,1,0,1119.4,2.99,0
9,disciplined,289.9,1.09,1.06,1,1,-969.4,4.6,0
9,disciplined,506.1,0.93,0.85,0,0,1457.87,2.18,0
9,disciplined,843.5,0.99,1.07,0,0,1267.75,0.08,0
9,disciplined,187.1,1.1,1.11,1,0,1121.42,0.0,0
9,disciplined,37.2,1.0,0.91,1,1,-1023.75,1.67,0
9,disciplined,8.9,0.97,0.97,0,0,1060.03,0.0,0
9,disciplined,203.5,1.16,1.19,1,1,-1103.56,1.8,0
9,disciplined,134.3,0.85,0.73,0,2,-1093.77,3.58,0
9,disciplined,122.0,0.81,0.95,0,3,-770.53,4.83,0
9,disciplined,8.4,1.09,1.35,0,4,-765.95,6.08,1
9,disciplined,481.0,1.17,1.07,0,0,1577.12,3.51,0
9,disciplined,94.4,1.03,0.88,0,1,-1374.53,5.75,0
9,disciplined,147.0,1.14,1.11,1,2,-1007.3,7.39,0
9,disciplined,378.3,0.93,0.81,1,3,-928.54,8.9,0
9,disciplined,400.7,0.97,1.05,1,0,1112.77,7.09,0
9,disciplined,629.0,0.83,0.85,0,1,-1106.16,8.89,0
9,disciplined,187.2,1.03,1.24,1,2,-850.62,10.27,0
9,disciplined,135.6,0.94,0.91,0,3,-881.86,11.71,0
9,disciplined,442.0,1.11,1.19,0,4,-1010.55,13.36,0
9,disciplined,168.6,0.82,0.74,0,5,-1180.2,15.28,0
9,disciplined,580.0,1.05,1.28,0,0,1015.09,13.62,0
9,disciplined,2254.4,0.92,0.88,1,1,-973.9,15.21,0
9,disciplined,10.9,1.61,1.74,0,0,972.95,13.63,1
9,disciplined,101.9,0.83,0.52,0,1,-1430.61,15.95,0
9,disciplined,292.7,0.9,1.08,1,2,-773.4,17.21,0
9,disciplined,309.0,1.12,1.24,0,0,1095.89,15.43,0
9,disciplined,823.6,1.15,1.03,0,0,1215.19,13.45,0
9,disciplined,224.9,0.93,0.81,0,0,1326.64,11.29,0
9,disciplined,777.5,0.86,0.92,0,1,-795.34,12.59,0
9,disciplined,406.4,0.86,1.0,0,0,1162.65,10.69,0
9,disciplined,162.2,0.82,0.95,1,0,1242.66,8.67,0
9,disciplined,230.3,0.99,1.2,1,1,-909.69,10.15,0
9,disciplined,93.3,1.14,1.16,0,0,1154.35,8.27,1
9,disciplined,217.8,0.87,0.76,1,1,-1101.15,10.06,1
9,disciplined,266.6,1.04,1.2,0,2,-1031.16,11.74,0
9,disciplined,367.4,0.88,0.85,0,3,-861.31,13.15,0
9,disciplined,354.4,1.13,1.28,1,4,-762.94,14.39,0
9,disciplined,413.9,0.87,0.77,1,5,-1068.79,16.13,0
9,disciplined,56.5,1.04,1.2,0,6,-952.2,17.68,0
9,disciplined,316.3,0.91,0.87,0,0,1222.46,15.69,0
9,disciplined,267.3,1.08,1.19,0,1,-972.62,17.27,0
9,disciplined,83.2,1.19,1.1,0,0,1130.82,15.43,0
9,disciplined,1160.5,0.83,0.7,0,1,-990.03,17.04,0
9,disciplined,24.9,0.81,0.97,0,2,-780.91,18.31,1
9,disciplined,28.5,0.88,1.09,0,3,-665.51,19.4,1
9,disciplined,34.6,1.01,1.15,1,4,-868.77,20.81,1
9,disciplined,126.8,1.18,1.17,0,0,1123.74,18.98,0
9,disciplined,2341.2,1.12,0.95,0,0,1243.28,16.96,0
9,disciplined,375.6,0.87,0.77,0,1,-1162.37,18.85,0
9,disciplined,26.5,0.99,1.14,1,2,-740.22,20.05,1
9,disciplined,40.0,1.13,1.14,0,3,-921.5,21.56,1
9,disciplined,1092.4,0.97,0.86,0,4,-1055.92,23.27,1
9,disciplined,817.9,1.16,1.2,1,5,-1131.18,25.12,0
9,disciplined,97.0,0.85,0.73,0,0,1510.83,22.66,0
9,disciplined,1556.9,1.16,1.36,0,1,-735.29,23.85,0
9,disciplined,290.9,0.86,0.74,0,0,1597.11,21.25,0
9,disciplined,209.2,0.83,0.97,0,1,-716.16,22.42,0
9,disciplined,299.4,1.19,1.43,0,2,-934.84,23.94,0
9,disciplined,169.0,1.19,1.0,0,0,1724.4,21.13,0
9,disciplined,206.9,0.94,0.78,0,0,1652.8,18.44,0
9,disciplined,1067.2,1.14,1.22,0,0,1024.11,16.78,0
9,disciplined,79.1,1.66,1.46,0,1,-1227.98,18.77,0
9,disciplined,15.4,0.99,0.6,0,0,1974.91,15.56,1
9,disciplined,1107.6,0.8,0.81,0,0,1363.85,13.34,0
9,disciplined,141.9,0.89,1.11,0,1,-644.78,14.39,0
10,disciplined,326.6,0.84,0.84,0,0,0.0,0.0,0
10,disciplined,357.2,1.14,1.36,0,0,872.99,0.0,0
10,disciplined,43.7,1.19,1.04,0,0,1495.35,0.0,0
10,disciplined,183.4,0.86,0.73,1,0,1739.28,0.0,0
10,disciplined,327.6,1.02,1.19,0,0,1155.62,0.0,0
10,disciplined,754.1,1.17,1.14,0,0,1535.48,0.0,0
10,disciplined,335.8,1.84,1.58,0,1,-1063.1,1.87,0
10,disciplined,425.3,0.84,0.46,0,2,-1682.85,4.83,0
10,disciplined,402.0,1.09,1.3,0,3,-796.61,6.24,0
10,disciplined,312.2,0.92,0.84,0,4,-1196.85,8.34,0
10,disciplined,465.8,1.19,1.29,0,0,1217.46,6.2,0
10,disciplined,381.6,1.1,0.93,1,0,1534.75,3.5,0
10,disciplined,65.2,1.03,0.93,0,0,1335.54,1.15,0
10,disciplined,307.0,1.05,1.02,1,1,-1084.14,3.06,0
10,disciplined,858.6,0.8,0.76,0,0,1427.58,0.54,0
10,disciplined,299.9,1.17,1.47,1,1,-720.38,1.81,0
10,disciplined,277.2,1.04,0.88,0,0,1693.65,0.0,0
10,disciplined,51.9,0.96,0.93,0,1,-1223.27,2.13,0
10,disciplined,634.8,0.93,0.97,0,0,1419.96,0.0,0
10,disciplined,1389.4,1.96,2.1,0,0,1043.27,0.0,0
10,disciplined,652.6,1.19,0.61,0,1,-2064.21,3.52,0
10,disciplined,720.0,0.86,0.72,0,2,-1300.8,5.73,0
10,disciplined,633.7,1.2,1.39,0,0,1155.26,3.76,0
10,disciplined,767.8,1.14,0.95,0,0,1256.41,1.62,0
10,disciplined,159.1,0.9,0.79,0,1,-1261.97,3.77,0
10,disciplined,43.6,0.81,0.9,1,2,-964.44,5.42,1
10,disciplined,659.0,1.04,1.28,0,3,-945.16,7.03,0
10,disciplined,746.8,1.17,1.13,0,0,1479.88,4.51,0
10,disciplined,425.5,1.11,0.94,1,0,1202.5,2.46,0
10,disciplined,669.9,0.81,0.73,0,0,1121.12,0.55,0
10,disciplined,1062.1,1.12,1.39,1,0,819.05,0.0,0
10,disciplined,648.6,1.03,0.92,1,0,1295.47,0.0,0
10,disciplined,137.7,0.87,0.85,0,0,1039.52,0.0,0
10,disciplined,1055.7,1.08,1.24,1,0,990.2,0.0,0
10,disciplined,29.2,1.14,1.05,1,1,-1289.4,2.06,0
10,disciplined,42.9,1.17,1.03,0,0,1306.39,0.0,0
10,disciplined,133.4,1.09,0.93,0,0,1281.97,0.0,0
10,disciplined,690.3,0.89,0.82,0,1,-954.29,1.5,0
10,disciplined,501.9,0.94,1.05,1,0,1073.32,0.0,0
10,disciplined,476.3,1.1,1.18,0,0,1239.34,0.0,0
10,disciplined,228.6,0.83,0.75,0,0,1533.95,0.0,0
10,disciplined,112.7,0.97,1.17,1,1,-701.69,1.05,0
10,disciplined,552.0,1.04,1.08,1,0,1035.33,0.0,0
10,disciplined,459.0,0.8,0.77,1,0,1378.6,0.0,0
10,disciplined,449.5,1.18,1.47,1,0,851.73,0.0,0
10,disciplined,611.8,1.19,1.01,0,0,1490.54,0.0,0
10,disciplined,86.0,0.86,0.72,1,1,-1212.4,1.71,0
10,disciplined,716.7,1.17,1.37,0,2,-757.85,2.78,1
10,disciplined,402.2,1.17,0.99,0,3,-965.33,4.15,0
10,disciplined,212.4,1.07,0.92,0,0,1171.22,2.49,0
10,disciplined,291.3,1.18,1.1,1,0,1208.87,0.78,0
10,disciplined,6.9,1.14,0.97,0,0,1761.73,0.0,0
10,disciplined,98.7,1.18,1.03,0,1,-1262.29,1.75,0
10,disciplined,220.7,0.83,0.7,0,2,-1009.2,3.16,0
10,disciplined,444.9,1.68,2.03,0,3,-756.7,4.21,1
10,disciplined,348.0,0.95,0.56,0,4,-1777.47,6.68,0
10,disciplined,466.4,1.88,1.98,0,0,1382.56,4.76,0
10,disciplined,1143.9,1.18,0.63,1,0,2586.04,1.16,0
10,disciplined,505.6,1.18,1.0,1,1,-1080.63,2.66,0
10,disciplined,1345.6,1.18,1.0,0,2,-1284.41,4.45,0
10,disciplined,317.6,1.17,0.99,1,3,-1170.93,6.08,0
10,disciplined,192.9,0.9,0.77,0,4,-1216.85,7.77,0
10,disciplined,94.3,0.87,0.97,0,0,1060.3,6.29,0
10,disciplined,726.3,1.55,1.77,0,1,-1021.14,7.71,0
10,disciplined,193.3,0.84,0.54,1,0,1654.07,5.41,0
10,disciplined,78.4,1.18,1.4,0,1,-754.61,6.46,0
10,disciplined,295.5,1.07,0.91,0,0,1434.71,4.47,0
10,disciplined,1190.8,1.11,1.04,0,1,-1018.87,5.88,0
10,disciplined,72.6,1.09,0.98,0,2,-1252.19,7.62,0
10,disciplined,73.2,0.9,0.83,1,3,-1143.71,9.21,0
10,disciplined,47.2,0.94,1.04,0,0,1027.38,7.79,1
10,disciplined,427.3,1.02,1.09,1,1,-913.88,9.06,0
10,disciplined,578.9,1.07,1.05,0,2,-871.5,10.27,0
10,disciplined,729.2,1.05,0.98,0,3,-1034.26,11.7,0
10,disciplined,1232.0,0.9,0.86,0,0,1190.75,10.05,0
10,disciplined,75.8,0.89,0.99,0,0,907.59,8.79,0
10,disciplined,471.4,1.89,2.13,0,0,941.37,7.48,0
10,disciplined,223.9,1.13,0.6,1,1,-1564.87,9.65,0
10,disciplined,21.3,0.88,0.77,0,2,-942.81,10.96,1
10,disciplined,65.9,0.82,0.94,0,3,-878.82,12.18,0
10,disciplined,40.9,1.71,2.07,0,0,1063.13,10.71,1
10,disciplined,480.1,0.99,0.58,0,1,-1817.24,13.23,0
10,disciplined,1096.9,0.92,0.93,0,2,-832.45,14.39,0
10,disciplined,205.6,1.18,1.29,0,0,1179.88,12.75,0
10,disciplined,101.5,1.07,0.91,0,1,-947.69,14.07,0
10,disciplined,366.5,1.06,0.99,0,0,1093.48,12.55,0
10,disciplined,26.7,0.88,0.83,0,0,1383.38,10.63,1
10,disciplined,732.8,1.11,1.27,0,0,1122.99,9.07,0
10,disciplined,883.1,1.14,1.02,1,1,-1061.15,10.54,0
10,disciplined,1489.4,0.92,0.81,0,0,1277.03,8.77,0
10,disciplined,310.0,1.02,1.11,0,0,1093.08,7.25,0
10,disciplined,14.2,1.15,1.13,1,0,1370.61,5.34,0
10,disciplined,123.5,1.01,0.87,1,0,1493.39,3.27,0
10,disciplined,2.3,1.19,1.19,0,0,1239.55,1.55,0
10,disciplined,592.4,0.99,0.83,0,1,-1416.49,3.51,0
10,disciplined,478.4,0.83,0.84,1,2,-1158.95,5.12,0
10,disciplined,747.3,1.13,1.37,0,3,-936.15,6.42,0
10,disciplined,318.3,1.2,1.06,0,0,1544.41,4.28,0
10,disciplined,93.7,1.02,0.85,0,0,1493.94,2.2,0
10,disciplined,589.0,1.0,0.98,0,0,1245.02,0.47,0
10,disciplined,18.6,1.08,1.08,0,0,1159.09,0.0,0
10,disciplined,285.8,0.84,0.77,0,0,1558.39,0.0,0
10,disciplined,144.0,1.04,1.24,1,0,917.16,0.0,0
10,disciplined,68.2,0.88,0.85,0,1,-1102.45,1.46,0
10,disciplined,12.0,0.81,0.92,0,0,883.78,0.29,0
10,disciplined,299.4,0.86,1.06,0,0,969.52,0.0,0
10,disciplined,346.6,0.84,0.97,0,1,-744.56,0.98,0
10,disciplined,1335.0,1.11,1.33,1,2,-771.45,1.99,0
10,disciplined,247.1,0.86,0.77,0,0,1417.06,0.13,1
10,disciplined,7.9,1.98,2.31,1,1,-895.03,1.31,0
10,disciplined,119.4,1.16,0.59,1,0,2511.28,0.0,0
10,disciplined,707.1,1.1,0.94,0,1,-1028.55,1.33,0
10,disciplined,54.0,0.98,0.89,0,2,-1040.67,2.67,0
10,disciplined,73.9,1.13,1.16,1,0,1336.94,0.94,0
10,disciplined,528.1,1.1,0.98,1,0,1349.59,0.0,0
10,disciplined,20.6,1.09,0.99,0,1,-1096.78,1.4,0
10,disciplined,352.2,0.85,0.78,0,0,1518.48,0.0,0
10,disciplined,446.0,1.12,1.32,0,0,925.22,0.0,0
10,disciplined,14.0,1.17,1.04,1,1,-1267.7,1.59,0
10,disciplined,1.3,1.04,0.89,1,0,1247.69,0.03,0
10,disciplined,365.1,1.02,0.98,0,0,1092.09,0.0,0
10,disciplined,66.5,1.12,1.1,0,1,-1162.8,1.44,0
10,disciplined,599.5,0.96,0.86,0,0,1395.8,0.0,0
10,disciplined,29.3,1.12,1.16,1,1,-893.97,1.11,1
10,disciplined,129.7,0.87,0.78,0,0,1187.22,0.0,0
10,disciplined,12.5,0.97,1.12,0,1,-1009.23,1.24,1
10,disciplined,136.5,0.87,0.89,0,2,-1010.47,2.49,0
10,disciplined,696.1,0.95,1.1,0,3,-840.56,3.53,0
10,disciplined,189.3,0.9,0.95,1,4,-850.88,4.58,0
10,disciplined,128.1,1.15,1.27,0,0,1154.16,3.15,0
10,disciplined,578.3,1.12,0.98,1,1,-967.71,4.35,0
10,disciplined,1162.9,1.04,0.93,1,0,1473.41,2.53,0
10,disciplined,618.3,1.12,1.07,0,0,1217.53,1.03,0
10,disciplined,366.6,1.01,0.91,0,0,1316.1,0.0,0
10,disciplined,91.7,1.11,1.09,0,0,1368.89,0.0,0
10,disciplined,163.4,0.81,0.73,0,1,-1269.26,1.53,0
10,disciplined,376.2,1.03,1.27,0,2,-797.39,2.49,0
10,disciplined,230.8,0.93,0.9,1,0,1210.9,1.03,0
10,disciplined,7.7,1.1,1.19,0,1,-762.56,1.95,0
10,disciplined,803.3,0.92,0.83,1,2,-1080.68,3.25,1
10,disciplined,405.2,1.03,1.13,1,0,1067.18,1.97,0
10,disciplined,8.6,0.98,0.95,0,0,1525.12,0.13,0
10,disciplined,343.1,0.81,0.82,1,1,-1077.51,1.43,1
10,disciplined,54.2,0.9,1.11,1,0,929.92,0.31,0
10,disciplined,198.2,0.84,0.94,0,1,-846.76,1.33,0
10,disciplined,189.0,0.99,1.18,0,0,975.51,0.15,0
10,disciplined,439.7,1.04,1.05,0,0,1482.2,0.0,0
10,disciplined,116.5,1.14,1.1,0,1,-1245.5,1.48,0
10,disciplined,136.8,1.14,0.99,0,0,1569.91,0.0,0
10,disciplined,88.3,1.14,1.0,0,1,-1216.5,1.44,0
11,disciplined,2.9,1.0,1.0,0,0,0.0,0.0,0
11,disciplined,417.4,1.1,1.1,0,0,1133.5,0.0,0
11,disciplined,1397.7,0.95,0.87,0,1,-1206.85,2.36,0
11,disciplined,744.5,1.01,1.07,0,0,1416.6,0.0,0
11,disciplined,92.4,1.18,1.17,1,1,-1022.88,1.99,0
11,disciplined,619.7,0.88,0.75,0,0,1753.01,0.0,0
11,disciplined,258.9,0.94,1.07,0,0,980.53,0.0,0
11,disciplined,535.2,0.82,0.87,1,0,1062.93,0.0,0
11,disciplined,458.4,1.17,1.43,0,1,-720.14,1.33,0
11,disciplined,119.3,0.95,0.81,1,2,-1173.01,3.5,0
11,disciplined,1151.0,0.87,0.91,0,3,-869.68,5.11,0
11,disciplined,235.7,1.11,1.28,0,4,-1034.67,7.02,0
11,disciplined,798.3,1.93,1.74,0,0,1221.2,4.76,0
11,disciplined,239.9,1.19,0.62,0,0,2054.42,0.96,0
11,disciplined,1907.9,0.82,0.69,0,0,1442.86,0.0,0
11,disciplined,1187.7,0.89,1.08,0,0,848.61,0.0,0
11,disciplined,324.1,1.17,1.32,1,1,-866.51,1.55,0
11,disciplined,649.6,1.13,0.96,0,0,1267.99,0.0,0
11,disciplined,427.4,0.94,0.84,0,1,-1282.1,2.28,0
11,disciplined,472.6,0.91,0.96,0,2,-937.63,3.94,0
11,disciplined,478.3,0.83,0.92,0,0,1069.73,2.04,0
11,disciplined,142.9,0.97,1.16,0,1,-845.01,3.54,0
11,disciplined,47.9,0.88,0.91,0,0,1146.01,1.51,0
11,disciplined,1052.0,0.95,1.08,0,0,894.96,0.0,0
11,disciplined,440.1,1.0,1.06,0,1,-1126.57,2.0,0
11,disciplined,57.2,0.85,0.85,0,2,-917.07,3.63,0
11,disciplined,198.3,1.05,1.24,0,0,1154.68,1.58,0
11,disciplined,1365.2,0.85,0.81,0,1,-867.13,3.12,0
11,disciplined,57.6,0.94,1.11,0,0,1164.64,1.05,0
11,disciplined,487.4,1.12,1.18,0,1,-790.35,2.45,0
11,disciplined,630.7,1.01,0.9,0,0,1402.98,0.0,0
11,disciplined,216.2,0.97,0.96,0,0,1421.0,0.0,0
11,disciplined,116.9,1.0,1.03,0,0,1339.45,0.0,0
11,disciplined,293.1,1.05,1.05,0,1,-1198.38,2.03,0
11,disciplined,39.2,1.82,1.74,1,0,1228.59,0.0,0
11,disciplined,665.6,0.9,0.49,0,0,2224.76,0.0,0
11,disciplined,60.4,1.17,1.3,1,0,1305.43,0.0,0
11,disciplined,65.8,0.82,0.71,1,0,1361.78,0.0,0
11,disciplined,271.5,1.11,1.35,0,0,890.8,0.0,0
11,disciplined,114.2,1.04,0.94,0,0,1628.44,0.0,0
11,disciplined,847.2,0.88,0.85,0,0,1220.25,0.0,0
11,disciplined,468.7,0.86,0.97,0,0,1110.92,0.0,0
11,disciplined,273.0,1.07,1.24,1,1,-858.47,1.25,0
11,disciplined,76.1,1.04,0.98,1,0,1449.9,0.0,0
11,disciplined,127.9,1.06,1.02,0,0,1523.74,0.0,0
11,disciplined,318.7,1.17,1.1,0,1,-873.62,1.23,0
11,disciplined,246.2,0.9,0.78,0,2,-1102.52,2.78,0
11,disciplined,298.5,1.05,1.16,0,3,-868.38,4.01,0
11,disciplined,386.5,0.82,0.78,0,4,-1138.65,5.61,0
11,disciplined,1325.8,0.86,1.05,0,5,-754.87,6.67,0
11,disciplined,334.4,1.18,1.38,0,6,-914.91,7.96,0
11,disciplined,1.3,1.19,1.01,1,0,1557.26,5.77,1
11,disciplined,268.2,1.13,0.95,0,0,1482.27,3.68,0
11,disciplined,169.2,0.88,0.78,0,1,-1159.38,5.31,1
11,disciplined,332.5,0.94,1.07,1,2,-875.14,6.55,0
11,disciplined,10.3,0.93,0.98,0,3,-805.77,7.68,1
11,disciplined,117.6,0.91,0.98,1,4,-1091.49,9.22,0
11,disciplined,411.9,0.82,0.9,1,5,-856.39,10.42,0
11,disciplined,208.5,1.59,1.94,1,6,-947.25,11.76,1
11,disciplined,683.8,1.13,0.71,0,7,-1502.55,13.87,0
11,disciplined,311.3,0.84,0.74,1,8,-1033.08,15.33,0
11,disciplined,87.9,1.08,1.28,0,9,-995.42,16.73,0
11,disciplined,577.9,1.13,1.05,0,0,1604.19,14.47,0
11,disciplined,10.0,1.14,1.01,0,0,1187.31,12.8,1
11,disciplined,31.6,1.09,0.96,0,1,-948.37,14.14,1
11,disciplined,60.7,1.11,1.02,0,2,-1231.76,15.87,0
11,disciplined,4.6,1.07,0.96,0,3,-961.86,17.23,1
11,disciplined,1.1,1.1,1.03,1,4,-884.29,18.47,1
11,disciplined,793.3,1.87,1.71,0,5,-1094.66,20.01,1
11,disciplined,493.0,0.86,0.46,0,6,-1677.4,22.37,0
11,disciplined,322.6,1.05,1.23,1,7,-755.47,23.44,0
11,disciplined,229.7,1.08,1.03,0,0,1447.24,21.4,0
11,disciplined,1201.4,0.92,0.85,1,1,-1260.62,23.18,0
11,disciplined,48.8,1.17,1.26,0,2,-856.56,24.38,0
11,disciplined,212.3,1.06,0.91,0,3,-1349.92,26.28,0
11,disciplined,33.7,1.05,0.99,0,0,1448.45,24.24,1
11,disciplined,708.3,0.94,0.9,0,1,-975.36,25.62,0
11,disciplined,34.7,1.04,1.11,0,0,1410.63,23.63,1
11,disciplined,87.7,1.16,1.12,0,0,1515.1,21.5,0
11,disciplined,8.3,0.97,0.83,1,0,1443.18,19.46,1
11,disciplined,506.1,1.08,1.12,0,0,1035.03,18.01,0
11,disciplined,278.5,0.8,0.74,1,1,-1256.06,19.78,0
11,disciplined,391.4,0.83,1.04,0,0,1060.95,18.28,0
11,disciplined,19.3,1.08,1.29,0,1,-938.28,19.6,1
11,disciplined,189.0,0.81,0.75,0,2,-1013.28,21.03,0
11,disciplined,25.1,1.07,1.32,1,3,-787.33,22.14,1
11,disciplined,655.2,0.89,0.84,0,0,1358.6,20.23,0
11,disciplined,641.1,0.97,1.09,0,1,-806.79,21.36,0
11,disciplined,930.4,1.15,1.18,0,2,-1044.69,22.83,0
11,disciplined,78.7,0.94,0.82,0,3,-944.99,24.16,0
11,disciplined,23.5,1.04,1.1,0,0,1193.52,22.48,1
11,disciplined,187.3,0.86,0.83,0,0,1510.61,20.36,0
11,disciplined,2.6,0.82,0.95,1,0,1015.07,18.93,1
11,disciplined,485.5,1.01,1.23,0,1,-964.87,20.28,0
11,disciplined,139.6,0.93,0.92,0,0,1384.86,18.33,0
11,disciplined,56.4,1.09,1.17,1,1,-870.59,19.56,0
11,disciplined,2.6,0.95,0.87,0,0,1204.9,17.86,1
11,disciplined,19.8,1.17,1.23,0,0,1385.74,15.91,1
11,disciplined,131.1,1.96,1.68,0,0,1508.72,13.79,1
11,disciplined,362.7,0.89,0.46,0,0,2912.13,9.69,0
11,disciplined,191.7,1.12,1.25,1,1,-715.72,10.69,0
11,disciplined,354.2,1.01,0.9,0,2,-1279.13,12.49,0
11,disciplined,81.6,0.86,0.86,1,0,1169.48,10.85,0
11,disciplined,1100.2,0.9,1.04,1,1,-974.12,12.22,0
11,disciplined,30.5,1.03,1.14,0,0,976.84,10.84,1
11,disciplined,1092.4,0.9,0.88,0,1,-1117.54,12.42,0
11,disciplined,403.4,0.89,0.98,0,0,1126.71,10.83,0
11,disciplined,68.9,1.06,1.19,0,0,1199.52,9.14,0
11,disciplined,376.4,0.87,0.82,0,1,-1012.89,10.57,0
11,disciplined,108.4,0.86,0.98,0,2,-939.2,11.89,0
11,disciplined,279.6,1.01,1.18,1,0,952.85,10.55,0
11,disciplined,924.4,1.15,1.13,0,1,-824.69,11.71,0
11,disciplined,88.2,1.01,0.88,0,2,-1335.41,13.59,0
11,disciplined,470.2,1.69,1.66,0,0,1180.16,11.93,0
11,disciplined,41.6,0.86,0.51,1,1,-1895.75,14.6,1
11,disciplined,18.1,1.03,1.2,0,2,-925.91,15.9,1
11,disciplined,175.5,0.99,0.95,0,3,-1221.76,17.62,0
11,disciplined,248.5,0.89,0.9,0,0,1166.61,15.98,0
11,disciplined,1671.0,1.05,1.18,0,0,981.75,14.6,0
11,disciplined,306.1,1.06,1.01,0,1,-1248.81,16.36,0
11,disciplined,1.8,1.07,1.0,0,2,-1016.41,17.79,1
11,disciplined,734.7,0.92,0.87,0,3,-862.5,19.0,0
11,disciplined,19.7,1.12,1.21,0,0,1210.97,17.3,1
11,disciplined,285.9,0.83,0.74,1,1,-1171.17,18.95,0
11,disciplined,66.9,0.89,1.07,1,2,-712.52,19.95,0
11,disciplined,131.6,1.19,1.33,0,3,-837.92,21.13,0
11,disciplined,22.9,0.97,0.81,1,4,-1399.27,23.1,1
11,disciplined,3.7,1.08,1.12,1,0,1327.44,21.23,1
11,disciplined,271.1,0.84,0.77,0,0,1258.43,19.46,0
11,disciplined,777.4,1.0,1.2,0,1,-916.44,20.75,0
11,disciplined,28.4,0.95,0.95,0,2,-1080.37,22.27,1
11,disciplined,965.0,0.85,0.89,0,3,-757.65,23.34,0
11,disciplined,2.0,0.86,1.01,0,0,1189.65,21.66,1
11,disciplined,23.5,0.88,1.03,0,0,866.06,20.44,1
11,disciplined,218.5,1.18,1.33,0,1,-846.01,21.63,0
11,disciplined,320.6,0.84,0.71,0,2,-1281.38,23.44,0
11,disciplined,102.7,1.86,2.22,0,3,-922.47,24.74,1
11,disciplined,80.4,1.04,0.56,0,0,1893.43,22.07,0
11,disciplined,510.6,1.02,0.98,0,0,1428.99,20.06,0
11,disciplined,337.8,1.77,1.73,0,1,-830.53,21.23,1
11,disciplined,104.4,0.92,0.52,0,0,2237.93,18.08,0
11,disciplined,97.1,0.89,0.97,0,0,1132.41,16.48,0
11,disciplined,77.5,0.88,0.99,0,0,1229.5,14.75,0
11,disciplined,792.2,1.02,1.16,0,1,-707.85,15.75,0
11,disciplined,491.5,1.01,0.99,0,2,-1146.27,17.36,0
11,disciplined,113.4,0.9,0.89,0,3,-938.01,18.68,0
11,disciplined,405.2,0.97,1.08,1,4,-1006.39,20.1,0
11,disciplined,4.6,1.04,1.07,1,5,-1121.73,21.68,1
11,disciplined,329.8,0.97,0.93,1,6,-1205.47,23.38,0
11,disciplined,3.9,1.13,1.16,0,7,-924.19,24.68,1
12,disciplined,944.9,0.95,0.95,0,0,0.0,0.0,1
12,disciplined,434.6,0.98,1.03,0,1,-1034.85,2.07,0
12,disciplined,991.3,1.01,1.03,0,0,1288.3,0.0,0
12,disciplined,1094.4,0.81,0.8,0,1,-996.31,1.98,0
12,disciplined,280.9,0.91,1.12,0,2,-798.53,3.57,0
12,disciplined,192.1,1.01,1.11,0,3,-754.46,5.07,0
12,disciplined,76.8,1.81,1.79,0,0,1223.13,2.64,0
12,disciplined,1013.1,0.81,0.45,0,0,2048.02,0.0,0
12,disciplined,216.2,0.99,1.22,0,0,992.06,0.0,0
12,disciplined,672.8,1.15,1.16,1,0,1236.45,0.0,0
12,disciplined,136.3,1.2,1.04,0,0,1470.14,0.0,0
12,disciplined,659.7,0.91,0.76,0,1,-1014.93,1.86,0
12,disciplined,209.6,0.91,1.01,1,2,-1078.85,3.83,0
12,disciplined,50.0,0.99,1.09,0,3,-1007.08,5.67,0
12,disciplined,176.0,0.81,0.82,0,4,-899.13,7.32,0
12,disciplined,28.7,0.87,1.08,0,0,982.67,5.52,0
12,disciplined,185.4,0.82,0.94,1,1,-738.57,6.87,0
12,disciplined,458.0,1.18,1.44,1,0,1119.6,4.82,0
12,disciplined,98.7,1.03,0.87,0,0,1370.69,2.31,0
12,disciplined,15.7,1.02,0.99,1,1,-1191.99,4.49,0
12,disciplined,26.2,0.89,0.87,0,2,-858.98,6.07,0
12,disciplined,405.1,0.85,0.96,0,3,-1042.45,7.97,0
12,disciplined,375.6,0.91,1.07,0,4,-755.87,9.36,1
12,disciplined,1882.2,0.88,0.96,1,5,-894.25,10.99,0
12,disciplined,1197.7,0.94,1.07,1,6,-944.09,12.72,0
12,disciplined,931.7,0.85,0.91,0,0,1157.45,10.6,0
12,disciplined,349.5,0.88,1.03,0,1,-983.73,12.4,0
12,disciplined,915.2,1.06,1.2,0,2,-1018.65,14.26,0
12,disciplined,171.7,1.01,0.95,0,3,-1170.52,16.4,0
12,disciplined,40.7,1.13,1.12,1,4,-1152.16,18.51,1
12,disciplined,955.3,1.15,1.01,0,5,-1092.66,20.51,0
12,disciplined,20.5,0.91,0.79,0,0,1585.53,17.61,1
12,disciplined,584.2,1.87,2.05,0,1,-921.97,19.3,1
12,disciplined,188.1,1.15,0.61,0,0,2666.55,14.42,0
12,disciplined,354.5,0.87,0.76,0,0,1290.79,12.06,0
12,disciplined,374.4,0.88,1.01,1,0,934.21,10.35,0
12,disciplined,141.1,1.19,1.35,0,0,1122.86,8.3,0
12,disciplined,230.0,1.05,0.88,1,1,-1115.07,10.34,0
12,disciplined,50.4,1.19,1.13,1,2,-1022.56,12.21,0
12,disciplined,1505.8,1.0,0.84,0,3,-1273.63,14.53,0
12,disciplined,10.3,1.62,1.61,0,0,1063.84,12.59,1
12,disciplined,281.6,0.94,0.58,1,1,-1856.23,15.98,1
12,disciplined,211.7,0.83,0.88,0,2,-833.8,17.51,0
12,disciplined,167.6,0.9,1.09,0,0,1185.6,15.34,0
12,disciplined,19.8,0.89,0.99,0,0,1258.39,13.04,1
12,disciplined,815.7,0.8,0.9,0,0,1192.35,10.86,0
12,disciplined,1372.3,0.98,1.22,1,0,900.36,9.21,0
12,disciplined,437.3,1.14,1.16,1,0,996.03,7.39,0
12,disciplined,1071.5,0.91,0.8,0,0,1239.37,5.12,0
12,disciplined,734.0,0.99,1.09,1,1,-844.55,6.67,0
12,disciplined,389.6,0.84,0.85,0,2,-1077.71,8.64,0
12,disciplined,439.4,0.95,1.13,0,0,1072.12,6.68,0
12,disciplined,65.1,0.99,1.04,0,1,-974.68,8.46,0
12,disciplined,649.7,1.02,1.04,0,0,987.53,6.65,0
12,disciplined,128.8,0.84,0.82,0,0,1098.76,4.64,0
12,disciplined,151.1,0.87,1.04,0,0,1262.57,2.34,0
12,disciplined,143.2,0.98,1.12,1,0,1273.11,0.01,0
12,disciplined,337.1,1.12,1.15,0,1,-816.18,1.5,0
12,disciplined,30.1,1.0,0.89,1,0,1409.29,0.0,0
12,disciplined,76.0,0.84,0.84,0,1,-943.86,1.71,0
12,disciplined,118.0,0.95,1.13,0,0,1114.58,0.0,0
12,disciplined,64.6,1.08,1.14,0,0,1253.14,0.0,0
12,disciplined,261.3,1.02,0.94,0,0,1513.2,0.0,0
12,disciplined,1114.3,1.06,1.04,0,0,1078.21,0.0,0
12,disciplined,66.7,0.81,0.77,1,0,1394.56,0.0,0
12,disciplined,379.1,0.89,1.1,0,1,-826.04,1.36,1
12,disciplined,243.8,0.99,1.12,1,2,-801.76,2.68,0
12,disciplined,441.8,0.88,0.89,0,0,1110.93,0.85,1
12,disciplined,991.8,0.94,1.06,0,0,1174.39,0.0,0
12,disciplined,47.1,1.16,1.24,0,0,941.7,0.0,0
12,disciplined,174.6,1.06,0.92,1,0,1639.01,0.0,0
12,disciplined,555.6,0.92,0.87,0,0,1107.06,0.0,0
12,disciplined,333.3,1.18,1.28,0,1,-1031.88,1.59,1
12,disciplined,87.0,1.83,1.56,0,2,-1277.27,3.55,1
12,disciplined,1043.9,0.86,0.47,0,3,-1744.47,6.23,0
12,disciplined,123.9,0.9,1.04,0,0,1010.33,4.68,0
12,disciplined,154.0,1.1,1.23,0,1,-883.89,6.04,0
12,disciplined,475.3,0.85,0.77,0,2,-1068.55,7.68,0
12,disciplined,743.4,0.81,0.95,0,0,1195.28,5.85,0
12,disciplined,187.5,1.1,1.35,0,0,824.02,4.58,0
12,disciplined,26.6,1.11,1.01,1,0,1561.53,2.18,0
12,disciplined,463.7,1.0,0.9,1,1,-1082.63,3.84,0
12,disciplined,396.7,0.84,0.84,0,2,-1139.95,5.59,0
12,disciplined,104.6,1.04,1.23,0,3,-972.58,7.09,0
12,disciplined,1.4,1.13,1.09,1,4,-1158.46,8.87,1
12,disciplined,823.1,1.2,1.06,1,5,-1014.91,10.43,0
12,disciplined,1105.8,1.07,0.89,0,6,-1179.63,12.25,0
12,disciplined,180.8,1.17,1.09,0,7,-1104.69,13.95,0
12,disciplined,16.1,1.19,1.02,1,0,1184.2,12.13,1
12,disciplined,227.2,1.82,1.53,1,1,-1332.04,14.17,1
12,disciplined,831.6,1.05,0.58,0,2,-2065.03,17.35,0
12,disciplined,1529.7,0.95,0.9,0,0,1104.88,15.65,0
12,disciplined,167.5,0.97,1.02,0,0,1008.48,14.1,0
12,disciplined,47.8,1.07,1.11,1,1,-778.98,15.3,0
12,disciplined,236.8,1.16,1.08,0,0,1469.52,13.04,0
12,disciplined,125.6,0.89,0.77,1,1,-963.3,14.52,0
12,disciplined,171.1,1.19,1.33,1,0,936.03,13.08,0
12,disciplined,28.5,0.95,0.8,0,1,-1134.25,14.82,1
12,disciplined,539.6,1.08,1.14,0,2,-985.33,16.34,0
12,disciplined,196.9,0.86,0.8,0,3,-1178.3,18.15,0
12,disciplined,61.9,0.86,1.0,1,0,1145.92,16.39,0
12,disciplined,25.5,1.04,1.21,0,0,879.95,15.04,1
12,disciplined,187.8,0.81,0.78,1,0,1493.5,12.74,0
12,disciplined,598.3,1.2,1.47,0,1,-804.41,13.98,0
12,disciplined,691.9,1.06,0.88,1,0,1530.69,11.62,0
12,disciplined,823.9,0.81,0.76,0,1,-1049.08,13.24,0
12,disciplined,1089.0,0.92,1.13,1,2,-731.93,14.36,0
12,disciplined,14.4,1.66,1.81,0,3,-800.38,15.59,1
12,disciplined,249.5,1.04,0.63,0,0,2312.62,12.04,0
12,disciplined,1528.1,1.07,1.03,0,0,1445.95,9.81,0
12,disciplined,74.9,1.18,1.11,0,1,-980.71,11.32,0
12,disciplined,317.9,0.81,0.69,0,0,1610.83,8.84,0
12,disciplined,1056.3,0.85,1.04,0,1,-909.6,10.24,0
12,disciplined,1339.9,1.15,1.36,0,2,-921.61,11.66,0
12,disciplined,164.0,1.16,1.0,1,3,-1140.07,13.41,0
12,disciplined,220.8,1.0,0.87,0,0,1678.01,10.83,0
12,disciplined,951.8,1.09,1.09,1,0,1211.39,8.97,0
12,disciplined,16.7,0.98,0.9,0,0,1609.04,6.49,0
12,disciplined,2541.7,1.06,1.09,0,0,1029.06,4.91,0
12,disciplined,656.9,0.89,0.83,0,0,1578.22,2.48,0
12,disciplined,35.7,0.86,0.97,0,0,1071.96,0.83,0
12,disciplined,637.3,1.15,1.35,0,1,-978.77,2.34,0
12,disciplined,30.5,1.03,0.89,1,0,1615.0,0.0,0
12,disciplined,57.3,0.97,0.94,0,1,-959.12,1.47,0
12,disciplined,45.9,1.13,1.17,1,2,-1024.77,3.05,0
12,disciplined,38.7,1.05,0.92,0,3,-1027.58,4.63,1
12,disciplined,209.0,0.96,0.92,0,4,-836.33,5.91,0
12,disciplined,326.4,1.66,1.72,1,5,-799.03,7.14,1
12,disciplined,9.6,0.91,0.55,0,6,-1764.08,9.85,1
12,disciplined,1234.5,0.92,1.01,0,0,1292.0,7.86,0
12,disciplined,91.5,0.87,0.95,0,1,-840.66,9.15,0
12,disciplined,94.9,1.08,1.24,0,0,1208.39,7.3,0
12,disciplined,76.9,1.14,1.05,0,0,1383.32,5.17,0
12,disciplined,552.4,1.95,1.71,0,0,1515.45,2.84,0
12,disciplined,490.4,1.15,0.59,1,1,-1842.51,5.67,0
12,disciplined,152.8,1.18,1.03,0,2,-924.03,7.09,0
12,disciplined,792.2,1.06,0.9,1,3,-1199.65,8.94,0
12,disciplined,53.8,1.84,1.74,0,0,1512.3,6.61,0
12,disciplined,124.1,1.61,0.87,0,0,2047.88,3.47,0
12,disciplined,100.1,1.16,0.72,0,1,-1436.69,5.68,0
12,disciplined,157.0,1.11,0.95,1,2,-1242.84,7.58,0
12,disciplined,134.1,1.16,1.05,1,0,1300.42,5.59,0
12,disciplined,413.2,0.94,0.81,0,0,1325.05,3.55,0
12,disciplined,931.5,1.66,1.76,0,1,-1036.37,5.14,0
12,disciplined,73.2,0.97,0.59,0,2,-1546.35,7.52,0
12,disciplined,501.0,1.09,1.12,1,0,987.05,6.0,0
12,disciplined,842.7,1.19,1.09,1,1,-907.43,7.4,0
12,disciplined,170.7,1.09,0.91,1,2,-1163.81,9.18,0
12,disciplined,617.1,0.84,0.77,0,3,-1114.76,10.9,0
12,disciplined,832.6,0.92,1.1,0,4,-935.17,12.33,0
13,disciplined,9.0,1.09,1.09,0,0,0.0,0.0,0
13,disciplined,688.8,1.04,0.95,1,1,-961.26,1.92,0
13,disciplined,323.6,0.81,0.78,0,0,1103.2,0.0,0
13,disciplined,5.8,0.95,1.17,1,1,-653.46,1.3,0
13,disciplined,405.1,1.15,1.2,0,2,-873.9,3.05,0
13,disciplined,588.6,1.13,0.98,0,3,-1207.37,5.45,0
13,disciplined,613.3,1.11,0.99,1,4,-1178.16,7.8,0
13,disciplined,405.3,0.83,0.74,0,5,-1031.13,9.86,0
13,disciplined,410.4,0.97,1.17,0,6,-682.52,11.22,0
13,disciplined,15.6,0.9,0.93,0,7,-822.03,12.86,1
13,disciplined,308.1,0.91,1.01,1,8,-865.09,14.59,0
13,disciplined,711.1,0.99,1.08,0,9,-1008.54,16.6,1
13,disciplined,154.0,1.05,1.06,0,0,1232.44,14.14,0
13,disciplined,547.2,0.98,0.93,0,1,-1159.69,16.45,0
13,disciplined,259.3,1.13,1.16,0,2,-1080.84,18.61,0
13,disciplined,1054.6,0.87,0.76,0,3,-1044.16,20.69,0
13,disciplined,4060.2,1.08,1.25,0,0,1113.18,18.47,0
13,disciplined,247.2,1.16,1.08,1,1,-1270.02,21.0,0
13,disciplined,1862.9,1.1,0.94,0,2,-990.94,22.98,0
13,disciplined,105.3,1.03,0.94,0,3,-963.67,24.9,0
13,disciplined,225.3,1.04,1.01,0,0,1095.59,22.72,0
13,disciplined,138.0,1.1,1.06,1,0,1508.69,19.71,0
13,disciplined,37.9,0.93,0.85,0,0,1386.91,16.94,1
13,disciplined,64.8,1.0,1.07,0,1,-763.61,18.46,0
13,disciplined,412.5,1.02,1.02,0,0,1101.66,16.27,0
13,disciplined,490.3,0.96,0.94,1,1,-1097.68,18.46,0
13,disciplined,714.6,1.06,1.1,0,0,988.4,16.49,0
13,disciplined,57.2,0.92,0.87,1,0,1342.73,13.81,0
13,disciplined,310.8,0.91,0.99,0,1,-1072.22,15.95,0
13,disciplined,480.7,1.13,1.24,1,2,-945.9,17.83,0
13,disciplined,378.0,0.85,0.75,0,0,1577.52,14.69,0
13,disciplined,424.3,0.97,1.14,0,1,-822.0,16.33,0
13,disciplined,1593.8,0.99,1.02,0,0,1402.98,13.53,0
13,disciplined,996.7,1.02,1.03,0,1,-1085.62,15.69,0
13,disciplined,387.3,1.11,1.09,0,2,-1069.05,17.82,0
13,disciplined,239.6,0.86,0.77,1,3,-1289.79,20.4,0
13,disciplined,776.2,1.06,1.23,0,4,-940.04,22.27,0
13,disciplined,116.3,0.89,0.84,0,5,-1263.46,24.79,0
13,disciplined,7.7,0.98,1.09,0,0,951.16,22.89,1
13,disciplined,127.4,0.9,0.92,0,1,-1058.83,25.01,0
13,disciplined,252.2,0.88,0.98,0,0,1182.21,22.65,0
13,disciplined,55.1,0.81,0.92,0,0,1191.97,20.27,0
13,disciplined,34.1,0.85,1.05,1,1,-914.75,22.1,1
13,disciplined,109.0,1.17,1.37,1,2,-921.56,23.93,0
13,disciplined,298.1,1.1,0.94,0,0,1441.32,21.06,0
13,disciplined,24.7,0.82,0.75,0,1,-1124.51,23.3,1
13,disciplined,340.1,0.87,1.06,0,2,-931.97,25.16,0
13,disciplined,1084.6,1.19,1.36,0,3,-990.58,27.14,0
13,disciplined,16.3,1.14,0.96,1,4,-1224.17,29.58,1
13,disciplined,175.9,0.99,0.87,1,5,-913.44,31.4,0
13,disciplined,457.6,1.05,1.06,1,6,-1065.42,33.52,0
13,disciplined,1493.3,1.14,1.08,0,0,1283.72,30.96,0
13,disciplined,619.5,0.83,0.73,1,1,-949.0,32.86,0
13,disciplined,168.2,1.18,1.42,1,0,1109.06,30.64,0
13,disciplined,45.5,1.18,1.0,1,1,-1152.27,32.94,0
13,disciplined,403.2,1.08,0.91,0,0,1374.41,30.2,0
13,disciplined,221.9,1.05,0.98,0,1,-1246.5,32.69,0
13,disciplined,532.2,0.82,0.78,0,0,1186.97,30.32,0
13,disciplined,85.7,0.82,1.0,1,0,1213.47,27.9,0
13,disciplined,23.1,1.53,1.87,0,1,-684.76,29.27,1
13,disciplined,728.4,0.98,0.64,1,0,1617.48,26.04,0
13,disciplined,48.0,0.82,0.83,0,1,-1005.9,28.05,0
13,disciplined,670.9,1.07,1.31,0,0,919.56,26.21,0
13,disciplined,553.6,1.07,1.0,0,0,1134.95,23.95,0
13,disciplined,31.2,1.02,0.95,0,1,-1195.92,26.33,1
13,disciplined,28.9,1.03,1.01,0,2,-881.51,28.09,1
13,disciplined,103.6,1.08,1.05,0,3,-1072.33,30.23,0
13,disciplined,33.4,0.84,0.78,1,0,1142.86,27.95,1
13,disciplined,655.4,1.18,1.4,0,1,-942.23,29.83,0
13,disciplined,236.9,1.0,0.85,0,2,-1171.91,32.17,1
13,disciplined,801.7,1.03,1.03,0,3,-859.23,33.88,0
13,disciplined,430.5,1.0,0.98,1,4,-1028.76,35.93,0
13,disciplined,416.3,1.15,1.15,0,0,1212.65,33.51,0
13,disciplined,24.9,0.81,0.7,0,0,1435.06,30.65,1
13,disciplined,6.2,0.86,1.06,0,0,1025.73,28.61,1
13,disciplined,83.5,0.9,1.04,0,0,1197.93,26.22,0
13,disciplined,55.3,1.16,1.3,1,1,-743.93,27.7,0
13,disciplined,36.4,1.04,0.89,1,0,1487.08,24.74,1
13,disciplined,234.0,1.08,1.04,0,0,1226.12,22.29,0
13,disciplined,30.9,1.15,1.07,0,0,1394.07,19.51,0
13,disciplined,235.1,1.12,0.97,1,0,1374.27,16.77,0
13,disciplined,728.7,0.87,0.78,1,1,-929.97,18.62,0
13,disciplined,281.6,1.07,1.22,1,0,1169.59,16.29,0
13,disciplined,5.2,0.87,0.81,0,1,-1167.23,18.62,0
13,disciplined,67.2,0.84,0.97,1,0,1169.43,16.29,0
13,disciplined,119.3,1.0,1.2,1,1,-966.67,18.21,0
13,disciplined,117.7,1.08,1.07,0,2,-837.25,19.88,0
13,disciplined,41.2,0.82,0.76,0,3,-1037.68,21.95,1
13,disciplined,146.9,0.87,1.06,0,0,915.04,20.13,0
13,disciplined,1792.7,1.06,1.22,0,0,979.31,18.18,0
13,disciplined,76.3,1.07,1.01,0,0,1274.47,15.63,0
13,disciplined,43.4,0.89,0.83,0,0,1088.44,13.46,1
13,disciplined,732.1,1.0,1.12,1,1,-940.63,15.34,0
13,disciplined,436.2,1.18,1.18,0,2,-815.94,16.97,0
13,disciplined,114.6,0.95,0.81,0,0,1314.07,14.35,0
13,disciplined,26.2,0.94,0.99,0,0,965.35,12.42,1
13,disciplined,17.2,0.89,0.94,1,0,1383.9,9.66,0
13,disciplined,97.3,0.9,1.01,0,1,-814.21,11.28,0
13,disciplined,709.2,1.18,1.32,0,2,-808.51,12.9,0
13,disciplined,426.2,0.81,0.68,1,3,-1130.67,15.15,0
13,disciplined,183.0,0.93,1.15,0,0,1069.99,13.02,0
13,disciplined,2281.5,1.15,1.24,0,0,1043.3,10.94,0
13,disciplined,838.5,0.82,0.72,0,1,-1297.45,13.52,0
13,disciplined,43.4,0.97,1.18,0,2,-688.28,14.9,1
13,disciplined,82.9,0.81,0.84,0,3,-846.8,16.59,0
13,disciplined,1263.6,0.93,1.15,1,4,-922.18,18.43,0
13,disciplined,1107.8,1.07,1.15,1,0,1094.75,16.24,0
13,disciplined,140.4,0.99,0.92,0,1,-1198.87,18.63,0
13,disciplined,1062.1,1.16,1.17,1,0,1180.82,16.28,0
13,disciplined,68.9,1.01,0.87,0,0,1740.62,12.81,0
13,disciplined,22.8,0.87,0.86,0,1,-969.7,14.74,1
13,disciplined,341.4,1.86,2.14,0,0,1156.09,12.43,1
13,disciplined,416.4,0.99,0.53,0,0,2774.46,6.9,0
13,disciplined,5.5,1.13,1.15,0,1,-990.45,8.88,0
13,disciplined,584.9,1.08,0.95,1,0,1156.56,6.57,0
13,disciplined,697.5,0.82,0.76,0,0,1124.34,4.33,0
13,disciplined,127.1,0.98,1.2,0,0,1032.04,2.27,0
13,disciplined,385.0,1.05,1.07,1,0,1000.71,0.27,0
13,disciplined,9.7,1.02,0.98,0,0,1366.69,0.0,0
13,disciplined,35.4,0.91,0.89,0,0,1440.05,0.0,0
13,disciplined,134.6,1.03,1.13,1,0,1095.03,0.0,0
13,disciplined,1705.2,0.98,0.96,0,0,1432.97,0.0,0
13,disciplined,22.1,0.85,0.86,0,1,-1120.25,2.02,0
13,disciplined,71.7,1.65,1.96,0,0,1108.43,0.02,0
13,disciplined,129.9,1.09,0.66,0,0,2108.09,0.0,0
13,disciplined,119.9,1.2,1.1,1,1,-1247.52,2.17,0
13,disciplined,606.7,0.8,0.67,0,2,-1080.45,4.05,0
13,disciplined,101.2,0.95,1.19,1,0,984.4,2.34,0
13,disciplined,901.4,1.08,1.13,0,1,-1107.25,4.27,0
13,disciplined,37.9,0.94,0.87,0,2,-1261.32,6.46,1
13,disciplined,1073.3,1.14,1.21,0,0,1047.64,4.64,0
13,disciplined,355.3,0.9,0.8,1,0,1469.49,2.08,0
13,disciplined,523.0,1.13,1.25,0,0,1034.64,0.28,0
13,disciplined,5.5,1.11,0.98,0,0,1618.63,0.0,0
13,disciplined,214.1,1.97,1.77,0,0,1343.24,0.0,0
13,disciplined,414.3,1.1,0.56,0,0,2835.6,0.0,0
13,disciplined,140.2,0.94,0.86,0,1,-902.23,1.43,0
13,disciplined,826.0,1.16,1.23,1,2,-895.85,2.85,0
13,disciplined,84.4,1.08,0.93,0,0,1692.26,0.17,0
13,disciplined,1065.1,1.14,1.05,0,0,1151.62,0.0,0
13,disciplined,113.2,1.62,1.43,0,0,1154.58,0.0,0
13,disciplined,430.8,1.09,0.67,1,0,2097.08,0.0,0
13,disciplined,272.0,1.11,1.02,0,0,1469.51,0.0,0
13,disciplined,89.3,1.59,1.44,0,1,-1130.39,1.64,0
13,disciplined,344.9,1.85,1.16,1,2,-1742.94,4.17,1
13,disciplined,1263.7,1.15,0.62,0,3,-1832.11,6.84,0
13,disciplined,349.7,1.16,1.01,1,4,-927.57,8.18,0
13,disciplined,188.5,0.97,0.83,0,5,-1137.81,9.84,0
13,disciplined,8.1,1.11,1.14,0,6,-1061.51,11.38,1
13,disciplined,721.9,1.13,1.02,0,7,-1153.9,13.05,0
14,disciplined,1568.4,0.88,0.88,0,0,0.0,0.0,0
14,disciplined,1388.8,0.86,0.98,0,0,901.47,0.0,0
14,disciplined,883.6,0.86,0.99,0,1,-791.72,1.56,0
14,disciplined,153.1,0.91,1.07,0,0,913.03,0.0,0
14,disciplined,737.5,1.03,1.12,0,1,-990.81,1.94,0
14,disciplined,55.7,0.85,0.83,0,0,1320.83,0.0,0
14,disciplined,655.1,0.91,1.06,0,0,912.24,0.0,0
14,disciplined,298.8,0.82,0.9,1,1,-986.02,1.89,0
14,disciplined,466.3,1.18,1.45,1,0,1184.6,0.0,0
14,disciplined,321.3,0.96,0.81,0,1,-1232.31,2.35,0
14,disciplined,997.5,1.1,1.14,0,0,1093.39,0.26,0
14,disciplined,133.6,0.89,0.8,0,0,1544.33,0.0,0
14,disciplined,71.0,1.16,1.31,0,1,-727.34,1.35,0
14,disciplined,1097.3,1.09,0.94,0,0,1714.14,0.0,0
14,disciplined,95.4,0.98,0.9,1,0,1333.44,0.0,0
14,disciplined,296.9,0.97,1.0,0,0,1408.83,0.0,0
14,disciplined,64.9,1.07,1.1,0,1,-966.02,1.68,0
14,disciplined,131.1,0.96,0.89,1,2,-958.14,3.34,0
14,disciplined,824.5,1.04,1.09,0,3,-826.14,4.77,0
14,disciplined,774.9,1.12,1.08,0,0,1217.38,2.66,0
14,disciplined,1602.4,1.17,1.04,0,0,1579.98,0.0,0
14,disciplined,4.3,0.82,0.7,0,1,-1147.72,1.99,0
14,disciplined,713.0,1.76,2.14,0,2,-861.98,3.49,1
14,disciplined,585.3,0.86,0.49,0,3,-1491.49,6.07,0
14,disciplined,49.1,1.02,1.18,0,0,1261.38,3.89,0
14,disciplined,1323.5,1.18,1.16,0,1,-828.77,5.32,0
14,disciplined,513.9,0.83,0.7,0,2,-1362.66,7.69,0
14,disciplined,1001.2,1.0,1.21,0,3,-829.31,9.13,0
14,disciplined,208.1,1.08,1.08,1,0,1270.11,6.92,0
14,disciplined,310.4,1.77,1.64,0,1,-947.77,8.57,0
14,disciplined,7.2,0.89,0.5,0,2,-1974.34,11.99,0
14,disciplined,790.5,1.09,1.22,1,0,984.14,10.28,0
14,disciplined,53.9,1.1,1.01,0,1,-1208.41,12.38,0
14,disciplined,13.2,0.83,0.75,0,0,1567.57,9.66,0
14,disciplined,575.2,0.83,1.01,0,0,897.37,8.1,0
14,disciplined,203.5,0.98,1.18,1,1,-698.1,9.32,0
14,disciplined,389.5,1.19,1.21,0,0,1336.8,7.0,0
14,disciplined,531.7,1.06,0.9,0,0,1562.43,4.29,0
14,disciplined,333.3,1.05,0.99,1,0,1397.85,1.86,0
14,disciplined,212.9,0.88,0.83,0,0,1480.25,0.0,0
14,disciplined,367.8,0.96,1.1,0,1,-832.45,1.43,0
14,disciplined,62.3,0.95,0.99,0,0,1134.72,0.0,0
14,disciplined,459.8,0.98,1.03,0,0,1238.36,0.0,0
14,disciplined,984.4,1.05,1.07,0,1,-818.69,1.37,0
14,disciplined,1104.3,1.12,1.07,1,2,-908.18,2.9,0
14,disciplined,23.8,1.6,1.43,0,3,-1239.06,4.98,1
14,disciplined,1336.8,1.16,0.72,0,4,-1609.97,7.68,0
14,disciplined,104.5,1.19,1.03,0,0,1400.94,5.33,0
14,disciplined,228.7,1.13,0.95,1,0,1491.1,2.83,0
14,disciplined,568.0,0.99,0.88,1,1,-1125.92,4.71,0
14,disciplined,1209.2,0.85,0.85,0,0,1166.82,2.76,0
14,disciplined,650.3,0.94,1.11,0,0,1212.17,0.72,0
14,disciplined,302.4,0.98,1.04,0,1,-865.36,2.18,0
14,disciplined,45.3,1.18,1.2,1,0,1118.91,0.3,0
14,disciplined,398.8,1.05,0.89,1,1,-1256.51,2.41,1
14,disciplined,572.2,0.92,0.88,0,2,-1142.05,4.32,0
14,disciplined,73.3,1.04,1.13,0,0,1094.9,2.49,0
14,disciplined,49.9,0.93,0.89,1,1,-1178.98,4.46,0
14,disciplined,233.9,1.14,1.23,0,2,-744.52,5.71,0
14,disciplined,469.2,1.16,1.01,1,3,-1274.55,7.85,0
14,disciplined,680.5,1.05,0.9,1,4,-1169.78,9.81,0
14,disciplined,184.1,1.01,0.96,1,5,-1221.26,11.86,0
14,disciplined,1105.9,1.03,1.02,0,0,1075.23,10.06,0
14,disciplined,177.6,1.13,1.1,0,1,-1210.27,12.09,0
14,disciplined,108.3,0.94,0.83,0,0,1507.66,9.56,0
14,disciplined,386.7,0.82,0.87,0,1,-826.82,10.95,0
14,disciplined,59.8,0.89,1.08,0,0,1213.03,8.91,0
14,disciplined,136.8,0.99,1.11,1,0,1205.81,6.89,0
14,disciplined,715.6,0.98,1.0,0,1,-801.28,8.23,0
14,disciplined,76.8,0.99,1.01,0,2,-1154.84,10.17,0
14,disciplined,334.2,0.93,0.93,0,3,-921.47,11.72,0
14,disciplined,846.7,1.14,1.23,0,4,-914.53,13.25,0
14,disciplined,101.9,0.84,0.74,0,5,-1087.84,15.08,0
14,disciplined,1675.4,0.93,1.11,0,6,-948.64,16.67,0
14,disciplined,468.9,1.05,1.13,0,7,-880.92,18.15,0
14,disciplined,383.9,1.01,0.96,0,8,-1035.31,19.89,0
14,disciplined,42.8,0.84,0.83,0,9,-1155.03,21.82,1
14,disciplined,143.5,0.98,1.16,0,10,-734.09,23.06,0
14,disciplined,10.6,1.17,1.2,0,0,1057.7,21.28,1
14,disciplined,154.6,0.89,0.76,0,1,-1294.53,23.45,0
14,disciplined,432.5,1.14,1.28,0,2,-860.05,24.9,0
14,disciplined,202.7,0.97,0.84,0,3,-1238.48,26.97,0
14,disciplined,284.8,0.98,1.01,0,0,979.93,25.33,0
14,disciplined,17.4,0.96,0.98,0,0,1218.47,23.28,1
14,disciplined,20.7,1.03,1.07,1,0,1275.18,21.15,1
14,disciplined,467.5,0.86,0.84,0,1,-1004.85,22.83,0
14,disciplined,85.9,0.81,0.93,1,0,978.8,21.19,0
14,disciplined,293.8,0.94,1.16,0,0,1017.57,19.48,0
14,disciplined,47.6,1.14,1.22,0,1,-1081.25,21.3,0
14,disciplined,1530.9,0.93,0.82,0,2,-955.66,22.9,0
14,disciplined,192.8,0.94,1.01,0,3,-796.33,24.24,0
14,disciplined,15.6,1.12,1.2,0,0,1018.41,22.53,1
14,disciplined,27.1,0.83,0.73,0,1,-1186.25,24.52,1
14,disciplined,565.9,1.16,1.4,1,0,1050.46,22.75,0
14,disciplined,61.5,1.08,0.93,0,0,1542.6,20.17,0
14,disciplined,1179.6,0.97,0.9,0,0,1383.28,17.84,0
14,disciplined,46.5,0.88,0.9,0,0,1225.23,15.79,0
14,disciplined,93.9,0.85,0.97,0,1,-783.12,17.1,0
14,disciplined,743.2,1.07,1.26,0,2,-942.07,18.68,0
14,disciplined,15.1,0.98,0.91,0,3,-1007.87,20.38,1
14,disciplined,785.1,1.1,1.13,0,0,1134.31,18.47,0
14,disciplined,496.8,0.97,0.88,0,1,-1247.0,20.56,0
14,disciplined,231.3,1.09,1.12,1,0,1416.46,18.19,0
14,disciplined,142.3,1.12,1.03,0,0,1522.29,15.63,0
14,disciplined,73.8,0.92,0.82,0,0,1407.47,13.27,0
14,disciplined,60.6,1.13,1.23,1,1,-957.11,14.88,0
14,disciplined,330.6,1.14,1.01,0,0,1172.24,12.91,0
14,disciplined,424.1,0.99,0.87,0,1,-1350.0,15.18,0
14,disciplined,1639.6,1.0,1.01,0,2,-976.31,16.81,0
14,disciplined,383.1,1.19,1.2,0,3,-1101.18,18.66,0
14,disciplined,75.1,0.99,0.82,0,0,1698.91,15.81,0
14,disciplined,317.7,0.99,1.0,1,1,-1115.23,17.68,0
14,disciplined,293.6,1.13,1.14,0,0,1414.54,15.31,0
14,disciplined,18.4,0.92,0.82,0,1,-1306.41,17.5,1
14,disciplined,334.9,0.92,1.0,0,0,1067.16,15.71,0
14,disciplined,2487.9,0.96,1.04,1,0,1241.54,13.63,0
14,disciplined,327.3,0.87,0.91,0,1,-877.61,15.1,0
14,disciplined,947.0,1.12,1.28,0,0,1197.55,13.09,0
14,disciplined,245.8,1.08,0.96,0,0,1507.88,10.56,0
14,disciplined,191.8,1.04,0.96,0,0,1452.22,8.12,0
14,disciplined,81.1,0.82,0.8,0,1,-993.83,9.79,0
14,disciplined,48.9,0.93,1.13,0,0,1102.56,7.94,0
14,disciplined,298.3,0.92,0.98,0,1,-908.12,9.46,0
14,disciplined,10.8,1.18,1.29,1,2,-812.35,10.83,1
14,disciplined,384.1,1.03,0.87,0,0,1484.23,8.34,0
14,disciplined,264.8,0.82,0.8,0,0,1185.31,6.35,0
14,disciplined,94.4,0.98,1.19,0,1,-871.98,7.81,0
14,disciplined,250.1,0.87,0.88,0,0,1461.36,5.36,0
14,disciplined,123.5,1.13,1.31,0,1,-896.08,6.86,0
14,disciplined,555.3,1.07,0.94,0,2,-1076.05,8.67,0
14,disciplined,334.7,1.72,1.61,0,0,1099.0,6.82,0
14,disciplined,93.1,1.19,0.69,0,1,-1772.23,9.8,0
14,disciplined,83.3,1.06,0.89,0,2,-1234.22,11.87,0
14,disciplined,427.2,1.02,0.97,0,3,-1084.68,13.69,0
14,disciplined,173.9,1.69,1.65,0,0,1209.61,11.66,0
14,disciplined,139.7,1.14,0.68,0,1,-1557.36,14.27,0
14,disciplined,180.9,0.85,0.74,0,2,-1130.39,16.17,0
14,disciplined,243.3,0.86,1.02,0,3,-743.45,17.42,0
14,disciplined,1634.4,1.18,1.37,0,4,-728.98,18.64,0
14,disciplined,109.7,0.83,0.7,1,5,-993.36,20.31,0
14,disciplined,320.1,0.85,1.02,0,0,965.41,18.69,0
14,disciplined,710.2,0.95,1.12,0,0,978.75,17.04,0
14,disciplined,827.5,0.93,0.98,0,0,1071.28,15.25,0
14,disciplined,179.9,1.88,2.02,0,0,1255.21,13.14,1
14,disciplined,645.3,0.9,0.48,0,0,2116.78,9.59,0
14,disciplined,460.9,1.7,1.9,0,1,-890.32,11.08,1
14,disciplined,160.2,1.11,0.65,0,2,-1530.45,13.65,0
14,disciplined,355.4,1.1,0.99,0,3,-1062.03,15.43,0
14,disciplined,1233.2,1.18,1.07,0,4,-992.18,17.1,0
14,disciplined,83.6,0.94,0.8,0,5,-1145.13,19.02,0
15,disciplined,898.4,0.92,0.92,0,0,0.0,0.0,0
15,disciplined,623.7,0.88,0.95,0,0,1233.63,0.0,0
15,disciplined,351.9,0.85,0.97,0,1,-878.44,1.71,0
15,disciplined,120.4,1.11,1.3,1,0,892.55,0.0,0
15,disciplined,605.3,1.05,0.94,0,1,-1132.6,2.21,0
15,disciplined,416.4,0.96,0.91,1,0,1069.44,0.12,0
15,disciplined,498.9,1.02,1.07,1,0,1152.75,0.0,0
15,disciplined,1907.0,0.82,0.8,0,1,-1161.22,2.22,0
15,disciplined,26.2,0.98,1.2,1,0,994.31,0.32,0
15,disciplined,767.4,1.11,1.14,0,1,-900.64,2.04,0
15,disciplined,627.9,0.98,0.88,1,2,-1156.24,4.25,0
15,disciplined,315.7,0.88,0.89,0,0,1292.0,1.78,0
15,disciplined,121.8,0.98,1.12,0,0,1156.81,0.0,0
15,disciplined,77.9,1.16,1.19,0,0,1198.65,0.0,0
15,disciplined,427.3,1.12,0.96,0,0,1347.8,0.0,0
15,disciplined,1122.5,0.94,0.84,0,1,-962.86,1.75,0
15,disciplined,376.5,0.99,1.05,0,0,1311.97,0.0,0
15,disciplined,471.7,1.66,1.68,1,1,-1034.88,1.87,0
15,disciplined,1507.8,1.12,0.67,0,2,-1926.44,5.34,0
15,disciplined,328.8,1.19,1.06,0,3,-1060.03,7.25,0
15,disciplined,571.3,0.93,0.78,1,0,1607.32,4.35,0
15,disciplined,415.9,1.07,1.15,0,0,1214.81,2.16,0
15,disciplined,840.5,1.67,1.57,0,1,-1034.26,4.03,0
15,disciplined,150.4,1.04,0.62,1,0,1980.34,0.46,0
15,disciplined,1631.9,0.82,0.78,0,1,-1244.11,2.7,0
15,disciplined,8.4,0.83,1.02,0,2,-723.89,4.01,1
15,disciplined,178.8,1.79,2.14,1,3,-952.25,5.72,1
15,disciplined,211.2,1.18,0.66,1,0,2131.31,1.88,0
15,disciplined,893.1,0.82,0.7,0,1,-1330.33,4.28,0
15,disciplined,314.6,0.87,1.06,0,2,-716.52,5.57,0
15,disciplined,23.0,0.88,1.0,0,3,-814.83,7.04,1
15,disciplined,963.8,0.83,0.95,0,0,947.21,5.33,0
15,disciplined,3.2,1.8,2.16,0,0,973.85,3.58,0
15,disciplined,158.9,0.82,0.45,0,0,2252.35,0.0,0
15,disciplined,907.8,0.85,1.05,0,0,946.73,0.0,0
15,disciplined,443.4,0.86,1.0,0,1,-829.66,1.46,0
15,disciplined,163.4,0.92,1.07,0,0,862.91,0.0,0
15,disciplined,1.0,1.11,1.2,0,0,1038.99,0.0,0
15,disciplined,2172.2,0.82,0.74,0,1,-1314.22,2.28,0
15,disciplined,487.6,1.13,1.39,0,0,852.85,0.8,0
15,disciplined,279.9,1.09,0.96,0,0,1386.17,0.0,0
15,disciplined,151.2,1.6,1.46,0,1,-1301.0,2.22,0
15,disciplined,16.5,1.12,0.7,0,2,-1592.71,4.93,1
15,disciplined,285.0,1.11,0.99,0,0,1370.7,2.6,0
15,disciplined,32.3,0.85,0.77,0,0,1469.51,0.09,0
15,disciplined,218.1,0.93,1.09,0,0,856.51,0.0,0
15,disciplined,687.3,1.01,1.09,1,1,-1112.48,1.87,0
15,disciplined,194.9,0.98,0.97,0,2,-898.02,3.38,0
15,disciplined,332.7,1.09,1.11,0,3,-1077.28,5.19,0
15,disciplined,150.3,1.04,0.95,0,0,1363.73,2.9,0
15,disciplined,31.1,1.01,0.97,0,0,1516.92,0.35,0
15,disciplined,7.3,1.13,1.12,1,1,-823.33,1.73,0
15,disciplined,254.8,0.95,0.84,0,0,1625.18,0.0,0
15,disciplined,543.7,0.91,0.96,0,1,-948.97,1.58,0
15,disciplined,362.0,0.82,0.9,0,0,1192.49,0.0,0
15,disciplined,237.4,1.07,1.3,0,0,1221.11,0.0,0
15,disciplined,335.1,1.78,1.67,0,0,1292.35,0.0,0
15,disciplined,51.1,0.93,0.52,0,1,-1515.68,2.41,0
15,disciplined,113.2,1.1,1.19,0,2,-755.33,3.61,0
15,disciplined,150.1,0.89,0.81,0,3,-1163.97,5.47,0
15,disciplined,234.7,0.93,1.04,0,4,-995.68,7.05,0
15,disciplined,483.5,1.02,1.1,1,5,-863.66,8.43,0
15,disciplined,281.4,0.93,0.91,0,0,1281.1,6.39,0
15,disciplined,431.9,1.15,1.24,0,0,1177.77,4.51,0
15,disciplined,208.7,1.02,0.88,0,0,1554.21,2.04,0
15,disciplined,814.6,0.85,0.83,0,1,-1076.81,3.75,0
15,disciplined,3.5,1.17,1.39,0,2,-705.2,4.88,1
15,disciplined,268.6,1.06,0.9,0,0,1758.42,2.08,0
15,disciplined,103.8,1.2,1.13,0,0,1294.0,0.02,0
15,disciplined,73.5,1.04,0.87,0,1,-1117.47,1.8,0
15,disciplined,711.1,1.18,1.13,0,0,1450.01,0.0,0
15,disciplined,1474.1,1.69,1.43,0,1,-1371.66,2.17,0
15,disciplined,508.6,1.03,0.61,0,2,-1841.05,5.09,0
15,disciplined,715.1,1.09,1.06,0,3,-1140.79,6.89,0
15,disciplined,791.6,0.98,0.9,0,0,1413.24,4.66,0
15,disciplined,291.4,0.97,0.99,1,0,1185.53,2.78,0
15,disciplined,1.9,1.06,1.1,0,1,-1144.47,4.59,0
15,disciplined,3.3,0.93,0.88,0,2,-887.08,6.0,1
15,disciplined,46.1,0.87,0.93,0,0,1319.8,3.91,0
15,disciplined,3.9,1.15,1.32,1,1,-1034.88,5.54,0
15,disciplined,404.7,0.84,0.73,0,0,1286.58,3.51,0
15,disciplined,120.0,0.97,1.15,0,0,1222.5,1.57,0
15,disciplined,152.5,0.96,0.99,0,1,-1005.87,3.16,0
15,disciplined,343.8,1.11,1.15,0,2,-806.74,4.44,0
15,disciplined,20.3,1.18,1.06,0,0,1244.81,2.47,0
15,disciplined,45.4,1.11,0.94,0,1,-1387.67,4.67,0
15,disciplined,24.9,1.18,1.06,0,0,1533.14,2.24,0
15,disciplined,32.1,0.84,0.71,1,1,-1376.32,4.42,0
15,disciplined,200.1,0.91,1.08,1,2,-699.36,5.53,0
15,disciplined,496.1,1.16,1.27,0,0,938.58,4.04,0
15,disciplined,122.1,0.97,0.84,0,1,-1113.73,5.8,0
15,disciplined,39.7,0.95,0.98,0,2,-858.16,7.16,1
15,disciplined,431.9,1.08,1.14,0,0,1244.95,5.19,0
15,disciplined,373.8,1.18,1.09,0,1,-1235.66,7.15,0
15,disciplined,372.5,0.88,0.75,0,0,1441.89,4.87,0
15,disciplined,474.6,0.88,1.0,0,0,1290.95,2.82,0
15,disciplined,21.9,1.09,1.23,0,0,1212.63,0.9,0
15,disciplined,1742.3,1.05,0.97,1,0,1280.94,0.0,0
15,disciplined,589.1,0.92,0.87,1,0,1537.32,0.0,0
15,disciplined,1.3,0.8,0.87,0,1,-943.79,1.44,0
15,disciplined,971.7,0.99,1.24,1,0,1026.38,0.0,0
15,disciplined,137.4,1.66,1.68,0,0,1047.1,0.0,0
15,disciplined,97.2,1.01,0.61,0,1,-1632.33,2.45,0
15,disciplined,98.1,0.84,0.84,1,2,-963.73,3.9,0
15,disciplined,418.5,1.13,1.34,1,0,1141.29,2.19,0
15,disciplined,247.9,0.99,0.88,0,0,1334.79,0.18,0
15,disciplined,400.1,0.95,0.96,0,0,1079.7,0.0,0
15,disciplined,368.3,1.09,1.15,0,1,-1038.35,1.54,0
15,disciplined,2033.7,1.0,0.92,0,2,-1013.4,3.04,0
15,disciplined,40.3,1.02,1.02,0,3,-1081.14,4.64,1
15,disciplined,30.4,0.82,0.8,0,4,-960.75,6.07,1
15,disciplined,882.2,0.84,1.03,0,0,1001.09,4.58,0
15,disciplined,374.8,1.01,1.2,1,0,985.4,3.12,0
15,disciplined,155.8,1.0,0.99,0,1,-1154.16,4.83,0
15,disciplined,852.4,1.15,1.15,0,2,-859.1,6.11,0
15,disciplined,295.8,1.04,0.91,0,3,-1320.1,8.06,0
15,disciplined,241.3,0.89,0.85,0,0,1424.3,5.95,0
15,disciplined,409.3,1.09,1.23,0,0,923.76,4.58,1
15,disciplined,503.4,0.84,0.77,0,1,-1184.96,6.34,0
15,disciplined,64.1,1.06,1.26,0,2,-692.25,7.36,0
15,disciplined,382.7,0.82,0.78,0,3,-908.21,8.71,0
15,disciplined,63.0,1.13,1.38,0,4,-921.13,10.07,0
15,disciplined,38.3,0.82,0.72,1,5,-1115.93,11.73,1
15,disciplined,32.7,1.15,1.41,0,6,-789.91,12.9,1
15,disciplined,507.7,1.03,0.9,0,7,-1017.49,14.41,0
15,disciplined,794.3,1.0,0.97,0,0,1412.66,12.31,0
15,disciplined,283.7,1.18,1.18,0,1,-892.39,13.64,0
15,disciplined,28.2,0.93,0.79,0,0,1430.02,11.52,1
15,disciplined,381.9,1.04,1.12,1,1,-1052.79,13.08,0
15,disciplined,975.9,0.84,0.81,1,0,1038.14,11.54,0
15,disciplined,398.7,0.98,1.17,0,0,958.42,10.12,0
15,disciplined,289.5,0.82,0.84,0,1,-975.59,11.56,0
15,disciplined,924.5,0.91,1.11,0,2,-978.34,13.01,0
15,disciplined,509.1,1.17,1.28,1,3,-873.23,14.31,0
15,disciplined,252.7,1.17,1.0,0,0,1500.69,12.08,0
15,disciplined,1253.8,1.02,0.87,1,1,-1279.46,13.98,0
15,disciplined,3076.5,1.07,1.05,0,0,1247.53,12.13,0
15,disciplined,153.4,0.92,0.86,0,1,-1005.83,13.62,0
15,disciplined,1319.4,1.02,1.12,0,0,1300.96,11.69,0
15,disciplined,18.9,1.16,1.13,0,0,1159.93,9.97,0
15,disciplined,65.8,1.04,0.9,1,1,-1153.62,11.68,0
15,disciplined,3.8,0.81,0.79,0,0,1073.02,10.09,1
15,disciplined,241.3,0.84,1.03,0,1,-853.83,11.36,0
15,disciplined,219.9,1.11,1.33,0,0,1198.7,9.58,0
15,disciplined,176.4,1.14,1.03,0,0,1325.88,7.62,0
15,disciplined,74.9,0.98,0.86,0,0,1347.52,5.62,0
15,disciplined,154.2,0.83,0.85,1,0,1006.68,4.13,0
15,disciplined,661.0,0.82,0.99,0,0,1073.36,2.54,0
15,disciplined,170.0,1.13,1.37,0,1,-719.82,3.61,0
15,disciplined,220.3,1.84,1.63,0,2,-1144.25,5.3,1
16,disciplined,70.7,0.97,0.97,1,0,0.0,0.0,0
16,disciplined,308.7,1.0,1.03,0,1,-988.49,1.98,0
16,disciplined,614.8,0.86,0.86,1,0,1288.91,0.0,0
16,disciplined,154.6,1.19,1.38,1,0,1002.59,0.0,0
16,disciplined,41.9,0.82,0.69,0,0,1669.32,0.0,0
16,disciplined,15.8,0.91,1.11,0,1,-747.77,1.41,0
16,disciplined,252.5,1.19,1.31,0,2,-761.58,2.85,0
16,disciplined,188.3,1.18,0.99,1,3,-1140.92,5.0,0
16,disciplined,61.0,0.81,0.69,0,0,1178.89,2.78,0
16,disciplined,173.8,0.91,1.12,0,0,1102.81,0.7,0
16,disciplined,178.1,1.1,1.21,0,1,-1072.23,2.72,0
16,disciplined,1236.6,1.06,0.97,1,2,-1254.24,5.09,1
16,disciplined,81.7,0.82,0.77,1,3,-1023.09,7.02,0
16,disciplined,52.4,1.15,1.4,1,0,1190.89,4.77,0
16,disciplined,1217.0,1.1,0.96,1,1,-1220.05,7.07,0
16,disciplined,121.9,0.93,0.85,0,0,1256.87,4.7,0
16,disciplined,117.8,0.9,0.97,0,0,984.7,2.84,0
16,disciplined,1019.8,0.84,0.93,0,0,1225.72,0.53,0
16,disciplined,836.4,1.08,1.29,0,1,-817.39,2.07,0
16,disciplined,33.7,0.97,0.89,1,2,-1292.78,4.51,1
16,disciplined,37.0,0.85,0.88,0,3,-1124.28,6.63,1
16,disciplined,41.3,0.92,1.08,0,4,-753.53,8.06,1
16,disciplined,718.8,1.1,1.2,0,5,-811.74,9.59,0
16,disciplined,144.7,1.13,1.02,0,0,1110.12,7.49,0
16,disciplined,346.7,0.93,0.83,1,1,-1315.42,9.98,0
16,disciplined,1198.0,1.13,1.22,1,2,-894.86,11.67,0
16,disciplined,323.6,1.18,1.04,1,3,-1269.68,14.06,0
16,disciplined,883.9,0.84,0.71,1,4,-958.33,15.87,0
16,disciplined,1159.2,1.13,1.35,0,5,-972.39,17.71,0
16,disciplined,396.6,1.13,1.01,0,0,1402.54,15.06,0
16,disciplined,212.3,0.8,0.71,0,1,-1032.07,17.01,0
16,disciplined,524.2,1.14,1.42,0,2,-704.23,18.34,0
16,disciplined,47.8,0.96,0.84,0,3,-1168.42,20.54,0
16,disciplined,55.5,0.99,1.03,0,4,-847.23,22.14,0
16,disciplined,6.1,1.02,1.03,1,0,1467.28,19.37,1
16,disciplined,75.5,0.86,0.84,0,1,-1030.4,21.32,0
16,disciplined,473.5,0.86,0.99,0,0,1174.59,19.1,0
16,disciplined,50.5,0.87,1.01,0,1,-766.5,20.55,0
16,disciplined,7.1,1.03,1.18,0,0,990.99,18.68,1
16,disciplined,157.2,1.09,1.06,0,1,-843.93,20.27,0
16,disciplined,266.4,1.08,0.99,0,2,-1098.0,22.34,0
16,disciplined,438.3,1.18,1.1,0,0,1107.86,20.25,0
16,disciplined,69.5,1.11,0.94,0,1,-1087.29,22.3,0
16,disciplined,2146.8,0.81,0.72,0,0,1371.89,19.71,0
16,disciplined,47.9,0.89,1.1,0,0,1151.03,17.54,0
16,disciplined,196.7,1.06,1.19,0,1,-1032.96,19.49,0
16,disciplined,1354.5,0.93,0.88,0,0,1063.22,17.48,0
16,disciplined,260.8,0.98,1.05,0,0,1251.98,15.12,0
16,disciplined,406.6,1.69,1.73,0,1,-934.96,16.89,1
16,disciplined,1112.6,2.0,1.18,1,0,2411.09,12.33,1
16,disciplined,479.5,1.02,0.51,0,1,-2045.54,16.2,0
16,disciplined,9.4,0.98,0.96,0,2,-1227.21,18.51,1
16,disciplined,226.8,0.97,0.99,1,3,-1137.7,20.66,0
16,disciplined,512.7,0.94,0.97,0,4,-901.4,22.36,0
16,disciplined,726.7,1.09,1.16,0,0,1287.53,19.93,1
16,disciplined,91.2,1.02,0.93,0,0,1317.04,17.45,0
16,disciplined,14.1,1.07,1.05,1,1,-939.86,19.22,1
16,disciplined,328.0,1.0,0.94,0,0,1479.84,16.43,0
16,disciplined,4.2,0.8,0.8,0,1,-1185.02,18.66,1
16,disciplined,132.9,0.8,1.0,1,0,1012.69,16.75,0
16,disciplined,810.3,1.82,2.26,0,1,-743.01,18.15,1
16,disciplined,536.9,0.92,0.51,0,2,-2043.97,22.01,0
16,disciplined,145.0,1.0,1.09,1,0,1191.2,19.76,0
16,disciplined,349.3,1.95,1.95,0,1,-1071.98,21.79,1
16,disciplined,314.5,1.18,0.6,0,2,-1661.39,24.92,0
16,disciplined,53.4,0.95,0.81,1,0,1237.57,22.59,0
16,disciplined,137.2,1.56,1.64,0,1,-1119.43,24.7,0
16,disciplined,157.5,1.06,0.68,0,2,-1414.27,27.37,0
16,disciplined,74.7,0.88,0.83,1,3,-1180.81,29.6,0
16,disciplined,667.6,1.1,1.26,0,0,1002.43,27.71,0
16,disciplined,72.2,1.7,1.54,1,1,-1280.28,30.12,0
16,disciplined,2.0,1.2,0.7,0,0,2447.05,25.5,1
16,disciplined,81.9,1.83,1.53,0,0,1557.49,22.56,1
16,disciplined,542.0,1.03,0.56,0,1,-1709.37,25.79,0
16,disciplined,702.0,0.96,0.94,0,2,-1003.53,27.69,0
16,disciplined,124.9,1.05,1.09,0,3,-1015.96,29.6,0
16,disciplined,227.0,1.03,0.98,1,0,1288.81,27.17,0
16,disciplined,223.4,1.13,1.1,0,1,-1161.95,29.36,0
16,disciplined,41.4,0.91,0.81,0,2,-1234.81,31.7,1
16,disciplined,61.9,1.01,1.11,0,3,-964.05,33.52,0
16,disciplined,124.6,0.82,0.81,0,4,-1069.48,35.53,0
16,disciplined,46.3,1.18,1.44,0,5,-928.35,37.29,0
16,disciplined,170.2,1.55,1.31,0,6,-1401.38,39.93,0
16,disciplined,1190.4,0.93,0.6,1,7,-1533.46,42.83,0
16,disciplined,35.9,0.8,0.86,1,8,-896.08,44.52,1
16,disciplined,560.5,1.19,1.48,0,0,967.62,42.69,0
16,disciplined,425.5,1.02,0.86,0,1,-1401.13,45.34,0
16,disciplined,122.9,0.87,0.86,1,2,-945.65,47.12,0
16,disciplined,391.7,0.83,0.95,0,0,1225.03,44.81,0
16,disciplined,74.8,1.09,1.31,1,0,872.93,43.16,1
16,disciplined,173.7,0.82,0.75,0,1,-893.01,44.85,0
16,disciplined,205.0,0.8,0.97,1,2,-742.39,46.25,0
16,disciplined,79.4,1.06,1.32,1,0,1000.29,44.36,0
16,disciplined,960.7,1.01,0.96,0,0,1472.24,41.58,0
16,disciplined,821.0,1.19,1.18,0,0,1014.22,39.67,0
16,disciplined,89.3,0.91,0.76,0,1,-1126.28,41.79,0
16,disciplined,29.1,0.88,0.96,0,0,1248.72,39.44,1
16,disciplined,300.6,1.04,1.19,1,1,-999.27,41.32,0
16,disciplined,37.4,0.9,0.86,0,0,1307.57,38.85,1
16,disciplined,15.1,0.94,1.05,1,1,-873.35,40.5,1
16,disciplined,95.9,0.96,1.02,0,0,975.49,38.66,0
16,disciplined,369.2,1.18,1.22,1,0,1407.3,36.0,0
16,disciplined,272.2,1.07,0.91,0,1,-1191.28,38.25,0
16,disciplined,517.3,1.01,0.95,1,2,-1005.61,40.15,0
16,disciplined,1331.9,1.14,1.13,0,3,-866.09,41.79,0
16,disciplined,350.2,0.86,0.75,1,4,-1354.15,44.34,0
16,disciplined,81.3,1.18,1.37,0,0,1064.87,42.33,0
16,disciplined,37.1,0.93,0.79,1,1,-1341.02,44.86,1
16,disciplined,214.4,0.81,0.88,0,2,-937.15,46.63,0
16,disciplined,804.8,0.9,1.11,0,0,1211.57,44.35,0
16,disciplined,127.4,0.86,0.95,0,1,-826.47,45.91,0
16,disciplined,82.5,0.92,1.07,0,2,-783.85,47.39,0
16,disciplined,7.2,1.06,1.15,0,0,1005.73,45.49,1
16,disciplined,186.0,0.99,0.93,0,1,-999.76,47.37,0
16,disciplined,508.8,0.95,0.96,0,2,-953.95,49.18,0
16,disciplined,57.3,0.97,1.02,1,3,-1016.37,51.09,0
16,disciplined,275.2,1.14,1.17,0,4,-1142.75,53.25,0
16,disciplined,377.7,1.08,0.95,0,0,1169.04,51.04,0
16,disciplined,213.9,1.01,0.93,0,0,1554.72,48.11,0
16,disciplined,696.9,0.96,0.95,0,0,1015.59,46.19,0
16,disciplined,653.0,0.92,0.96,0,1,-1060.88,48.19,0
16,disciplined,218.1,1.07,1.17,0,0,1364.18,45.62,0
16,disciplined,1024.2,1.07,1.0,0,1,-1054.59,47.61,0
16,disciplined,343.4,1.07,1.0,0,0,1177.16,45.39,0
16,disciplined,3.9,1.09,1.02,0,1,-1060.22,47.39,1
16,disciplined,23.9,1.1,1.01,0,0,1395.61,44.76,1
16,disciplined,474.4,1.18,1.07,0,0,1555.38,41.82,0
16,disciplined,466.8,1.12,0.95,0,0,1501.12,38.99,0
16,disciplined,20.7,0.92,0.82,0,1,-1278.4,41.4,1
16,disciplined,267.6,0.9,0.98,0,2,-1035.23,43.35,0
16,disciplined,105.1,1.04,1.16,0,0,1328.45,40.84,0
16,disciplined,217.0,1.17,1.12,0,1,-1055.3,42.84,0
16,disciplined,2.1,1.12,0.95,0,0,1578.95,39.86,1
16,disciplined,635.4,1.0,0.89,1,0,1464.13,37.09,0
16,disciplined,140.2,0.84,0.84,0,0,1487.23,34.28,0
16,disciplined,3.6,1.01,1.2,0,0,951.56,32.49,1
16,disciplined,382.3,0.88,0.88,0,1,-930.71,34.25,0
16,disciplined,69.0,0.89,1.01,0,0,1085.29,32.2,0
16,disciplined,109.7,0.88,0.99,0,1,-981.07,34.05,0
16,disciplined,61.3,1.13,1.29,0,2,-731.36,35.43,0
16,disciplined,183.3,1.11,0.97,0,0,1194.92,33.17,0
16,disciplined,189.2,1.7,1.53,0,1,-1118.37,35.28,0
16,disciplined,136.7,0.87,0.51,0,2,-1873.99,38.82,0
16,disciplined,186.2,1.02,1.18,1,3,-912.97,40.55,0
16,disciplined,903.5,0.95,0.93,1,0,1246.38,38.19,0
16,disciplined,1239.8,1.78,1.88,1,1,-879.7,39.85,1
16,disciplined,1626.2,1.01,0.57,0,2,-1509.82,42.7,0
16,disciplined,203.5,1.57,1.55,1,3,-1057.95,44.7,0
16,disciplined,98.8,1.07,0.68,0,0,1782.21,41.34,0
16,disciplined,64.2,1.17,1.09,0,1,-1036.01,43.29,0
17,disciplined,36.8,0.88,0.88,0,0,0.0,0.0,0
17,disciplined,254.3,1.72,1.96,1,0,1036.61,0.0,0
17,disciplined,115.0,1.01,0.59,0,1,-1892.6,3.71,0
17,disciplined,2164.9,1.19,1.18,0,2,-833.48,5.34,0
17,disciplined,34.3,1.59,1.34,0,0,1683.38,2.04,0
17,disciplined,256.0,1.02,0.64,0,0,1767.36,0.0,0
17,disciplined,256.8,1.02,1.01,1,0,1113.78,0.0,0
17,disciplined,65.7,0.88,0.86,0,0,1416.99,0.0,0
17,disciplined,279.1,1.03,1.18,1,0,1060.32,0.0,0
17,disciplined,697.9,0.93,0.9,0,1,-1102.78,1.99,0
17,disciplined,67.2,0.81,0.87,0,2,-826.64,3.49,0
17,disciplined,205.7,0.82,1.02,0,3,-652.68,4.66,0
17,disciplined,882.9,0.85,1.03,1,4,-869.1,6.23,0
17,disciplined,230.6,1.18,1.4,0,5,-723.81,7.54,0
17,disciplined,11.5,1.86,1.57,0,0,1528.5,4.78,0
17,disciplined,470.7,0.84,0.45,1,0,2680.94,0.0,0
17,disciplined,356.3,0.91,1.08,0,0,1202.19,0.0,0
17,disciplined,150.6,0.91,1.0,0,1,-900.5,1.59,0
17,disciplined,82.4,1.0,1.09,0,0,943.78,0.0,0
17,disciplined,76.5,0.97,0.97,1,0,1211.72,0.0,0
17,disciplined,171.7,1.13,1.16,1,0,1216.8,0.0,0
17,disciplined,650.9,1.15,1.02,0,1,-1059.35,1.79,0
17,disciplined,725.3,0.88,0.77,0,2,-1239.29,3.89,0
17,disciplined,592.2,0.95,1.08,0,0,1040.0,2.13,0
17,disciplined,92.2,1.05,1.1,0,1,-1043.4,3.9,0
17,disciplined,1938.8,0.86,0.82,0,2,-1121.21,5.8,0
17,disciplined,267.8,1.15,1.34,0,0,1166.06,3.82,0
17,disciplined,1059.4,0.98,0.86,1,0,1418.81,1.42,0
17,disciplined,664.1,0.88,0.9,0,0,1282.42,0.0,1
17,disciplined,237.6,1.06,1.2,0,0,1043.91,0.0,0
17,disciplined,327.1,0.96,0.9,0,1,-1066.37,1.76,0
17,disciplined,208.6,1.2,1.25,0,0,1037.5,0.05,0
17,disciplined,529.7,1.15,0.96,1,1,-1139.43,1.93,0
17,disciplined,839.3,1.12,0.97,0,0,1233.65,0.0,0
17,disciplined,471.6,1.12,1.01,1,1,-1010.16,1.67,0
17,disciplined,1744.6,0.82,0.73,0,2,-1029.0,3.36,0
17,disciplined,52.0,1.12,1.36,0,0,909.28,1.86,0
17,disciplined,159.2,0.98,0.88,0,0,1188.1,0.0,0
17,disciplined,1152.3,0.9,0.91,0,1,-845.52,1.39,0
17,disciplined,18.2,1.06,1.19,0,2,-750.38,2.63,1
17,disciplined,609.9,1.0,0.94,0,0,1548.18,0.08,0
17,disciplined,653.4,0.96,0.97,0,1,-1057.13,1.82,0
17,disciplined,226.6,0.83,0.87,0,2,-1059.63,3.57,0
17,disciplined,3.5,0.99,1.19,0,3,-755.45,4.81,1
17,disciplined,15.7,0.85,0.86,0,4,-1188.04,6.77,1
17,disciplined,1322.0,0.94,1.11,1,0,1192.33,4.81,0
17,disciplined,756.0,1.13,1.2,0,0,1294.27,2.67,0
17,disciplined,376.3,1.05,0.93,0,1,-915.09,4.18,0
17,disciplined,400.3,1.17,1.11,1,2,-981.4,5.8,0
17,disciplined,74.5,1.99,1.7,0,3,-1401.59,8.11,1
17,disciplined,413.6,1.16,0.58,0,0,2630.51,3.77,0
17,disciplined,383.6,0.82,0.7,0,0,1650.37,1.05,0
17,disciplined,305.1,0.99,1.21,0,1,-822.56,2.41,0
17,disciplined,312.6,1.15,1.17,1,0,1366.89,0.16,0
17,disciplined,114.8,0.85,0.74,0,1,-1105.48,1.98,0
17,disciplined,250.1,1.17,1.37,0,0,1154.36,0.07,0
17,disciplined,10.4,0.89,0.76,0,0,1178.62,0.0,0
17,disciplined,234.0,1.98,2.23,0,1,-767.36,1.24,0
17,disciplined,9.7,0.86,0.43,0,0,2169.42,0.0,0
17,disciplined,141.2,0.91,1.06,0,1,-828.36,1.31,0
17,disciplined,600.1,1.12,1.24,1,0,974.9,0.0,0
17,disciplined,204.4,0.8,0.71,1,0,1258.88,0.0,0
17,disciplined,211.2,1.17,1.46,1,1,-776.37,1.2,0
17,disciplined,14.2,0.83,0.71,1,0,1228.97,0.0,0
17,disciplined,2.6,1.0,1.2,0,0,1170.15,0.0,0
17,disciplined,406.1,1.12,1.12,0,0,1126.39,0.0,0
17,disciplined,25.6,1.64,1.46,0,0,1630.93,0.0,0
17,disciplined,3.6,0.84,0.51,0,0,2044.36,0.0,0
17,disciplined,611.1,1.18,1.4,0,1,-783.67,1.1,0
17,disciplined,110.5,0.85,0.72,0,2,-1055.02,2.59,0
17,disciplined,1531.4,0.88,1.04,1,0,1224.66,0.86,0
17,disciplined,488.2,1.09,1.24,0,0,1313.12,0.0,0
17,disciplined,48.6,0.81,0.74,0,1,-1217.75,1.7,0
17,disciplined,116.4,1.1,1.36,0,2,-944.43,3.01,0
17,disciplined,106.1,1.15,1.04,1,3,-1258.3,4.77,0
17,disciplined,635.7,1.11,0.96,0,0,1643.3,2.48,0
17,disciplined,82.1,1.65,1.49,0,0,1189.65,0.82,0
17,disciplined,2297.2,1.04,0.63,1,0,2063.85,0.0,0
17,disciplined,624.1,1.18,1.13,1,1,-1047.2,1.43,0
17,disciplined,188.9,0.85,0.72,0,2,-1336.6,3.26,0
17,disciplined,643.0,1.02,1.2,0,3,-779.71,4.32,0
17,disciplined,959.6,0.93,0.92,0,4,-993.23,5.68,0
17,disciplined,174.3,1.98,2.12,0,5,-985.3,7.02,1
17,disciplined,452.9,1.2,0.6,0,6,-2256.44,10.11,0
17,disciplined,365.9,1.08,0.9,0,0,1621.83,7.89,0
17,disciplined,148.1,0.95,0.88,0,0,1180.29,6.28,0
17,disciplined,1293.1,1.88,1.97,0,1,-934.04,7.55,0
17,disciplined,11.3,1.18,0.63,1,0,2419.78,4.25,0
17,disciplined,727.6,1.09,0.93,0,1,-1178.62,5.86,0
17,disciplined,9.7,0.97,0.89,0,2,-1123.92,7.39,1
17,disciplined,94.4,0.87,0.9,1,3,-812.07,8.5,0
17,disciplined,220.1,1.64,1.88,0,0,929.98,7.23,0
17,disciplined,96.6,0.91,0.55,0,0,2070.82,4.4,0
17,disciplined,338.1,0.95,1.04,0,0,1344.03,2.57,0
17,disciplined,16.7,1.1,1.16,0,0,1172.44,0.97,0
17,disciplined,778.3,1.07,0.97,0,1,-1275.15,2.71,0
17,disciplined,412.5,1.12,1.05,0,2,-943.03,4.0,1
17,disciplined,378.7,0.88,0.79,1,3,-999.18,5.36,0
17,disciplined,79.6,1.01,1.15,0,4,-800.58,6.46,0
17,disciplined,771.4,1.05,1.05,0,0,1486.02,4.43,0
17,disciplined,891.1,1.07,1.01,1,0,1423.71,2.48,0
17,disciplined,641.8,0.86,0.81,0,0,1082.14,1.0,0
17,disciplined,393.9,0.85,0.98,0,0,1195.44,0.0,0
17,disciplined,777.2,0.98,1.16,0,1,-904.13,1.23,0
17,disciplined,137.6,1.17,1.19,0,0,1052.57,0.0,0
17,disciplined,7.3,1.1,0.94,1,0,1665.7,0.0,0
17,disciplined,472.1,1.11,1.01,1,0,1178.51,0.0,0
17,disciplined,74.7,1.16,1.05,0,0,1544.09,0.0,0
17,disciplined,312.0,1.7,1.46,0,0,1374.2,0.0,0
17,disciplined,575.9,0.82,0.48,0,0,1718.91,0.0,0
17,disciplined,637.7,1.01,1.23,0,0,1210.82,0.0,0
17,disciplined,658.1,1.19,1.18,0,1,-1047.93,1.27,0
17,disciplined,724.2,1.07,0.9,0,0,1501.02,0.0,0
17,disciplined,182.4,0.92,0.87,1,0,1142.6,0.0,0
17,disciplined,292.3,0.83,0.89,0,1,-1015.9,1.21,1
17,disciplined,1398.7,0.94,1.13,0,0,1120.51,0.0,0
17,disciplined,244.6,1.12,1.2,1,1,-750.36,0.89,0
17,disciplined,897.3,1.85,1.65,0,2,-1083.8,2.18,1
17,disciplined,365.3,1.04,0.56,0,3,-1507.03,3.97,0
17,disciplined,298.1,1.05,1.01,0,0,1090.71,2.67,0
17,disciplined,2316.5,1.74,1.66,0,0,1349.25,1.07,0
17,disciplined,148.2,1.12,0.64,0,1,-1931.14,3.36,0
17,disciplined,456.1,1.12,1.01,0,2,-1048.05,4.61,0
17,disciplined,17.5,0.97,0.86,0,3,-1260.83,6.1,1
17,disciplined,892.0,1.1,1.13,0,4,-1039.34,7.34,0
17,disciplined,752.7,1.1,1.0,0,0,1632.09,5.4,0
17,disciplined,63.5,0.82,0.75,0,0,1208.08,3.97,0
17,disciplined,280.7,1.08,1.32,0,1,-794.01,4.91,0
17,disciplined,113.9,1.19,1.1,0,2,-1271.82,6.42,0
17,disciplined,238.2,0.95,0.8,0,0,1643.91,4.47,0
17,disciplined,288.3,0.86,0.91,0,1,-869.86,5.5,0
17,disciplined,787.8,1.1,1.27,0,0,1156.0,4.13,0
17,disciplined,643.7,0.94,0.85,0,1,-1218.69,5.57,0
17,disciplined,64.9,0.89,0.94,0,2,-1018.12,6.78,0
17,disciplined,65.1,1.01,1.15,1,0,1241.89,5.31,1
17,disciplined,166.1,0.87,0.86,0,1,-977.11,6.47,0
17,disciplined,0.3,1.08,1.23,0,2,-881.72,7.52,1
17,disciplined,3335.4,1.01,0.93,1,3,-971.13,8.67,0
17,disciplined,18.5,0.93,0.93,0,4,-1090.51,9.96,1
17,disciplined,19.6,1.19,1.27,0,5,-817.66,10.94,1
17,disciplined,13.3,0.95,0.8,1,0,1264.88,9.43,0
17,disciplined,236.6,1.06,1.11,1,1,-1061.89,10.69,1
17,disciplined,1028.8,1.15,1.09,1,2,-1095.3,11.99,0
17,disciplined,361.5,1.17,1.01,1,0,1269.54,10.49,0
17,disciplined,114.5,0.98,0.84,0,1,-1313.33,12.05,0
17,disciplined,224.1,1.12,1.13,0,0,1187.0,10.64,0
17,disciplined,168.8,1.04,0.93,0,0,1624.63,8.71,0
17,disciplined,598.1,1.14,1.1,1,1,-1000.72,9.9,0
17,disciplined,155.0,0.84,0.73,0,2,-921.57,10.99,0
17,disciplined,118.2,1.09,1.3,0,3,-706.09,11.83,0
18,disciplined,912.7,1.81,1.81,0,0,0.0,0.0,0
18,disciplined,655.4,0.96,0.53,0,0,2482.01,0.0,0
18,disciplined,343.1,1.06,1.11,0,1,-1145.63,2.18,0
18,disciplined,710.4,0.81,0.76,1,0,1348.57,0.0,0
18,disciplined,405.9,1.01,1.25,0,0,916.15,0.0,0
18,disciplined,205.3,1.18,1.17,1,0,1377.24,0.0,0
18,disciplined,519.5,1.18,1.0,0,1,-1220.68,2.22,0
18,disciplined,249.4,1.05,0.9,0,2,-1413.07,4.79,0
18,disciplined,213.7,0.91,0.86,0,0,1279.09,2.46,0
18,disciplined,60.3,1.19,1.31,0,1,-914.89,4.13,0
18,disciplined,313.8,0.95,0.8,1,0,1356.3,1.66,0
18,disciplined,0.9,1.0,1.06,0,1,-923.95,3.34,0
18,disciplined,10.9,1.07,1.07,0,2,-888.67,4.96,0
18,disciplined,1023.5,0.82,0.77,0,0,1327.96,2.54,1
18,disciplined,1069.2,1.91,2.32,0,1,-965.17,4.3,0
18,disciplined,121.1,1.17,0.61,1,0,2596.18,0.0,0
18,disciplined,37.5,1.82,1.56,1,0,1188.18,0.0,0
18,disciplined,41.5,1.04,0.57,0,0,2444.2,0.0,0
18,disciplined,58.6,1.19,1.14,0,0,1366.19,0.0,0
18,disciplined,162.4,1.09,0.92,0,0,1620.54,0.0,0
18,disciplined,14.2,0.89,0.82,0,1,-995.06,1.61,0
18,disciplined,980.5,1.07,1.19,0,0,1004.71,0.0,0
18,disciplined,115.2,1.06,0.99,0,1,-1005.15,1.63,0
18,disciplined,516.4,0.84,0.79,0,2,-1141.57,3.47,0
18,disciplined,167.5,0.83,0.99,0,3,-830.81,4.81,0
18,disciplined,314.7,1.1,1.33,0,4,-872.41,6.23,0
18,disciplined,660.0,0.98,0.9,1,5,-1080.3,7.97,0
18,disciplined,226.3,1.78,1.81,1,0,1362.5,5.77,0
18,disciplined,51.6,0.95,0.53,0,0,2074.88,2.41,0
18,disciplined,209.0,1.14,1.2,0,0,1112.09,0.62,0
18,disciplined,411.1,0.8,0.71,0,1,-1084.39,2.37,0
18,disciplined,541.4,0.89,1.11,1,2,-762.91,3.6,1
18,disciplined,736.8,1.03,1.15,0,0,1258.27,1.57,0
18,disciplined,1208.7,0.82,0.8,0,0,1130.74,0.0,0
18,disciplined,1213.0,1.04,1.26,1,1,-983.76,1.59,0
18,disciplined,136.0,1.08,1.04,0,2,-918.82,3.07,0
18,disciplined,250.2,1.05,0.98,1,3,-1107.33,4.85,0
18,disciplined,12.1,0.87,0.83,0,4,-1229.82,6.84,1
18,disciplined,49.5,0.85,0.98,0,0,1251.04,4.82,0
18,disciplined,220.5,0.94,1.1,0,0,1051.11,3.13,1
18,disciplined,83.3,1.06,1.13,0,1,-1116.01,4.93,0
18,disciplined,766.4,1.01,0.95,0,2,-862.09,6.32,0
18,disciplined,200.6,1.15,1.14,1,3,-847.66,7.68,0
18,disciplined,442.7,0.86,0.75,0,4,-1035.95,9.35,0
18,disciplined,366.3,0.89,1.03,0,5,-1009.91,10.98,0
18,disciplined,105.4,1.07,1.19,0,0,959.01,9.44,0
18,disciplined,845.7,0.91,0.85,0,1,-914.27,10.91,0
18,disciplined,272.1,1.9,2.09,1,2,-957.5,12.45,1
18,disciplined,51.6,1.11,0.59,0,3,-1523.66,14.91,0
18,disciplined,1115.9,0.97,0.87,0,4,-898.27,16.36,0
18,disciplined,7.5,0.92,0.95,1,0,1244.75,14.35,1
18,disciplined,30.9,0.85,0.92,0,1,-971.55,15.92,1
18,disciplined,321.1,0.87,1.02,0,2,-912.17,17.39,0
18,disciplined,447.3,1.01,1.16,0,0,1207.1,15.44,0
18,disciplined,400.3,0.85,0.84,1,1,-944.76,16.97,0
18,disciplined,45.9,1.08,1.28,0,0,924.44,15.48,0
18,disciplined,832.4,1.04,0.96,0,1,-1239.7,17.48,0
18,disciplined,298.2,1.2,1.15,0,0,1292.54,15.39,0
18,disciplined,318.7,1.17,0.97,0,1,-1159.63,17.26,0
18,disciplined,595.1,1.01,0.87,1,2,-972.88,18.83,0
18,disciplined,8.4,1.06,1.05,0,3,-968.53,20.39,1
18,disciplined,804.6,0.92,0.86,0,4,-927.26,21.89,0
18,disciplined,132.5,1.08,1.17,0,5,-955.77,23.43,0
18,disciplined,0.1,1.58,1.47,0,0,1350.8,21.25,1
18,disciplined,6.0,0.93,0.59,0,1,-1276.04,23.31,1
18,disciplined,23.4,1.59,1.71,0,2,-1101.24,25.09,1
18,disciplined,55.5,0.93,0.59,1,3,-1452.06,27.43,0
18,disciplined,145.0,1.03,1.11,0,0,968.51,25.87,0
18,disciplined,0.1,1.13,1.1,0,0,1273.42,23.81,1
18,disciplined,389.4,0.84,0.74,0,1,-1222.33,25.78,0
18,disciplined,116.6,1.08,1.29,0,0,1237.82,23.79,1
18,disciplined,132.8,0.95,0.88,0,1,-965.47,25.34,0
18,disciplined,9.5,1.02,1.07,0,2,-1094.96,27.11,1
18,disciplined,15.0,1.0,0.98,1,3,-961.29,28.66,1
18,disciplined,83.7,0.87,0.87,0,4,-972.84,30.23,0
18,disciplined,460.7,0.93,1.07,1,0,904.61,28.77,0
18,disciplined,111.7,0.95,1.03,0,0,1041.61,27.09,0
18,disciplined,2085.6,0.89,0.94,1,1,-1135.86,28.92,0
18,disciplined,80.0,0.85,0.95,0,2,-1018.69,30.57,0
18,disciplined,461.3,1.07,1.26,0,0,1073.58,28.83,0
18,disciplined,150.8,1.04,0.97,0,0,1150.4,26.98,0
18,disciplined,357.5,0.85,0.82,1,1,-836.72,28.33,0
18,disciplined,121.1,0.9,1.06,0,0,1181.24,26.42,0
18,disciplined,281.7,1.08,1.2,0,1,-1031.13,28.09,0
18,disciplined,122.7,1.03,0.96,1,0,1182.57,26.18,0
18,disciplined,276.2,1.15,1.11,0,0,1451.9,23.84,0
18,disciplined,250.2,0.95,0.83,0,1,-1053.87,25.54,0
18,disciplined,216.2,1.12,1.18,0,0,1019.05,23.89,0
18,disciplined,673.3,0.96,0.85,0,1,-1326.74,26.03,0
18,disciplined,348.8,0.85,0.89,1,0,1030.3,24.37,0
18,disciplined,381.0,1.03,1.21,1,1,-751.58,25.58,0
18,disciplined,207.2,1.13,1.09,0,0,1291.14,23.5,0
18,disciplined,394.3,0.85,0.75,1,0,1541.91,21.01,0
18,disciplined,711.2,0.87,1.03,0,0,1031.28,19.35,0
18,disciplined,705.5,1.6,1.83,1,1,-950.75,20.88,1
18,disciplined,179.6,0.84,0.52,0,0,2012.81,17.64,0
18,disciplined,698.1,1.11,1.33,0,0,875.57,16.23,0
18,disciplined,204.8,1.03,0.93,1,0,1238.76,14.23,0
18,disciplined,906.2,1.19,1.15,1,0,1223.06,12.26,0
18,disciplined,463.4,0.97,0.81,0,1,-1295.6,14.35,0
18,disciplined,15.7,1.03,1.06,0,0,1401.68,12.08,1
18,disciplined,142.1,0.98,0.95,0,0,1071.6,10.36,0
18,disciplined,804.4,1.01,1.03,0,0,1437.06,8.04,0
18,disciplined,17.8,0.81,0.81,1,1,-1179.65,9.94,0
18,disciplined,155.5,0.97,1.2,0,0,923.58,8.45,0
18,disciplined,101.5,1.11,1.13,0,1,-871.38,9.86,0
18,disciplined,121.1,1.18,1.06,1,0,1539.93,7.37,0
18,disciplined,166.3,1.14,0.97,0,1,-1260.07,9.41,0
18,disciplined,1030.8,1.07,0.93,0,2,-1227.62,11.39,0
18,disciplined,112.2,1.92,1.8,0,0,1340.19,9.22,0
18,disciplined,2715.9,0.95,0.5,0,0,2507.26,5.18,0
18,disciplined,1829.1,1.0,1.05,0,1,-851.04,6.55,0
18,disciplined,1463.3,1.07,1.06,0,2,-1082.91,8.3,0
18,disciplined,170.7,0.94,0.88,0,3,-935.3,9.81,0
18,disciplined,22.2,1.0,1.06,1,4,-1128.3,11.63,1
18,disciplined,130.5,1.07,1.07,0,0,1367.26,9.42,0
18,disciplined,110.6,0.99,0.92,0,1,-1048.64,11.11,0
18,disciplined,436.0,1.92,1.93,0,2,-824.76,12.44,1
18,disciplined,327.6,1.12,0.59,0,3,-2173.78,15.95,0
18,disciplined,276.7,0.84,0.75,0,0,1279.93,13.89,0
18,disciplined,722.8,1.57,1.87,1,1,-949.57,15.42,1
18,disciplined,2095.2,0.83,0.53,0,2,-1449.59,17.75,0
18,disciplined,47.2,1.12,1.35,0,0,1069.76,16.03,0
18,disciplined,385.7,0.91,0.81,0,1,-1129.34,17.85,0
18,disciplined,86.2,1.04,1.14,0,0,1209.85,15.9,0
18,disciplined,79.9,0.86,0.83,0,1,-973.08,17.47,0
18,disciplined,525.2,0.91,1.05,0,2,-942.14,18.99,0
18,disciplined,61.9,0.96,1.05,0,0,1326.53,16.85,0
18,disciplined,209.8,0.88,0.93,0,0,1138.94,15.01,0
18,disciplined,21.6,1.06,1.2,0,0,1315.02,12.89,1
18,disciplined,2435.3,0.99,0.93,0,1,-973.02,14.46,0
18,disciplined,488.7,0.96,0.97,1,2,-986.76,16.05,0
18,disciplined,862.0,0.86,0.9,0,0,1036.89,14.38,0
18,disciplined,124.1,0.91,1.06,0,1,-769.09,15.62,0
18,disciplined,52.2,0.95,1.04,0,2,-812.41,16.93,0
18,disciplined,269.7,1.02,1.07,0,3,-1098.22,18.7,0
18,disciplined,447.8,0.94,0.92,1,0,1078.55,16.96,0
18,disciplined,49.8,1.04,1.1,0,0,981.99,15.38,0
18,disciplined,29.4,1.11,1.07,0,1,-911.69,16.85,1
18,disciplined,78.9,1.07,0.97,0,2,-1211.33,18.8,0
18,disciplined,460.4,0.9,0.84,0,3,-1284.81,20.87,0
18,disciplined,433.1,0.99,1.1,0,4,-871.3,22.28,0
18,disciplined,447.1,0.91,0.92,0,0,1202.17,20.34,0
18,disciplined,96.8,1.15,1.27,0,1,-821.9,21.67,0
18,disciplined,874.5,0.86,0.74,0,2,-1181.27,23.57,0
18,disciplined,229.9,0.94,1.1,1,0,1233.22,21.58,0
18,disciplined,1250.5,1.95,2.08,0,1,-1068.51,23.31,1
18,disciplined,52.7,1.06,0.55,0,0,2497.25,19.28,0
18,disciplined,135.0,0.84,0.79,0,0,1456.62,16.93,0
18,disciplined,2.8,0.91,1.08,0,1,-915.54,18.41,1
19,disciplined,313.1,1.17,1.17,0,0,0.0,0.0,0
19,disciplined,789.8,0.95,0.82,0,0,1493.49,0.0,0
19,disciplined,442.1,1.06,1.11,0,1,-1050.4,2.04,0
19,disciplined,285.3,1.14,1.07,0,2,-1145.13,4.26,0
19,disciplined,1294.8,1.07,0.94,0,0,1479.51,1.39,0
19,disciplined,1636.2,1.09,1.02,1,0,1545.99,0.0,0
19,disciplined,882.3,0.89,0.82,0,0,1086.08,0.0,0
19,disciplined,465.4,1.04,1.17,1,0,980.99,0.0,0
19,disciplined,597.1,0.86,0.82,0,0,1136.68,0.0,0
19,disciplined,312.0,1.05,1.23,0,1,-957.77,1.72,0
19,disciplined,10.6,1.01,0.96,0,0,1220.22,0.0,0
19,disciplined,1383.5,1.1,1.09,1,1,-939.4,1.68,0
19,disciplined,370.3,1.19,1.08,0,0,1575.66,0.0,0
19,disciplined,9.6,0.84,0.7,0,1,-1246.57,2.21,0
19,disciplined,53.1,0.81,0.97,0,0,852.89,0.7,0
19,disciplined,206.1,0.99,1.22,1,1,-901.14,2.29,0
19,disciplined,434.9,1.18,1.19,0,2,-1077.71,4.2,0
19,disciplined,13.6,1.11,0.94,1,0,1287.85,1.92,0
19,disciplined,778.2,1.14,1.03,0,1,-1081.83,3.84,0
19,disciplined,386.7,1.79,1.58,0,0,1161.24,1.78,0
19,disciplined,300.2,1.04,0.58,0,1,-2067.83,5.45,0
19,disciplined,229.6,1.18,1.13,0,2,-988.78,7.2,0
19,disciplined,1139.5,1.16,0.98,0,3,-1279.82,9.47,0
19,disciplined,408.5,1.18,1.02,0,4,-970.89,11.19,0
19,disciplined,226.4,1.13,0.96,0,5,-1198.94,13.31,0
19,disciplined,116.1,1.12,0.99,1,6,-1166.42,15.38,0
19,disciplined,77.3,0.97,0.86,1,7,-1137.76,17.4,0
19,disciplined,98.9,1.12,1.16,1,0,1063.16,15.51,0
19,disciplined,55.4,1.17,1.04,0,1,-959.01,17.21,0
19,disciplined,265.4,1.06,0.91,0,2,-1157.43,19.26,0
19,disciplined,1376.9,1.08,1.02,1,0,1281.3,16.99,0
19,disciplined,345.6,1.07,0.99,1,1,-1042.77,18.84,0
19,disciplined,462.0,0.8,0.75,1,2,-1264.41,21.08,0
19,disciplined,464.1,1.05,1.3,0,0,942.58,19.41,0
19,disciplined,19.9,1.94,1.85,1,1,-1122.41,21.4,1
19,disciplined,365.8,0.8,0.41,0,0,2320.47,17.29,0
19,disciplined,25.1,0.89,1.11,1,0,1098.02,15.34,1
19,disciplined,199.6,1.0,1.13,0,1,-763.62,16.69,0
19,disciplined,13.0,0.94,0.93,0,0,1226.88,14.52,1
19,disciplined,32.4,0.83,0.89,0,1,-1021.56,16.33,0
19,disciplined,6.8,1.11,1.34,0,0,895.4,14.74,1
19,disciplined,528.8,0.99,0.89,0,0,1176.52,12.66,1
19,disciplined,743.3,0.9,0.92,0,1,-959.02,14.36,0
19,disciplined,32.4,0.84,0.93,0,0,981.74,12.62,1
19,disciplined,129.8,1.06,1.27,0,0,863.0,11.09,0
19,disciplined,576.0,0.87,0.82,1,1,-1079.95,13.0,0
19,disciplined,850.4,1.01,1.16,0,0,1034.39,11.17,0
19,disciplined,1274.8,1.61,1.59,0,0,1027.15,9.35,0
19,disciplined,171.4,0.97,0.6,1,0,1776.58,6.2,0
19,disciplined,600.6,1.01,1.05,1,0,979.62,4.46,0
19,disciplined,74.9,1.19,1.18,1,1,-1052.9,6.33,0
19,disciplined,95.1,1.11,0.93,0,0,1443.05,3.77,0
19,disciplined,1182.1,0.91,0.82,0,1,-1296.69,6.07,0
19,disciplined,17.4,1.12,1.23,1,2,-895.62,7.66,1
19,disciplined,96.7,0.86,0.77,0,3,-1139.57,9.68,0
19,disciplined,212.5,1.16,1.35,1,0,1197.51,7.56,0
19,disciplined,1486.1,0.93,0.8,0,1,-1077.24,9.46,1
19,disciplined,7.1,1.13,1.22,0,2,-806.54,10.89,1
19,disciplined,103.8,1.16,1.02,0,3,-1016.57,12.7,0
19,disciplined,309.5,1.13,0.97,0,0,1690.91,9.7,0
19,disciplined,258.6,0.82,0.73,1,0,1254.47,7.48,0
19,disciplined,310.1,0.89,1.08,0,1,-872.39,9.02,0
19,disciplined,878.2,1.04,1.17,0,2,-937.98,10.68,0
19,disciplined,158.0,0.81,0.79,0,0,1190.98,8.57,0
19,disciplined,8.2,1.16,1.43,1,1,-883.5,10.14,1
19,disciplined,680.8,0.89,0.76,0,0,1352.83,7.74,0
19,disciplined,89.2,1.18,1.33,0,0,1237.0,5.55,0
19,disciplined,157.2,1.01,0.85,0,1,-1075.14,7.45,0
19,disciplined,762.2,0.9,0.9,1,0,1276.05,5.19,0
19,disciplined,321.3,1.1,1.22,0,1,-994.81,6.96,0
19,disciplined,894.6,1.15,1.04,0,2,-939.49,8.62,0
19,disciplined,316.4,1.09,0.95,0,3,-1229.51,10.8,0
19,disciplined,8.9,1.13,1.03,1,4,-1054.32,12.67,1
19,disciplined,71.5,1.01,0.9,0,5,-1238.59,14.86,0
19,disciplined,6.8,0.91,0.9,0,6,-1027.52,16.68,1
19,disciplined,419.7,0.91,1.0,1,7,-775.73,18.06,0
19,disciplined,116.0,1.03,1.13,0,8,-740.74,19.37,0
19,disciplined,457.1,0.95,0.92,1,9,-1068.11,21.27,0
19,disciplined,6.3,1.16,1.22,0,10,-1072.83,23.17,1
19,disciplined,84.6,0.99,0.85,0,11,-1293.12,25.46,0
19,disciplined,11.2,1.11,1.12,0,12,-1071.69,27.36,1
19,disciplined,267.3,1.02,0.92,0,0,1409.73,24.86,0
19,disciplined,6.0,0.93,0.91,1,0,1066.83,22.97,1
19,disciplined,156.5,1.15,1.23,0,0,994.96,21.21,0
19,disciplined,9.3,1.16,1.01,0,1,-1107.51,23.17,1
19,disciplined,233.4,0.91,0.79,0,2,-1353.33,25.57,0
19,disciplined,676.7,1.08,1.18,0,3,-891.29,27.15,0
19,disciplined,362.2,1.13,1.04,1,4,-1191.55,29.26,0
19,disciplined,163.5,1.02,0.9,0,0,1617.19,26.39,0
19,disciplined,18.0,0.82,0.8,0,1,-1160.19,28.45,1
19,disciplined,80.4,1.03,1.26,1,2,-799.93,29.87,0
19,disciplined,320.0,1.09,1.05,0,0,1286.88,27.59,0
19,disciplined,1480.4,0.97,0.9,0,0,1093.08,25.65,0
19,disciplined,1409.9,0.84,0.86,0,1,-957.6,27.34,0
19,disciplined,12.8,0.93,1.11,1,0,1141.23,25.32,1
19,disciplined,658.9,1.02,1.1,0,0,1064.09,23.44,0
19,disciplined,520.8,1.16,1.14,0,1,-1162.56,25.5,0
19,disciplined,154.6,0.87,0.75,0,0,1371.07,23.07,0
19,disciplined,529.4,0.81,0.93,0,1,-814.75,24.51,0
19,disciplined,65.9,1.12,1.38,1,2,-897.92,26.1,0
19,disciplined,339.3,1.19,1.07,1,0,1306.07,23.79,0
19,disciplined,703.2,1.17,0.99,0,1,-1238.23,25.98,0
19,disciplined,795.5,1.2,1.02,1,0,1674.62,23.01,0
19,disciplined,576.9,1.01,0.84,0,0,1687.23,20.02,0
19,disciplined,17.8,1.18,1.17,0,0,1169.47,17.95,1
19,disciplined,125.2,0.81,0.69,1,0,1218.87,15.79,0
19,disciplined,776.3,0.93,1.14,0,0,1175.08,13.71,0
19,disciplined,18.6,0.87,0.94,0,1,-1056.8,15.58,1
19,disciplined,87.9,0.93,1.07,0,2,-833.36,17.06,0
19,disciplined,623.6,0.88,0.95,0,3,-1037.76,18.9,0
19,disciplined,12.5,1.16,1.32,0,0,900.19,17.3,1
19,disciplined,94.4,1.07,0.92,1,1,-1383.27,19.75,0
19,disciplined,38.6,1.18,1.11,1,0,1461.93,17.16,1
19,disciplined,151.0,0.96,0.81,0,0,1479.43,14.54,0
19,disciplined,341.5,1.93,2.01,0,0,1400.0,12.06,1
19,disciplined,281.1,0.92,0.48,0,1,-1796.04,15.24,0
19,disciplined,642.1,0.83,0.9,0,0,1039.17,13.4,0
19,disciplined,239.4,1.04,1.24,0,0,921.94,11.77,0
19,disciplined,621.9,0.94,0.91,0,0,1358.69,9.36,0
19,disciplined,77.1,1.2,1.27,0,0,995.07,7.6,0
19,disciplined,956.6,1.81,1.51,0,0,1305.76,5.28,0
19,disciplined,361.5,0.99,0.55,1,0,2595.73,0.68,0
19,disciplined,161.4,0.89,0.9,0,1,-894.57,2.27,0
19,disciplined,714.6,0.97,1.09,0,0,1064.95,0.38,0
19,disciplined,3.0,1.02,1.06,0,0,1077.71,0.0,0
19,disciplined,830.6,1.19,1.16,0,0,1295.07,0.0,0
19,disciplined,304.4,0.94,0.8,0,0,1693.65,0.0,0
19,disciplined,1221.4,0.9,0.96,0,0,1354.67,0.0,0
19,disciplined,157.0,0.82,0.91,0,1,-860.3,1.4,0
19,disciplined,267.8,0.98,1.19,0,2,-751.05,2.61,0
19,disciplined,986.6,1.16,1.19,0,0,1305.64,0.5,0
19,disciplined,360.0,1.14,0.98,0,0,1227.47,0.0,0
19,disciplined,441.1,1.05,0.93,1,0,1216.1,0.0,0
19,disciplined,308.3,1.05,0.99,0,0,1474.62,0.0,0
19,disciplined,30.5,1.14,1.09,0,1,-1048.32,1.61,0
19,disciplined,278.1,0.86,0.75,0,0,1692.69,0.0,0
19,disciplined,124.8,0.89,1.03,1,0,870.42,0.0,0
19,disciplined,170.8,0.87,0.98,0,0,973.04,0.0,0
19,disciplined,149.6,0.8,0.92,0,0,968.98,0.0,0
19,disciplined,68.3,1.03,1.29,0,1,-784.98,1.14,0
19,disciplined,1516.8,0.99,0.96,0,0,1038.67,0.0,0
19,disciplined,33.6,1.11,1.12,0,1,-1156.4,1.68,0
19,disciplined,147.5,1.1,1.0,1,2,-1036.84,3.18,0
19,disciplined,390.4,0.84,0.76,0,3,-1297.65,5.06,0
19,disciplined,102.2,1.12,1.33,0,4,-879.42,6.34,0
19,disciplined,16.0,1.0,0.9,0,5,-1134.5,7.98,1
19,disciplined,230.5,0.8,0.8,0,6,-1051.96,9.51,0
19,disciplined,420.2,0.83,1.03,0,7,-688.43,10.51,0
19,disciplined,458.8,0.98,1.18,0,8,-855.93,11.75,0
19,disciplined,44.6,1.14,1.17,0,0,1423.9,9.68,0
20,revenge_tilt,405.7,0.95,0.95,1,0,0.0,0.0,1
20,revenge_tilt,514.4,0.96,1.01,0,0,1057.66,0.0,0
20,revenge_tilt,847.0,1.13,1.18,1,1,-1003.32,1.97,0
20,revenge_tilt,688.3,1.04,0.92,1,0,1461.18,0.0,0
20,revenge_tilt,288.3,0.84,0.81,1,1,-880.91,1.71,0
20,revenge_tilt,821.8,1.17,1.4,1,2,-757.29,3.18,0
20,revenge_tilt,63.6,2.66,2.26,1,3,-942.53,5.01,1
20,revenge_tilt,30.5,2.94,1.11,1,4,-2348.64,9.57,1
20,revenge_tilt,1289.7,1.04,0.35,0,0,4180.05,1.45,1
20,revenge_tilt,1375.5,1.07,1.03,0,1,-1047.38,3.49,0
20,revenge_tilt,14.6,2.47,2.3,1,2,-1273.22,5.96,0
20,revenge_tilt,7.0,1.34,0.54,1,3,-2535.98,10.88,1
20,revenge_tilt,426.1,1.03,0.77,1,4,-1552.24,13.9,0
20,revenge_tilt,4.2,3.71,3.6,1,5,-861.64,15.57,1
20,revenge_tilt,377.6,3.38,0.91,1,6,-4219.54,23.76,1
20,revenge_tilt,34.2,2.04,0.6,1,7,-3611.89,30.77,1
20,revenge_tilt,18.3,2.19,1.07,1,8,-2419.55,35.47,1
20,revenge_tilt,9.4,3.54,1.62,1,9,-1886.93,39.13,1
20,revenge_tilt,4.8,1.13,0.32,1,10,-2836.72,44.64,1
20,revenge_tilt,62.7,3.11,2.75,0,11,-1286.34,47.13,1
20,revenge_tilt,97.4,1.23,0.39,1,12,-3615.57,54.15,0
20,revenge_tilt,17.0,0.92,0.75,1,13,-1181.49,56.44,1
20,revenge_tilt,90.4,1.0,1.08,0,0,1254.61,54.01,0
20,revenge_tilt,739.2,1.0,1.01,0,0,1051.53,51.97,0
20,revenge_tilt,36.6,0.92,0.92,0,1,-835.94,53.59,1
20,revenge_tilt,81.5,1.0,1.08,0,0,1126.84,51.4,0
20,revenge_tilt,877.8,0.93,0.93,1,0,1314.52,48.85,0
20,revenge_tilt,145.5,0.87,0.94,0,0,1064.2,46.79,0
20,revenge_tilt,58.8,0.99,1.13,0,0,1300.26,44.26,0
20,revenge_tilt,214.7,1.03,1.04,1,1,-791.76,45.8,0
20,revenge_tilt,90.9,1.25,1.22,1,2,-1208.87,48.15,0
20,revenge_tilt,361.9,1.04,0.84,0,0,1579.26,45.08,0
20,revenge_tilt,78.7,0.84,0.81,0,1,-1206.7,47.42,0
20,revenge_tilt,187.7,1.12,1.33,1,2,-861.35,49.09,0
20,revenge_tilt,100.2,0.82,0.73,0,0,1353.42,46.47,0
20,revenge_tilt,726.0,0.93,1.14,0,0,1141.24,44.25,0
20,revenge_tilt,52.8,1.18,1.27,1,1,-1020.13,46.23,0
20,revenge_tilt,0.2,2.48,2.11,1,2,-1143.95,48.45,1
20,revenge_tilt,66.8,2.94,1.18,1,3,-2001.22,52.34,1
20,revenge_tilt,26.1,1.19,0.41,0,0,2971.97,46.57,1
20,revenge_tilt,216.8,1.06,0.89,0,1,-1056.87,48.62,0
20,revenge_tilt,6.2,2.93,2.76,1,2,-1200.55,50.95,1
20,revenge_tilt,263.8,0.89,0.3,0,0,3509.78,44.14,0
20,revenge_tilt,233.0,1.12,1.26,0,0,1281.63,41.65,0
20,revenge_tilt,582.0,0.84,0.75,0,1,-900.56,43.4,0
20,revenge_tilt,20.4,2.44,2.92,1,2,-828.43,45.01,1
20,revenge_tilt,22.6,1.09,0.45,1,3,-2590.71,50.03,1
20,revenge_tilt,65.0,1.14,1.04,0,0,1345.65,47.42,0
20,revenge_tilt,357.3,1.08,0.95,0,0,1218.32,45.06,0
20,revenge_tilt,446.2,0.85,0.79,1,0,1186.06,42.76,0
20,revenge_tilt,255.9,1.13,1.33,0,1,-996.56,44.69,0
20,revenge_tilt,23.0,2.79,2.46,1,2,-1315.56,47.24,1
20,revenge_tilt,73.1,0.99,0.36,0,0,3631.88,40.19,0
20,revenge_tilt,1952.8,0.96,0.97,1,1,-871.35,41.88,0
20,revenge_tilt,331.5,1.1,1.14,0,0,1339.76,39.28,0
20,revenge_tilt,378.4,0.8,0.73,0,1,-1024.79,41.27,1
20,revenge_tilt,8.6,2.49,3.1,0,2,-761.99,42.75,1
20,revenge_tilt,44.1,1.94,0.78,1,3,-2898.09,48.38,1
20,revenge_tilt,9.9,1.9,0.98,1,4,-2178.37,52.61,1
20,revenge_tilt,47.4,2.87,1.51,1,5,-2239.69,56.95,1
20,revenge_tilt,158.2,0.88,0.31,0,0,4042.02,49.11,0
20,revenge_tilt,546.0,0.85,0.97,1,0,1084.03,47.0,0
20,revenge_tilt,144.1,0.82,0.96,0,1,-766.65,48.49,0
20,revenge_tilt,6.2,2.87,3.5,1,2,-702.17,49.86,1
20,revenge_tilt,13.0,1.13,0.39,0,3,-3163.59,56.0,1
20,revenge_tilt,19.0,2.3,2.04,0,4,-1045.35,58.03,1
20,revenge_tilt,1221.5,0.86,0.37,0,0,2972.76,52.25,0
20,revenge_tilt,337.5,1.08,1.25,0,1,-790.45,53.79,0
20,revenge_tilt,168.2,1.01,0.94,1,0,1284.35,51.3,0
20,revenge_tilt,512.9,1.05,1.04,0,0,1202.84,48.96,0
20,revenge_tilt,45.5,0.99,0.95,0,0,1095.18,46.84,0
20,revenge_tilt,887.3,1.01,1.02,1,0,1346.08,44.22,0
20,revenge_tilt,236.1,1.06,1.04,0,0,1314.49,41.67,0
20,revenge_tilt,254.6,1.1,1.04,1,0,1427.97,38.9,0
20,revenge_tilt,497.2,1.14,1.04,0,1,-1039.94,40.92,0
20,revenge_tilt,306.4,0.8,0.7,0,0,1421.96,38.16,0
20,revenge_tilt,33.9,1.07,1.33,1,0,907.47,36.4,1
20,revenge_tilt,147.1,1.07,1.01,0,1,-1131.27,38.59,0
20,revenge_tilt,73.2,1.13,1.05,1,2,-1061.85,40.65,0
20,revenge_tilt,1.5,1.99,1.76,0,3,-1355.67,43.28,1
20,revenge_tilt,20.4,1.16,0.58,1,4,-2012.12,47.19,1
20,revenge_tilt,55.8,2.67,2.31,0,5,-1376.34,49.86,1
20,revenge_tilt,131.4,3.08,1.15,1,6,-2236.7,54.2,1
20,revenge_tilt,16.8,2.02,0.66,0,7,-3297.32,60.6,1
20,revenge_tilt,10.7,1.17,0.58,1,8,-1933.88,64.36,1
20,revenge_tilt,226.5,2.9,2.47,1,9,-940.03,66.18,1
20,revenge_tilt,82.6,0.84,0.29,0,0,3293.37,59.79,0
20,revenge_tilt,41.8,0.84,1.01,0,1,-833.99,61.41,1
20,revenge_tilt,74.6,1.14,1.35,1,2,-989.25,63.33,0
20,revenge_tilt,18.3,1.08,0.95,1,3,-997.16,65.26,1
20,revenge_tilt,269.4,3.46,3.2,1,4,-984.4,67.18,1
20,revenge_tilt,4.5,0.95,0.27,0,5,-3242.47,73.47,1
20,revenge_tilt,42.0,3.88,4.09,1,6,-777.21,74.98,1
20,revenge_tilt,97.3,1.05,0.27,0,0,4961.18,65.35,0
20,revenge_tilt,286.4,1.1,1.04,0,0,1151.48,63.11,0
20,revenge_tilt,3665.1,1.15,1.05,0,1,-999.19,65.05,0
20,revenge_tilt,9.0,1.15,1.0,1,2,-984.77,66.96,1
20,revenge_tilt,139.5,1.13,0.99,0,3,-1155.72,69.21,0
20,revenge_tilt,25.4,0.91,0.8,1,4,-1248.61,71.63,0
20,revenge_tilt,707.7,0.91,1.0,0,0,1308.79,69.09,0
20,revenge_tilt,924.0,1.19,1.31,0,1,-807.06,70.66,0
20,revenge_tilt,160.7,1.19,1.0,0,0,1704.07,67.35,0
20,revenge_tilt,475.1,0.97,0.82,0,1,-1003.46,69.3,0
20,revenge_tilt,55.5,0.98,1.01,0,0,1240.95,66.89,0
20,revenge_tilt,31.1,1.19,1.22,0,0,1234.53,64.49,1
20,revenge_tilt,613.3,1.07,0.9,0,0,1772.46,61.05,0
20,revenge_tilt,6.7,1.13,1.06,0,1,-1120.46,63.23,1
20,revenge_tilt,25.7,2.03,1.79,1,2,-1024.62,65.22,1
20,revenge_tilt,33.0,1.45,0.71,1,3,-2293.35,69.67,1
20,revenge_tilt,107.3,3.51,2.43,1,4,-1598.83,72.77,1
20,revenge_tilt,6.6,2.76,0.79,1,5,-3742.36,80.04,1
20,revenge_tilt,27.5,3.31,1.2,1,6,-2900.95,85.67,1
20,revenge_tilt,122.3,0.95,0.29,1,7,-3175.06,91.83,0
20,revenge_tilt,912.9,1.16,1.23,1,0,1192.6,89.51,0
20,revenge_tilt,4.1,1.19,1.02,0,0,1184.5,87.22,1
20,revenge_tilt,415.0,0.82,0.69,0,0,1452.03,84.4,0
20,revenge_tilt,314.8,0.96,1.17,0,1,-907.34,86.16,0
20,revenge_tilt,30.5,1.16,1.2,1,2,-905.41,87.92,1
20,revenge_tilt,6.9,3.61,3.12,1,3,-1245.04,90.33,1
20,revenge_tilt,48.6,2.3,0.64,1,4,-4194.06,98.47,1
20,revenge_tilt,493.4,0.86,0.38,0,0,2792.94,93.05,0
20,revenge_tilt,36.3,1.17,1.36,0,1,-853.46,94.71,1
20,revenge_tilt,19.4,3.62,3.09,0,2,-974.41,96.6,1
20,revenge_tilt,245.4,0.97,0.27,0,0,3919.14,88.99,0
20,revenge_tilt,676.4,0.94,0.97,1,1,-1077.78,91.08,0
20,revenge_tilt,1517.6,0.86,0.92,0,0,1341.43,88.48,0
20,revenge_tilt,1320.0,1.16,1.35,0,0,1253.85,86.05,0
20,revenge_tilt,81.3,0.85,0.73,0,1,-1190.42,88.36,0
20,revenge_tilt,79.7,1.06,1.24,0,0,1047.75,86.32,0
20,revenge_tilt,212.6,0.96,0.91,1,1,-909.36,88.09,0
20,revenge_tilt,0.3,3.04,3.18,1,2,-845.04,89.73,1
20,revenge_tilt,137.4,3.0,0.99,1,3,-3322.28,96.18,1
20,revenge_tilt,12.2,3.3,1.1,1,4,-3229.71,100.0,1
20,revenge_tilt,34.6,3.7,1.12,1,5,-3583.84,100.0,1
20,revenge_tilt,66.3,0.91,0.24,1,0,4039.82,92.16,0
20,revenge_tilt,1019.7,1.19,1.31,0,1,-1018.47,94.14,0
20,revenge_tilt,101.9,2.37,1.99,1,2,-963.59,96.01,1
20,revenge_tilt,55.8,1.44,0.61,1,3,-2502.96,100.0,0
20,revenge_tilt,25.7,3.46,2.4,1,4,-1553.4,100.0,1
20,revenge_tilt,90.0,2.21,0.64,1,5,-4124.43,100.0,1
20,revenge_tilt,14.9,3.17,1.44,1,6,-2234.61,100.0,0
20,revenge_tilt,174.5,1.13,0.36,0,0,3591.54,93.03,1
20,revenge_tilt,9.7,0.97,0.85,0,1,-1088.86,95.14,0
20,revenge_tilt,43.0,0.84,0.86,0,0,1328.54,92.56,1
20,revenge_tilt,410.1,1.03,1.24,0,1,-787.59,94.09,0
20,revenge_tilt,991.1,1.96,1.9,0,0,1076.88,92.0,1
20,revenge_tilt,681.1,0.89,0.45,0,0,2018.2,88.08,0
20,revenge_tilt,60.6,0.92,1.03,0,1,-1054.28,90.13,0
20,revenge_tilt,47.9,1.16,1.26,0,2,-1003.01,92.08,0
20,revenge_tilt,16.9,2.4,2.07,1,3,-1054.73,94.12,1
21,revenge_tilt,343.5,0.97,0.97,1,0,0.0,0.0,0
21,revenge_tilt,215.9,1.08,1.12,0,1,-1082.79,2.17,0
21,revenge_tilt,38.8,1.11,1.02,0,0,1567.09,0.0,0
21,revenge_tilt,1753.8,1.16,1.05,0,1,-977.76,1.94,0
21,revenge_tilt,2.8,2.61,2.24,0,2,-1219.75,4.35,1
21,revenge_tilt,58.6,1.12,0.43,0,3,-2193.07,8.7,0
21,revenge_tilt,55.4,1.17,1.04,1,4,-1057.2,10.79,0
21,revenge_tilt,278.6,0.81,0.69,0,0,1408.89,8.0,0
21,revenge_tilt,766.9,1.01,1.25,1,1,-865.08,9.71,0
21,revenge_tilt,118.7,2.58,2.54,1,2,-868.26,11.43,1
21,revenge_tilt,2.0,1.11,0.43,1,0,3538.32,4.42,0
21,revenge_tilt,312.4,0.89,0.8,0,0,1605.75,1.24,0
21,revenge_tilt,515.0,1.07,1.19,1,0,1229.54,0.0,0
21,revenge_tilt,10.7,1.1,1.03,0,0,1381.4,0.0,0
21,revenge_tilt,37.8,1.14,1.04,0,0,1173.02,0.0,0
21,revenge_tilt,229.3,0.99,0.87,0,1,-1247.02,2.32,0
21,revenge_tilt,408.1,0.93,0.94,0,0,1247.78,0.0,0
21,revenge_tilt,104.8,1.14,1.23,0,1,-1059.93,1.98,0
21,revenge_tilt,172.6,1.07,0.94,0,0,1452.95,0.0,0
21,revenge_tilt,105.5,1.19,1.11,0,1,-1118.54,2.07,0
21,revenge_tilt,166.7,0.8,0.68,1,0,1607.07,0.0,0
21,revenge_tilt,275.7,1.05,1.31,1,0,847.59,0.0,0
21,revenge_tilt,29.6,0.86,0.81,0,0,1173.54,0.0,0
21,revenge_tilt,11.5,0.99,1.16,1,0,968.08,0.0,0
21,revenge_tilt,335.8,1.03,1.04,1,0,1287.71,0.0,0
21,revenge_tilt,58.6,1.19,1.16,1,0,1359.02,0.0,0
21,revenge_tilt,129.6,1.17,0.98,0,1,-962.59,1.6,0
21,revenge_tilt,92.2,2.13,1.83,1,2,-1122.58,3.47,1
21,revenge_tilt,60.3,2.84,1.33,0,3,-1889.7,6.61,1
21,revenge_tilt,212.4,2.27,0.8,1,4,-3296.53,12.09,1
21,revenge_tilt,6.0,2.46,1.08,1,5,-2116.21,15.6,1
21,revenge_tilt,24.6,1.32,0.53,1,6,-2512.06,19.78,1
21,revenge_tilt,1.2,2.48,1.88,1,7,-1273.12,21.9,1
21,revenge_tilt,656.6,1.79,0.72,0,0,2635.03,17.52,0
21,revenge_tilt,88.9,1.0,0.56,1,1,-1742.73,20.41,0
21,revenge_tilt,930.0,0.97,0.97,1,0,1084.61,18.61,0
21,revenge_tilt,76.7,0.91,0.94,0,0,985.62,16.97,0
21,revenge_tilt,204.6,1.08,1.18,0,1,-928.69,18.52,0
21,revenge_tilt,2.0,1.06,0.99,1,2,-1204.42,20.52,1
21,revenge_tilt,31.9,2.97,2.8,1,3,-960.27,22.11,1
21,revenge_tilt,49.9,2.72,0.91,1,4,-3314.93,27.62,1
21,revenge_tilt,4.9,3.38,1.24,0,5,-3257.51,33.04,1
21,revenge_tilt,232.7,0.87,0.26,0,0,3446.03,27.31,0
21,revenge_tilt,531.7,0.87,1.0,1,1,-906.02,28.82,0
21,revenge_tilt,59.1,1.09,1.25,0,0,1135.2,26.93,0
21,revenge_tilt,242.9,0.88,0.8,1,0,1403.94,24.6,0
21,revenge_tilt,183.6,1.06,1.2,0,1,-799.1,25.92,0
21,revenge_tilt,10.9,2.73,2.58,1,2,-1203.48,27.93,1
21,revenge_tilt,50.1,2.57,0.94,1,3,-2676.31,32.37,1
21,revenge_tilt,42.0,3.89,1.51,1,4,-3007.47,37.37,1
21,revenge_tilt,4.7,3.14,0.81,1,5,-4462.18,44.79,1
21,revenge_tilt,12.9,3.21,1.02,1,6,-3030.85,49.83,1
21,revenge_tilt,47.6,2.97,0.93,0,7,-3759.47,56.08,1
21,revenge_tilt,814.5,1.1,0.37,0,0,3942.01,49.53,0
21,revenge_tilt,205.3,0.87,0.79,1,1,-882.56,50.99,0
21,revenge_tilt,479.2,0.93,1.08,0,0,1042.35,49.26,0
21,revenge_tilt,799.2,1.09,1.17,1,1,-837.04,50.65,0
21,revenge_tilt,41.8,1.41,1.29,1,2,-1098.6,52.48,1
21,revenge_tilt,53.8,1.94,1.37,1,3,-1279.46,54.6,1
21,revenge_tilt,78.9,1.19,0.61,0,0,1991.69,51.29,0
21,revenge_tilt,284.8,1.02,0.86,1,1,-1173.09,53.24,0
21,revenge_tilt,19.2,1.48,1.46,1,2,-868.65,54.69,1
21,revenge_tilt,236.6,0.81,0.55,1,0,1528.84,52.15,0
21,revenge_tilt,696.6,1.01,1.25,0,1,-725.78,53.35,0
21,revenge_tilt,47.2,1.11,1.1,0,0,1405.99,51.02,0
21,revenge_tilt,958.6,0.88,0.79,0,0,1570.43,48.41,0
21,revenge_tilt,20.6,1.13,1.29,0,0,1286.23,46.27,1
21,revenge_tilt,88.5,1.17,1.03,0,0,1226.44,44.23,0
21,revenge_tilt,993.9,0.84,0.72,0,0,1637.05,41.51,0
21,revenge_tilt,207.7,0.82,0.98,0,1,-823.1,42.88,0
21,revenge_tilt,64.4,1.83,2.23,0,2,-831.3,44.26,1
21,revenge_tilt,347.8,1.14,0.62,0,0,2124.92,40.72,0
21,revenge_tilt,1244.3,1.05,0.92,1,1,-1076.88,42.51,0
21,revenge_tilt,110.5,1.5,1.43,1,2,-1027.7,44.22,0
21,revenge_tilt,543.0,1.19,0.79,0,0,2145.0,40.66,0
21,revenge_tilt,44.5,1.06,0.89,0,1,-1146.32,42.56,1
21,revenge_tilt,48.3,2.44,2.31,1,2,-1156.88,44.49,1
21,revenge_tilt,126.0,1.13,0.46,0,0,2684.64,40.02,0
21,revenge_tilt,9.7,1.19,1.06,0,0,1286.02,37.89,1
21,revenge_tilt,20.5,1.16,0.97,0,0,1256.45,35.8,1
21,revenge_tilt,33.1,1.18,1.02,0,1,-1357.35,38.05,1
21,revenge_tilt,118.7,0.81,0.69,0,0,1278.12,35.93,0
21,revenge_tilt,422.5,0.87,1.07,1,0,1183.93,33.96,0
21,revenge_tilt,786.6,1.16,1.34,0,0,1192.62,31.98,0
21,revenge_tilt,116.0,0.96,0.83,0,1,-1161.69,33.91,0
21,revenge_tilt,421.7,0.85,0.88,0,0,1187.24,31.94,0
21,revenge_tilt,133.1,0.98,1.16,0,0,946.41,30.36,0
21,revenge_tilt,110.9,0.97,0.98,1,1,-1102.59,32.2,0
21,revenge_tilt,19.6,2.44,2.53,0,2,-818.37,33.56,1
21,revenge_tilt,134.4,1.15,0.47,1,0,2554.64,29.31,0
21,revenge_tilt,868.9,1.09,0.95,0,1,-1207.37,31.32,0
21,revenge_tilt,1612.3,1.02,0.93,0,0,1367.92,29.04,0
21,revenge_tilt,178.3,1.14,1.12,1,0,1143.76,27.14,0
21,revenge_tilt,112.8,1.19,1.04,0,0,1675.47,24.36,0
21,revenge_tilt,166.0,1.07,0.9,0,1,-995.55,26.01,0
21,revenge_tilt,143.0,1.03,0.97,0,0,1202.42,24.01,0
21,revenge_tilt,265.9,1.15,1.11,0,1,-1094.34,25.83,0
21,revenge_tilt,13.9,1.07,0.93,0,0,1713.33,22.98,1
21,revenge_tilt,95.7,0.84,0.78,0,1,-877.75,24.44,0
21,revenge_tilt,15.2,2.4,2.87,0,2,-761.96,25.71,1
21,revenge_tilt,171.5,1.16,0.48,0,0,3581.02,19.76,0
21,revenge_tilt,516.7,0.84,0.72,1,0,1522.37,17.23,0
21,revenge_tilt,4.8,0.92,1.09,0,1,-793.91,18.55,1
21,revenge_tilt,8.8,3.45,3.76,1,2,-900.88,20.04,1
21,revenge_tilt,9.5,3.93,1.14,1,3,-3527.02,25.91,1
21,revenge_tilt,1047.7,1.06,0.27,0,0,4965.46,17.65,0
21,revenge_tilt,18.9,0.89,0.84,0,1,-919.24,19.18,1
21,revenge_tilt,35.1,3.31,3.72,0,2,-988.05,20.82,1
21,revenge_tilt,14.0,0.91,0.28,1,3,-2653.66,25.23,1
21,revenge_tilt,611.7,3.42,3.75,1,4,-741.29,26.47,1
21,revenge_tilt,12.9,3.58,1.05,1,5,-3905.53,32.96,1
21,revenge_tilt,668.0,3.7,1.03,1,6,-3603.92,38.95,1
21,revenge_tilt,53.5,3.09,0.84,1,7,-3621.16,44.97,1
21,revenge_tilt,5.9,0.97,0.32,0,0,4498.83,37.49,1
21,revenge_tilt,550.9,1.12,1.15,0,1,-887.71,38.97,0
21,revenge_tilt,65.4,2.79,2.49,1,2,-1144.32,40.87,1
21,revenge_tilt,4.1,0.92,0.33,0,0,3908.27,34.37,1
21,revenge_tilt,80.7,1.16,1.27,0,1,-1044.65,36.11,0
21,revenge_tilt,20.5,1.04,0.9,0,2,-1020.1,37.8,1
21,revenge_tilt,109.3,2.38,2.28,0,3,-876.25,39.26,1
21,revenge_tilt,433.6,0.88,0.37,0,0,3437.96,33.54,0
21,revenge_tilt,11.7,0.92,1.05,0,1,-1034.37,35.26,1
21,revenge_tilt,12.9,1.1,1.2,1,2,-1081.43,37.06,1
21,revenge_tilt,366.2,2.93,2.66,1,3,-1056.27,38.82,1
21,revenge_tilt,273.9,1.11,0.38,0,0,3637.92,32.77,0
21,revenge_tilt,243.9,0.98,0.88,0,0,1478.22,30.31,0
21,revenge_tilt,255.2,0.96,0.98,0,0,1046.02,28.57,0
21,revenge_tilt,205.7,1.17,1.22,0,0,1055.03,26.82,0
21,revenge_tilt,384.6,0.84,0.71,0,1,-1192.55,28.8,0
21,revenge_tilt,1369.7,0.86,1.03,0,0,1091.77,26.99,0
21,revenge_tilt,428.5,0.94,1.09,0,1,-941.27,28.55,0
21,revenge_tilt,774.2,1.2,1.27,1,0,1310.42,26.37,0
21,revenge_tilt,207.0,0.84,0.7,0,0,1655.76,23.62,0
21,revenge_tilt,128.8,1.96,2.32,0,1,-886.84,25.1,1
21,revenge_tilt,56.8,1.14,0.58,0,0,2776.76,20.48,0
21,revenge_tilt,495.0,1.11,0.97,0,1,-1164.32,22.42,0
21,revenge_tilt,537.8,1.15,1.04,0,0,1328.53,20.21,0
21,revenge_tilt,848.5,1.15,1.0,0,1,-1078.51,22.0,0
21,revenge_tilt,1314.1,0.99,0.86,1,0,1420.93,19.64,0
21,revenge_tilt,149.8,1.89,1.91,0,0,1363.21,17.37,1
21,revenge_tilt,219.3,1.12,0.59,0,1,-1718.51,20.23,0
21,revenge_tilt,432.0,1.18,1.06,1,2,-1118.78,22.09,0
21,revenge_tilt,10.5,3.4,2.87,1,3,-1314.6,24.27,1
21,revenge_tilt,128.2,1.19,0.35,0,0,4852.84,16.21,0
21,revenge_tilt,185.8,0.91,0.76,0,1,-1335.4,18.43,0
21,revenge_tilt,18.8,2.99,3.28,1,2,-919.77,19.96,1
21,revenge_tilt,625.0,0.84,0.28,1,0,4302.93,12.8,0
21,revenge_tilt,553.5,1.89,2.25,1,1,-778.23,14.1,1
21,revenge_tilt,1.0,3.12,1.66,1,2,-2078.06,17.55,1
21,revenge_tilt,0.3,1.16,0.37,1,3,-2591.96,21.86,1
22,revenge_tilt,39.2,0.91,0.91,0,0,0.0,0.0,0
22,revenge_tilt,54.0,0.92,1.02,0,0,976.32,0.0,0
22,revenge_tilt,324.7,1.01,1.09,0,0,1106.61,0.0,0
22,revenge_tilt,49.0,0.94,0.93,0,0,1272.29,0.0,0
22,revenge_tilt,53.7,0.88,0.93,0,1,-1015.07,1.9,0
22,revenge_tilt,422.2,1.0,1.13,1,0,1115.5,0.0,0
22,revenge_tilt,146.8,1.19,1.19,0,0,1250.28,0.0,1
22,revenge_tilt,240.8,1.07,0.91,0,1,-1189.19,2.17,0
22,revenge_tilt,99.6,3.69,3.43,1,2,-1019.95,4.04,1
22,revenge_tilt,311.4,0.9,0.24,0,0,3838.28,0.0,0
22,revenge_tilt,76.9,1.19,1.32,0,1,-793.5,1.41,0
22,revenge_tilt,13.7,3.89,3.28,1,2,-1023.85,3.23,1
22,revenge_tilt,159.1,1.0,0.26,0,0,4603.83,0.0,0
22,revenge_tilt,55.5,1.05,1.05,1,1,-917.79,1.55,0
22,revenge_tilt,11.6,2.33,2.22,1,2,-1174.05,3.54,1
22,revenge_tilt,198.8,1.16,0.5,0,0,2706.24,0.0,0
22,revenge_tilt,981.6,1.95,1.68,0,1,-1338.75,2.24,0
22,revenge_tilt,657.9,1.12,0.57,0,0,2524.09,0.0,0
22,revenge_tilt,211.6,0.95,0.85,0,1,-1207.84,1.98,0
22,revenge_tilt,245.4,0.99,1.04,1,2,-848.11,3.37,0
22,revenge_tilt,77.0,1.1,1.12,0,0,1253.96,1.32,0
22,revenge_tilt,470.9,1.07,0.97,0,0,1125.9,0.0,0
22,revenge_tilt,1122.3,1.09,1.01,0,1,-1006.21,1.64,0
22,revenge_tilt,154.5,3.62,3.33,0,2,-1296.15,3.76,1
22,revenge_tilt,6.9,0.86,0.24,1,0,4560.25,0.0,0
22,revenge_tilt,284.7,0.86,1.0,0,0,1139.41,0.0,0
22,revenge_tilt,389.8,0.86,1.0,0,0,1203.88,0.0,0
22,revenge_tilt,1512.1,1.03,1.19,0,0,907.14,0.0,0
22,revenge_tilt,138.6,1.13,1.1,0,0,1454.69,0.0,0
22,revenge_tilt,8.3,1.19,1.05,0,1,-1357.44,1.99,0
22,revenge_tilt,5.7,2.21,1.86,1,2,-1171.35,3.71,1
22,revenge_tilt,188.6,2.31,1.04,1,3,-2115.75,6.81,1
22,revenge_tilt,2.8,3.72,1.61,1,4,-1911.09,9.61,1
22,revenge_tilt,47.4,0.98,0.26,1,5,-3696.29,15.03,0
22,revenge_tilt,14.0,0.82,0.84,0,0,1182.51,13.3,1
22,revenge_tilt,721.8,1.14,1.39,0,1,-769.41,14.42,0
22,revenge_tilt,11.2,1.98,1.74,1,2,-980.66,15.86,1
22,revenge_tilt,14.0,3.3,1.67,1,3,-1886.55,18.63,1
22,revenge_tilt,51.1,0.93,0.28,0,0,3714.52,13.18,0
22,revenge_tilt,11.3,0.87,0.94,0,0,1020.61,11.69,1
22,revenge_tilt,149.5,1.05,1.2,0,1,-983.8,13.13,0
22,revenge_tilt,1313.5,0.87,0.83,0,0,1565.93,10.83,0
22,revenge_tilt,572.8,0.88,1.01,1,1,-842.81,12.07,0
22,revenge_tilt,341.4,0.91,1.04,0,0,1284.15,10.19,0
22,revenge_tilt,267.1,0.95,1.04,0,1,-1043.04,11.71,0
22,revenge_tilt,53.7,1.82,1.92,0,2,-966.06,13.13,1
22,revenge_tilt,252.6,1.1,0.6,1,0,2582.26,9.35,0
22,revenge_tilt,431.5,0.84,0.77,0,1,-877.86,10.63,0
22,revenge_tilt,98.1,2.54,3.01,1,2,-714.5,11.68,1
22,revenge_tilt,42.2,3.79,1.49,0,3,-2472.39,15.3,1
22,revenge_tilt,44.0,1.13,0.3,1,4,-3247.99,20.07,1
22,revenge_tilt,5.2,2.83,2.5,1,5,-1293.79,21.96,1
22,revenge_tilt,112.1,2.17,0.77,1,6,-2919.83,26.24,1
22,revenge_tilt,189.3,1.11,0.51,1,0,3053.28,21.77,0
22,revenge_tilt,13.4,0.97,0.88,0,1,-1112.92,23.4,1
22,revenge_tilt,47.5,1.0,1.03,0,0,1250.23,21.57,0
22,revenge_tilt,140.9,0.82,0.82,0,0,1329.4,19.62,0
22,revenge_tilt,47.5,0.92,1.12,1,0,1122.06,17.97,0
22,revenge_tilt,570.1,1.02,1.11,0,1,-899.5,19.29,0
22,revenge_tilt,57.0,1.08,1.05,0,0,1386.38,17.26,0
22,revenge_tilt,203.1,1.11,1.03,0,0,1532.12,15.01,0
22,revenge_tilt,1283.3,0.87,0.79,0,0,1334.64,13.06,0
22,revenge_tilt,437.4,0.91,1.04,1,1,-835.32,14.28,0
22,revenge_tilt,1.0,2.25,2.46,1,2,-831.64,15.5,1
22,revenge_tilt,1.3,1.33,0.59,1,3,-1812.15,18.16,1
22,revenge_tilt,11.9,3.16,2.38,0,4,-1560.32,20.44,1
22,revenge_tilt,65.2,1.07,0.34,0,0,3820.94,14.84,0
22,revenge_tilt,647.7,0.91,0.85,1,1,-1214.03,16.62,0
22,revenge_tilt,37.3,1.98,2.18,0,2,-1050.74,18.16,0
22,revenge_tilt,81.0,0.97,0.49,1,0,2370.33,14.69,0
22,revenge_tilt,140.2,0.99,1.02,0,0,1112.72,13.06,0
22,revenge_tilt,57.2,1.08,1.08,1,0,1133.12,11.39,0
22,revenge_tilt,28.1,1.19,1.1,1,1,-1004.54,12.87,1
22,revenge_tilt,6.6,2.73,2.3,0,2,-1377.06,14.89,1
22,revenge_tilt,134.7,0.92,0.34,1,0,3870.33,9.21,0
22,revenge_tilt,44.7,1.01,1.1,1,1,-1054.97,10.76,1
22,revenge_tilt,23.1,0.93,0.92,0,0,1317.15,8.83,0
22,revenge_tilt,14.2,0.93,1.0,0,0,945.47,7.44,0
22,revenge_tilt,35.9,0.98,1.05,0,0,1343.32,5.47,0
22,revenge_tilt,23.9,0.9,0.92,0,0,1230.2,3.67,0
22,revenge_tilt,29.4,1.16,1.29,0,0,1180.48,1.94,0
22,revenge_tilt,50.0,0.95,0.82,0,1,-993.96,3.39,0
22,revenge_tilt,122.8,2.03,2.14,1,2,-800.09,4.57,1
22,revenge_tilt,0.6,0.94,0.46,1,0,2806.98,0.45,0
22,revenge_tilt,335.7,0.93,0.99,1,0,1214.75,0.0,0
22,revenge_tilt,917.1,1.07,1.15,0,0,1238.97,0.0,0
22,revenge_tilt,195.1,1.2,1.12,0,0,1407.52,0.0,0
22,revenge_tilt,220.9,1.92,1.6,0,1,-1222.48,1.7,0
22,revenge_tilt,234.3,1.0,0.52,0,0,2032.7,0.0,0
22,revenge_tilt,64.3,1.08,1.08,0,1,-1182.76,1.63,0
22,revenge_tilt,51.0,1.0,0.93,1,0,1501.38,0.0,0
22,revenge_tilt,95.4,1.17,1.17,1,1,-937.26,1.29,0
22,revenge_tilt,757.7,0.81,0.69,0,0,1184.36,0.0,0
22,revenge_tilt,123.2,1.13,1.39,1,0,903.74,0.0,0
22,revenge_tilt,124.3,0.85,0.76,0,0,1525.67,0.0,0
22,revenge_tilt,600.5,1.11,1.3,0,1,-963.01,1.27,0
22,revenge_tilt,99.1,1.06,0.96,1,0,1420.33,0.0,0
22,revenge_tilt,38.3,0.89,0.84,0,0,1159.61,0.0,0
22,revenge_tilt,598.3,1.07,1.2,0,1,-948.4,1.23,0
22,revenge_tilt,93.5,1.13,1.06,1,0,1521.58,0.0,0
22,revenge_tilt,750.0,0.94,0.83,1,0,1300.48,0.0,0
22,revenge_tilt,315.1,0.92,0.97,0,1,-953.43,1.21,0
22,revenge_tilt,293.7,0.99,1.08,0,2,-810.55,2.23,0
22,revenge_tilt,744.1,0.82,0.83,0,0,1051.64,0.9,0
22,revenge_tilt,866.8,1.13,1.38,0,1,-970.7,2.13,0
22,revenge_tilt,13.4,3.63,3.2,0,2,-1251.65,3.71,1
22,revenge_tilt,60.8,1.92,0.53,1,3,-3343.58,7.94,1
22,revenge_tilt,4.1,1.36,0.71,1,4,-2296.09,10.85,1
22,revenge_tilt,7.6,2.76,2.02,1,5,-1248.43,12.42,1
22,revenge_tilt,68.1,3.04,1.1,0,6,-3211.8,16.49,1
22,revenge_tilt,86.6,0.98,0.32,0,0,3981.55,11.45,0
22,revenge_tilt,158.3,1.02,1.05,1,1,-801.16,12.46,0
22,revenge_tilt,40.2,1.11,1.08,1,2,-1024.65,13.76,1
22,revenge_tilt,53.3,2.35,2.12,1,3,-1222.45,15.31,1
22,revenge_tilt,16.4,0.96,0.41,0,0,3263.14,11.18,1
22,revenge_tilt,1033.0,0.88,0.92,0,1,-1140.53,12.62,0
22,revenge_tilt,15.9,3.74,4.25,1,2,-858.17,13.71,1
22,revenge_tilt,6.3,3.35,0.9,1,3,-3422.76,18.04,1
22,revenge_tilt,18.0,1.4,0.42,1,4,-3831.4,22.88,1
22,revenge_tilt,245.4,0.93,0.66,0,0,2068.48,20.27,0
22,revenge_tilt,157.7,0.92,1.0,0,0,1032.59,18.96,0
22,revenge_tilt,159.6,1.15,1.25,0,1,-1018.41,20.25,0
22,revenge_tilt,54.4,1.05,0.91,0,0,1392.32,18.49,0
22,revenge_tilt,39.5,0.82,0.78,1,1,-1166.22,19.96,1
22,revenge_tilt,23.6,0.93,1.14,0,0,1039.19,18.65,1
22,revenge_tilt,267.3,0.81,0.87,1,0,967.09,17.43,0
22,revenge_tilt,6.3,0.81,1.01,0,0,1136.96,15.99,1
22,revenge_tilt,6.9,1.18,1.45,0,0,827.67,14.94,1
22,revenge_tilt,89.6,0.81,0.69,0,0,1233.96,13.38,0
22,revenge_tilt,497.9,0.83,1.03,1,0,964.89,12.16,0
22,revenge_tilt,403.6,1.77,2.13,0,0,1167.84,10.68,1
22,revenge_tilt,1182.7,1.19,0.67,0,1,-1620.85,12.73,0
22,revenge_tilt,216.5,0.88,0.74,0,0,1529.58,10.8,0
22,revenge_tilt,109.1,1.17,1.32,0,0,1253.2,9.21,0
22,revenge_tilt,26.7,1.14,0.98,0,1,-1391.23,10.97,1
22,revenge_tilt,10.1,1.15,1.01,1,2,-1155.44,12.43,1
22,revenge_tilt,16.8,1.32,1.15,1,3,-1193.71,13.94,1
22,revenge_tilt,60.8,2.5,1.88,1,4,-1175.68,15.43,1
22,revenge_tilt,9.2,1.01,0.4,0,0,2928.34,11.73,1
22,revenge_tilt,128.9,1.04,1.03,1,0,1015.42,10.44,0
22,revenge_tilt,168.0,1.13,1.09,1,0,1177.23,8.95,0
22,revenge_tilt,647.2,1.94,1.72,1,0,1547.31,7.0,0
22,revenge_tilt,149.4,0.81,0.42,0,0,2019.82,4.44,0
22,revenge_tilt,699.3,1.18,1.46,0,1,-862.0,5.53,0
22,revenge_tilt,5.9,0.95,0.8,0,0,1638.68,3.46,0
22,revenge_tilt,816.2,0.97,1.02,0,1,-986.94,4.71,0
22,revenge_tilt,94.9,2.01,2.07,1,2,-839.97,5.77,1
22,revenge_tilt,50.0,1.23,0.61,1,3,-2251.27,8.62,0
22,revenge_tilt,2.7,1.33,1.09,1,4,-1284.43,10.24,1
22,revenge_tilt,3.9,1.07,0.81,1,5,-1171.11,11.72,1
23,revenge_tilt,1113.6,0.97,0.97,0,0,0.0,0.0,0
23,revenge_tilt,250.9,1.14,1.17,0,0,1334.51,0.0,0
23,revenge_tilt,1031.5,0.96,0.85,0,1,-1013.85,1.97,0
23,revenge_tilt,30.0,2.85,2.96,1,2,-1081.91,4.08,1
23,revenge_tilt,541.5,1.02,0.36,0,0,3439.95,0.0,0
23,revenge_tilt,2798.5,1.01,0.98,0,0,1284.32,0.0,0
23,revenge_tilt,195.8,1.54,1.53,1,1,-850.39,1.58,0
23,revenge_tilt,8.5,1.06,0.69,1,2,-1767.59,4.85,1
23,revenge_tilt,17.3,1.15,1.09,0,0,1529.37,2.02,0
23,revenge_tilt,1.1,1.17,1.01,1,0,1624.67,0.0,0
23,revenge_tilt,220.7,1.06,0.91,0,1,-1311.13,2.41,0
23,revenge_tilt,606.4,1.05,0.99,0,0,1556.82,0.0,0
23,revenge_tilt,420.0,0.98,0.93,1,1,-919.04,1.68,0
23,revenge_tilt,345.0,1.17,1.19,0,0,1462.42,0.0,0
23,revenge_tilt,34.5,1.16,0.99,0,1,-1371.86,2.48,0
23,revenge_tilt,403.8,1.06,0.92,0,0,1642.36,0.0,0
23,revenge_tilt,736.7,1.13,1.07,0,1,-929.11,1.67,0
23,revenge_tilt,106.9,2.12,1.88,1,2,-1246.32,3.92,1
23,revenge_tilt,108.6,1.05,0.49,0,3,-2012.67,7.54,0
23,revenge_tilt,471.0,1.17,1.11,0,0,1202.23,5.37,0
23,revenge_tilt,80.6,0.9,0.77,0,0,1182.3,3.25,0
23,revenge_tilt,284.3,1.08,1.2,0,0,1205.45,1.08,0
23,revenge_tilt,1716.9,0.94,0.87,0,0,1340.01,0.0,0
23,revenge_tilt,31.8,1.08,1.15,0,1,-794.46,1.41,0
23,revenge_tilt,35.5,3.69,3.42,1,2,-1231.85,3.6,1
23,revenge_tilt,419.0,1.05,0.28,1,0,5109.71,0.0,0
23,revenge_tilt,84.7,0.8,0.76,1,1,-1083.64,1.82,0
23,revenge_tilt,28.8,1.46,1.82,1,2,-677.7,2.97,1
23,revenge_tilt,15.0,1.19,0.81,1,3,-1241.74,5.06,1
23,revenge_tilt,9.6,1.81,1.53,1,4,-961.76,6.68,1
23,revenge_tilt,181.4,1.06,0.59,1,0,2469.84,2.52,0
23,revenge_tilt,96.6,0.89,0.84,0,1,-1208.11,4.55,0
23,revenge_tilt,4.7,2.88,3.22,1,2,-826.01,5.94,1
23,revenge_tilt,27.4,1.13,0.39,0,3,-2838.69,10.72,1
23,revenge_tilt,34.8,2.56,2.27,1,4,-1000.22,12.41,1
23,revenge_tilt,985.1,1.04,0.41,1,0,3167.04,7.07,0
23,revenge_tilt,1473.7,0.81,0.78,1,1,-1041.29,8.83,0
23,revenge_tilt,119.3,0.93,1.15,0,0,905.02,7.3,0
23,revenge_tilt,122.5,0.97,1.05,0,1,-1095.79,9.15,0
23,revenge_tilt,5.2,2.75,2.82,1,2,-779.51,10.46,1
23,revenge_tilt,49.7,3.76,1.37,1,3,-3017.85,15.54,1
23,revenge_tilt,756.5,1.2,0.32,0,0,4782.49,7.49,0
23,revenge_tilt,7.9,1.04,0.86,0,0,1784.74,4.48,0
23,revenge_tilt,166.0,0.95,0.92,0,0,1273.39,2.34,0
23,revenge_tilt,1135.2,1.11,1.16,0,1,-1023.67,4.06,0
23,revenge_tilt,525.7,0.82,0.74,0,0,1232.96,1.99,0
23,revenge_tilt,11.2,1.17,1.43,0,1,-690.08,3.15,0
23,revenge_tilt,13.9,1.16,0.99,1,2,-1085.41,4.98,1
23,revenge_tilt,36.7,2.97,2.56,0,3,-1210.12,7.02,1
23,revenge_tilt,184.6,3.76,1.26,1,4,-3504.41,12.92,1
23,revenge_tilt,576.9,0.81,0.22,0,0,3921.56,6.31,0
23,revenge_tilt,921.3,1.19,1.46,0,0,1202.62,4.29,0
23,revenge_tilt,601.0,1.18,0.99,0,0,1214.45,2.24,0
23,revenge_tilt,10.5,1.19,1.01,0,0,1335.38,0.0,0
23,revenge_tilt,213.4,0.88,0.74,0,0,1766.62,0.0,0
23,revenge_tilt,574.5,0.98,1.11,0,0,1052.99,0.0,0
23,revenge_tilt,174.2,0.95,0.97,0,0,1302.4,0.0,0
23,revenge_tilt,1407.5,1.03,1.09,1,0,1015.61,0.0,0
23,revenge_tilt,174.9,1.17,1.14,1,0,1427.56,0.0,0
23,revenge_tilt,487.1,1.04,0.89,0,0,1569.73,0.0,0
23,revenge_tilt,494.6,0.98,0.95,1,0,1360.73,0.0,0
23,revenge_tilt,309.7,0.85,0.87,1,1,-940.41,1.37,0
23,revenge_tilt,258.6,0.97,1.13,0,0,1160.36,0.0,0
23,revenge_tilt,2114.4,1.09,1.13,0,0,1203.97,0.0,0
23,revenge_tilt,672.1,0.83,0.76,0,0,1290.96,0.0,0
23,revenge_tilt,629.7,1.16,1.41,1,1,-978.17,1.37,0
23,revenge_tilt,1217.9,0.84,0.72,0,0,1698.56,0.0,0
23,revenge_tilt,1291.7,1.03,1.22,0,0,1188.32,0.0,0
23,revenge_tilt,2.5,1.11,1.08,0,0,1288.13,0.0,0
23,revenge_tilt,61.4,0.86,0.78,0,1,-1094.96,1.46,0
23,revenge_tilt,0.8,1.24,1.44,1,2,-848.68,2.6,1
23,revenge_tilt,460.4,1.05,0.84,0,0,1769.9,0.23,0
23,revenge_tilt,91.9,1.04,0.99,0,0,1411.19,0.0,0
23,revenge_tilt,33.9,0.9,0.87,0,1,-914.55,1.2,0
23,revenge_tilt,1026.6,0.88,0.97,1,0,1064.28,0.0,0
23,revenge_tilt,493.9,1.12,1.27,0,0,911.88,0.0,0
23,revenge_tilt,812.4,1.19,1.06,0,1,-1176.51,1.53,0
23,revenge_tilt,58.7,2.94,2.47,0,2,-1172.32,3.05,1
23,revenge_tilt,730.0,0.98,0.33,0,0,3155.0,0.0,0
23,revenge_tilt,393.5,0.96,0.98,0,0,1168.36,0.0,0
23,revenge_tilt,842.7,0.98,1.02,0,0,1403.64,0.0,0
23,revenge_tilt,979.1,1.11,1.13,1,0,1269.29,0.0,0
23,revenge_tilt,91.7,1.16,1.05,1,0,1523.47,0.0,0
23,revenge_tilt,127.2,1.05,0.9,0,0,1397.72,0.0,0
23,revenge_tilt,32.1,1.2,1.14,0,1,-1049.74,1.24,0
23,revenge_tilt,26.4,1.49,1.24,1,2,-1064.77,2.5,1
23,revenge_tilt,11.3,3.21,2.16,1,3,-1507.12,4.28,1
23,revenge_tilt,133.5,2.97,0.92,1,4,-2994.56,7.81,1
23,revenge_tilt,12.3,3.3,1.11,1,5,-3334.42,11.75,1
23,revenge_tilt,176.2,0.88,0.27,0,0,4261.71,6.72,0
23,revenge_tilt,365.0,1.52,1.72,1,0,1004.05,5.53,0
23,revenge_tilt,805.3,1.0,0.66,0,1,-1440.25,7.23,0
23,revenge_tilt,122.8,1.03,1.03,0,0,1132.01,5.9,0
23,revenge_tilt,176.4,1.05,1.02,0,0,1308.39,4.35,0
23,revenge_tilt,310.0,0.98,0.94,1,0,1092.49,3.06,0
23,revenge_tilt,19.7,1.02,1.04,1,0,1421.16,1.38,0
23,revenge_tilt,319.9,1.19,1.16,0,0,1181.06,0.0,0
23,revenge_tilt,249.2,1.2,1.01,1,1,-1199.91,1.42,0
23,revenge_tilt,15.4,0.96,0.81,1,2,-1419.48,3.09,1
23,revenge_tilt,224.8,3.37,3.49,0,3,-842.26,4.09,1
23,revenge_tilt,8.5,2.32,0.69,0,4,-3602.77,8.34,1
23,revenge_tilt,38.0,1.85,0.8,1,5,-1916.1,10.61,1
23,revenge_tilt,33.1,1.91,1.03,1,6,-1567.74,12.46,1
23,revenge_tilt,45.5,2.13,1.12,1,7,-1635.81,14.39,1
23,revenge_tilt,32.9,2.04,0.96,1,8,-2077.33,16.84,1
23,revenge_tilt,7.2,1.09,0.53,0,9,-2247.56,19.5,1
23,revenge_tilt,696.6,2.74,2.52,0,10,-1231.56,20.95,1
23,revenge_tilt,227.2,0.83,0.3,0,0,2790.07,17.66,0
23,revenge_tilt,634.3,1.09,1.32,1,1,-868.07,18.68,0
23,revenge_tilt,0.8,0.97,0.89,0,0,1257.74,17.2,1
23,revenge_tilt,138.5,1.18,1.22,0,0,1129.51,15.86,0
23,revenge_tilt,1119.0,0.86,0.72,0,0,1235.66,14.4,0
23,revenge_tilt,269.7,1.16,1.35,1,1,-721.45,15.26,0
23,revenge_tilt,166.3,0.9,0.78,0,0,1179.38,13.86,0
23,revenge_tilt,756.5,0.81,0.9,1,1,-859.17,14.88,0
23,revenge_tilt,25.6,1.35,1.67,1,2,-773.65,15.79,1
23,revenge_tilt,26.0,2.01,1.49,1,3,-1449.19,17.5,1
23,revenge_tilt,1083.1,1.17,0.58,0,0,2943.2,14.03,0
23,revenge_tilt,330.2,0.85,0.73,0,1,-1196.13,15.44,0
23,revenge_tilt,71.4,2.49,2.93,1,2,-962.25,16.58,1
23,revenge_tilt,18.8,1.03,0.41,0,0,3408.51,12.55,1
23,revenge_tilt,198.8,0.9,0.87,0,1,-1147.24,13.9,0
23,revenge_tilt,81.2,1.05,1.17,1,0,1156.69,12.54,0
23,revenge_tilt,18.9,0.87,0.83,0,0,1177.87,11.15,1
23,revenge_tilt,669.9,1.77,2.04,0,0,1048.03,9.91,0
23,revenge_tilt,489.2,1.05,0.6,0,0,2625.75,6.81,0
23,revenge_tilt,1222.0,1.2,1.14,0,0,1076.58,5.54,0
23,revenge_tilt,307.0,1.13,0.94,0,1,-1076.1,6.81,0
23,revenge_tilt,390.5,1.14,1.0,0,0,1349.34,5.21,0
23,revenge_tilt,132.2,1.69,1.48,0,1,-985.04,6.38,0
23,revenge_tilt,75.0,1.46,0.86,1,2,-1534.85,8.19,0
23,revenge_tilt,8.7,0.86,0.59,1,0,1615.28,6.28,0
23,revenge_tilt,71.1,1.19,1.38,1,1,-905.33,7.35,0
23,revenge_tilt,45.4,0.98,0.82,0,0,1208.9,5.92,0
23,revenge_tilt,65.4,1.13,1.16,0,1,-876.76,6.96,0
23,revenge_tilt,586.3,0.96,0.85,0,0,1500.09,5.19,0
23,revenge_tilt,590.9,0.93,0.97,0,0,1171.6,3.8,0
23,revenge_tilt,10.0,0.99,1.06,1,1,-963.14,4.94,0
23,revenge_tilt,184.6,0.83,0.84,0,0,1207.24,3.52,0
23,revenge_tilt,1745.7,1.04,1.26,1,0,888.79,2.47,0
23,revenge_tilt,553.5,0.83,0.8,0,0,1527.1,0.66,0
23,revenge_tilt,302.5,0.95,1.15,0,0,1101.13,0.0,0
23,revenge_tilt,491.2,0.92,0.97,0,1,-925.51,1.09,0
23,revenge_tilt,10.4,1.17,1.27,0,0,1241.88,0.0,0
23,revenge_tilt,48.6,0.83,0.71,0,0,1452.61,0.0,0
23,revenge_tilt,88.2,0.84,1.02,0,0,1037.04,0.0,0
23,revenge_tilt,111.7,1.12,1.33,1,1,-768.0,0.87,0
23,revenge_tilt,1.8,3.93,3.52,1,2,-1305.8,2.36,1
23,revenge_tilt,205.3,2.23,0.57,0,3,-3837.75,6.72,1
23,revenge_tilt,26.1,0.92,0.41,1,4,-2214.89,9.23,1
24,revenge_tilt,283.0,0.91,0.91,0,0,0.0,0.0,0
24,revenge_tilt,450.4,0.81,0.89,0,0,927.73,0.0,0
24,revenge_tilt,774.6,1.11,1.37,0,0,1134.61,0.0,0
24,revenge_tilt,165.4,0.83,0.75,0,0,1535.76,0.0,0
24,revenge_tilt,120.1,0.96,1.15,0,0,934.99,0.0,0
24,revenge_tilt,8.4,0.96,1.0,0,0,1364.61,0.0,0
24,revenge_tilt,2509.9,0.88,0.92,0,0,1086.8,0.0,0
24,revenge_tilt,118.8,1.14,1.29,1,0,884.1,0.0,0
24,revenge_tilt,1048.8,1.03,0.9,0,0,1525.64,0.0,0
24,revenge_tilt,32.8,0.95,0.93,1,0,1334.83,0.0,0
24,revenge_tilt,81.8,1.0,1.05,0,1,-1036.17,1.71,0
24,revenge_tilt,476.4,1.08,1.07,0,0,1228.74,0.0,0
24,revenge_tilt,239.8,1.15,1.07,0,1,-1084.98,1.78,0
24,revenge_tilt,1534.7,0.99,0.86,0,0,1389.29,0.0,0
24,revenge_tilt,1907.1,1.17,1.18,0,0,1244.83,0.0,0
24,revenge_tilt,102.6,0.86,0.73,1,1,-1344.3,2.15,0
24,revenge_tilt,765.9,0.86,1.01,0,0,940.71,0.65,0
24,revenge_tilt,1240.1,0.84,0.98,1,1,-903.01,2.09,0
24,revenge_tilt,80.9,0.98,1.17,0,0,1252.39,0.09,0
24,revenge_tilt,295.4,1.08,1.11,0,0,1187.93,0.0,0
24,revenge_tilt,17.7,1.07,0.99,0,1,-1212.67,1.91,0
24,revenge_tilt,1038.0,0.95,0.88,0,0,1355.04,0.0,0
24,revenge_tilt,491.5,1.86,1.96,1,1,-808.91,1.27,0
24,revenge_tilt,16.8,0.94,0.51,1,2,-1896.19,4.24,1
24,revenge_tilt,8.1,2.26,2.4,1,3,-904.09,5.66,1
24,revenge_tilt,740.6,0.93,0.41,0,0,2641.01,1.52,0
24,revenge_tilt,1641.6,0.89,0.96,0,1,-938.21,2.99,0
24,revenge_tilt,113.7,0.86,0.97,0,0,1190.76,1.12,1
24,revenge_tilt,58.1,1.09,1.26,0,0,883.18,0.0,0
24,revenge_tilt,26.0,1.14,1.04,1,1,-891.53,1.39,0
24,revenge_tilt,37.1,3.73,3.28,1,2,-1202.13,3.28,1
24,revenge_tilt,50.1,2.95,0.79,1,3,-3838.62,9.28,1
24,revenge_tilt,2.5,1.49,0.51,1,4,-2868.96,13.77,1
24,revenge_tilt,57.8,1.27,0.85,1,5,-1352.61,15.89,0
24,revenge_tilt,6.4,3.73,2.93,1,6,-1366.32,18.02,1
24,revenge_tilt,166.3,1.04,0.28,1,7,-4027.88,24.33,0
24,revenge_tilt,236.7,1.56,1.51,0,0,1118.73,22.58,0
24,revenge_tilt,13.0,1.14,0.73,1,1,-1760.91,25.33,1
24,revenge_tilt,317.5,1.19,1.04,1,0,1540.49,22.92,0
24,revenge_tilt,31.7,0.86,0.72,0,1,-1406.91,25.12,1
24,revenge_tilt,37.0,1.06,1.23,0,0,932.93,23.66,1
24,revenge_tilt,395.4,1.04,0.99,0,0,1306.11,21.62,0
24,revenge_tilt,404.9,1.07,1.03,1,0,1087.78,19.92,0
24,revenge_tilt,1341.7,0.91,0.85,0,0,1529.11,17.52,0
24,revenge_tilt,409.2,1.06,1.17,0,0,1000.73,15.96,0
24,revenge_tilt,48.1,1.0,0.94,0,1,-913.93,17.39,0
24,revenge_tilt,2310.8,0.96,0.97,0,0,1360.32,15.26,0
24,revenge_tilt,33.4,1.1,1.15,0,1,-892.38,16.66,1
24,revenge_tilt,8.2,3.96,3.59,1,2,-1024.27,18.26,1
24,revenge_tilt,96.1,2.77,0.7,1,3,-4139.65,24.74,1
24,revenge_tilt,173.4,0.93,0.34,0,0,4003.38,18.47,0
24,revenge_tilt,483.1,1.02,1.1,1,1,-964.02,19.98,0
24,revenge_tilt,2.4,2.76,2.71,1,2,-1002.79,21.55,1
24,revenge_tilt,6.5,1.25,0.45,1,3,-2391.21,25.29,1
24,revenge_tilt,19.7,1.92,1.54,1,4,-1014.01,26.88,1
24,revenge_tilt,522.0,1.19,0.62,0,0,2089.07,23.61,1
24,revenge_tilt,215.9,1.15,0.97,0,1,-1403.76,25.81,0
24,revenge_tilt,48.7,3.24,2.82,1,2,-1156.73,27.62,1
24,revenge_tilt,42.9,3.95,1.22,1,3,-3672.25,33.36,1
24,revenge_tilt,113.8,0.99,0.25,1,0,4689.09,26.02,0
24,revenge_tilt,311.5,1.18,1.19,0,0,1059.9,24.37,0
24,revenge_tilt,253.0,0.95,0.8,0,0,1181.34,22.52,0
24,revenge_tilt,58.3,1.19,1.26,0,1,-873.01,23.88,0
24,revenge_tilt,26.0,1.15,0.97,1,0,1459.11,21.6,1
24,revenge_tilt,153.0,1.02,0.89,0,1,-1115.27,23.35,0
24,revenge_tilt,89.9,1.15,1.12,0,0,1131.74,21.57,0
24,revenge_tilt,9.9,0.94,0.82,0,0,1447.42,19.31,1
24,revenge_tilt,2.2,1.12,1.19,0,0,1368.94,17.17,1
24,revenge_tilt,288.2,1.14,1.02,0,0,1203.97,15.28,0
24,revenge_tilt,605.5,1.13,0.99,0,1,-1083.89,16.98,0
24,revenge_tilt,405.8,0.96,0.86,0,2,-1220.91,18.89,0
24,revenge_tilt,190.3,2.33,2.42,1,3,-954.35,20.38,1
24,revenge_tilt,10.0,2.91,1.25,1,4,-2310.38,24.0,1
24,revenge_tilt,23.4,2.61,0.9,1,5,-3191.43,28.99,1
24,revenge_tilt,19.3,1.18,0.45,1,6,-2914.06,33.55,1
24,revenge_tilt,7.9,2.88,2.44,0,7,-1274.19,35.54,1
24,revenge_tilt,3.2,1.11,0.39,1,8,-3145.62,40.47,1
24,revenge_tilt,18.9,0.95,0.85,1,0,1584.28,37.99,1
24,revenge_tilt,683.4,0.91,0.97,1,0,1329.6,35.91,0
24,revenge_tilt,1004.9,1.11,1.22,0,1,-959.18,37.41,0
24,revenge_tilt,23.8,0.94,0.84,0,2,-1067.6,39.08,1
24,revenge_tilt,487.4,1.97,2.09,0,0,975.83,37.55,1
24,revenge_tilt,132.8,0.86,0.43,0,1,-2035.46,40.74,0
24,revenge_tilt,41.6,2.74,3.21,1,2,-705.51,41.84,1
24,revenge_tilt,554.2,1.1,0.4,0,0,3684.35,36.08,0
24,revenge_tilt,105.9,0.81,0.73,1,0,1145.75,34.28,0
24,revenge_tilt,560.4,0.87,1.07,0,1,-866.22,35.64,0
24,revenge_tilt,35.0,2.96,3.42,0,2,-817.77,36.92,1
24,revenge_tilt,96.4,1.82,0.61,0,3,-3137.32,41.83,1
24,revenge_tilt,821.3,0.88,0.48,0,0,1837.0,38.95,0
24,revenge_tilt,219.6,1.02,1.16,0,0,1056.46,37.3,0
24,revenge_tilt,192.7,1.13,1.11,0,1,-981.09,38.83,0
24,revenge_tilt,93.6,0.89,0.79,0,0,1290.06,36.82,0
24,revenge_tilt,145.5,1.01,1.14,0,1,-1015.55,38.4,0
24,revenge_tilt,719.9,0.94,0.93,0,0,1400.13,36.21,0
24,revenge_tilt,403.1,1.14,1.21,0,0,1086.04,34.52,0
24,revenge_tilt,69.2,0.99,0.87,0,1,-1259.88,36.49,0
24,revenge_tilt,911.5,1.09,1.11,0,0,1145.92,34.69,0
24,revenge_tilt,44.7,1.63,1.49,0,1,-1137.34,36.47,1
24,revenge_tilt,6.3,1.0,0.62,1,2,-1646.42,39.05,1
24,revenge_tilt,106.8,0.89,0.88,0,0,1019.2,37.45,0
24,revenge_tilt,959.1,0.96,1.08,1,1,-966.19,38.97,0
24,revenge_tilt,810.3,1.07,1.11,0,0,999.52,37.4,0
24,revenge_tilt,1435.5,0.83,0.78,1,0,1153.45,35.6,0
24,revenge_tilt,148.7,1.01,1.21,0,0,1153.43,33.79,0
24,revenge_tilt,292.0,0.81,0.81,0,0,1154.48,31.99,0
24,revenge_tilt,197.3,0.8,0.98,1,0,921.85,30.54,0
24,revenge_tilt,429.3,1.05,1.31,0,0,1142.75,28.76,0
24,revenge_tilt,747.0,0.92,0.88,0,0,1152.79,26.95,0
24,revenge_tilt,1630.9,1.89,2.05,0,1,-813.14,28.22,1
24,revenge_tilt,6.1,2.99,1.58,0,2,-1799.63,31.04,1
24,revenge_tilt,60.0,3.65,1.22,0,3,-3567.17,36.62,1
24,revenge_tilt,970.5,0.94,0.26,1,0,4553.84,29.5,0
24,revenge_tilt,861.7,0.82,0.87,0,0,1272.4,27.51,0
24,revenge_tilt,50.1,1.08,1.32,0,1,-726.64,28.64,0
24,revenge_tilt,70.8,3.84,3.55,1,2,-868.82,30.0,1
24,revenge_tilt,2.9,3.96,1.03,1,3,-3764.51,35.89,1
24,revenge_tilt,1.2,2.92,0.74,1,4,-3964.19,42.09,1
24,revenge_tilt,721.2,2.87,0.98,1,5,-2935.08,46.69,1
24,revenge_tilt,60.5,1.25,0.44,0,6,-2425.89,50.48,0
24,revenge_tilt,53.6,1.09,0.87,0,0,1481.62,48.16,0
24,revenge_tilt,148.5,1.09,1.0,1,1,-994.73,49.72,0
24,revenge_tilt,8.9,1.25,1.15,1,2,-970.01,51.24,1
24,revenge_tilt,37.3,1.3,1.04,1,3,-1085.88,52.94,1
24,revenge_tilt,171.8,1.19,0.92,1,0,1884.97,49.99,0
24,revenge_tilt,33.3,1.09,0.91,0,0,1528.57,47.6,1
24,revenge_tilt,397.1,0.83,0.76,1,1,-1150.04,49.4,0
24,revenge_tilt,1175.3,1.04,1.25,0,0,1240.02,47.46,0
24,revenge_tilt,678.8,0.97,0.94,0,1,-1068.0,49.13,0
24,revenge_tilt,539.7,1.08,1.11,0,0,994.43,47.57,0
24,revenge_tilt,37.9,0.92,0.85,0,0,1526.9,45.18,1
24,revenge_tilt,642.3,0.84,0.91,0,1,-831.25,46.48,0
24,revenge_tilt,740.8,0.99,1.18,1,0,1048.41,44.84,0
24,revenge_tilt,701.8,1.03,1.05,0,0,1406.29,42.64,0
24,revenge_tilt,544.3,0.97,0.94,1,0,1299.83,40.61,0
24,revenge_tilt,53.9,1.01,1.04,1,1,-1096.52,42.32,0
24,revenge_tilt,19.1,2.04,2.03,1,2,-817.56,43.6,1
24,revenge_tilt,116.1,1.03,0.51,0,0,2975.38,38.95,0
24,revenge_tilt,1246.7,1.15,1.12,1,1,-986.61,40.49,0
24,revenge_tilt,22.3,1.2,1.04,1,2,-1286.39,42.5,1
24,revenge_tilt,16.8,1.94,1.61,1,3,-1115.78,44.25,1
24,revenge_tilt,4.9,2.27,1.17,1,4,-2038.06,47.44,1
24,revenge_tilt,20.9,2.46,1.08,1,5,-2658.96,51.6,1
24,revenge_tilt,64.9,3.83,1.56,0,6,-2744.55,55.89,1
24,revenge_tilt,0.3,3.21,0.84,1,7,-3805.65,61.85,1
24,revenge_tilt,2.4,3.42,1.07,0,8,-2924.65,66.42,1
24,revenge_tilt,4.2,3.81,1.11,1,9,-3279.57,71.55,1
24,revenge_tilt,20.5,1.29,0.34,1,10,-3784.92,77.48,1
24,revenge_tilt,6.3,1.17,0.9,1,0,1836.07,74.6,1
24,revenge_tilt,343.1,1.69,1.45,0,1,-1397.95,76.79,0
25,revenge_tilt,893.0,0.96,0.96,0,0,0.0,0.0,0
25,revenge_tilt,306.3,1.11,1.15,0,1,-1017.29,2.03,0
25,revenge_tilt,97.6,1.17,1.05,0,0,1227.64,0.0,0
25,revenge_tilt,116.2,1.14,0.97,0,1,-1335.72,2.66,0
25,revenge_tilt,201.7,0.82,0.73,1,0,1519.57,0.0,0
25,revenge_tilt,1433.5,1.14,1.38,0,1,-981.31,1.95,0
25,revenge_tilt,255.9,1.14,1.01,0,0,1247.03,0.0,0
25,revenge_tilt,513.5,1.09,0.95,1,0,1713.07,0.0,0
25,revenge_tilt,199.1,1.15,1.06,0,1,-976.12,1.86,0
25,revenge_tilt,861.0,1.16,1.0,0,0,1431.67,0.0,0
25,revenge_tilt,1041.4,1.18,1.02,0,0,1333.88,0.0,0
25,revenge_tilt,427.6,0.87,0.74,0,1,-1064.59,1.97,0
25,revenge_tilt,868.7,0.96,1.1,0,0,908.18,0.29,0
25,revenge_tilt,365.9,0.9,0.94,0,1,-780.77,1.73,0
25,revenge_tilt,20.0,2.1,2.33,0,2,-1049.23,3.67,1
25,revenge_tilt,2.2,3.23,1.54,1,3,-1969.43,7.3,1
25,revenge_tilt,376.5,0.85,0.26,0,0,3924.92,0.06,0
25,revenge_tilt,1.2,1.05,1.24,0,1,-893.74,1.71,0
25,revenge_tilt,3.5,0.97,0.92,1,2,-914.46,3.4,1
25,revenge_tilt,20.0,2.24,2.3,1,3,-1012.3,5.26,1
25,revenge_tilt,221.4,3.72,1.66,1,4,-2373.53,9.65,1
25,revenge_tilt,19.5,3.16,0.85,0,5,-4212.87,17.43,1
25,revenge_tilt,54.8,1.09,0.35,1,6,-2907.74,22.79,0
25,revenge_tilt,256.3,0.81,0.75,0,0,1377.51,20.25,0
25,revenge_tilt,10.2,0.87,1.07,0,1,-659.92,21.47,1
25,revenge_tilt,154.2,3.48,3.98,1,2,-780.37,22.91,1
25,revenge_tilt,1316.8,1.16,0.33,0,0,3916.06,15.68,0
25,revenge_tilt,460.8,0.97,0.83,0,1,-1281.73,18.05,0
25,revenge_tilt,321.6,0.87,0.9,0,0,1234.03,15.77,0
25,revenge_tilt,12.9,1.12,1.28,0,0,986.67,13.95,1
25,revenge_tilt,177.2,1.13,1.01,0,0,1655.54,10.89,0
25,revenge_tilt,99.1,1.08,0.96,1,1,-1150.23,13.01,0
25,revenge_tilt,9.3,0.99,0.92,1,2,-1160.95,15.16,1
25,revenge_tilt,67.8,3.91,3.94,1,3,-1149.81,17.28,1
25,revenge_tilt,861.1,0.96,0.25,1,0,5025.72,8.0,0
25,revenge_tilt,168.7,1.01,1.05,0,0,1365.47,5.48,0
25,revenge_tilt,270.6,1.14,1.13,1,1,-1195.2,7.69,0
25,revenge_tilt,84.4,1.18,1.03,1,2,-1209.95,9.92,0
25,revenge_tilt,503.8,1.18,1.0,0,0,1368.21,7.39,0
25,revenge_tilt,180.0,0.85,0.72,0,0,1747.28,4.17,0
25,revenge_tilt,1008.2,1.0,1.18,1,0,1178.25,1.99,0
25,revenge_tilt,28.9,1.03,1.03,0,1,-1103.18,4.03,0
25,revenge_tilt,109.0,1.23,1.19,1,2,-1051.14,5.97,0
25,revenge_tilt,24.6,1.19,0.97,1,3,-1357.14,8.48,1
25,revenge_tilt,7.1,2.73,2.29,1,4,-1300.61,10.88,1
25,revenge_tilt,10.7,3.66,1.34,0,5,-2840.86,16.12,0
25,revenge_tilt,19.8,3.68,1.0,1,6,-4370.78,24.19,1
25,revenge_tilt,18.0,3.53,0.96,1,7,-3814.98,31.24,1
25,revenge_tilt,69.8,1.02,0.29,1,8,-3174.96,37.1,0
25,revenge_tilt,90.5,1.19,1.17,0,0,1212.42,34.86,0
25,revenge_tilt,81.3,1.05,0.88,0,1,-979.53,36.67,1
25,revenge_tilt,41.3,2.5,2.38,1,2,-915.41,38.36,1
25,revenge_tilt,25.1,1.38,0.55,1,3,-2919.67,43.75,1
25,revenge_tilt,14.9,1.98,1.43,1,4,-1434.84,46.4,1
25,revenge_tilt,22.9,3.62,1.83,1,5,-1712.24,49.56,1
25,revenge_tilt,32.2,3.38,0.93,1,6,-3763.42,56.51,1
25,revenge_tilt,2.9,1.72,0.51,0,0,5052.27,47.18,1
25,revenge_tilt,25.5,0.84,0.49,0,0,2125.57,43.25,1
25,revenge_tilt,295.3,0.85,1.01,0,0,1210.23,41.02,0
25,revenge_tilt,1064.9,0.91,1.06,0,0,1043.4,39.09,0
25,revenge_tilt,29.7,0.8,0.89,1,1,-868.7,40.7,1
25,revenge_tilt,62.8,1.43,1.78,1,2,-723.32,42.03,1
25,revenge_tilt,23.6,1.18,0.82,1,3,-1181.27,44.21,1
25,revenge_tilt,46.5,1.01,0.85,0,0,1675.06,41.12,0
25,revenge_tilt,491.1,1.0,0.99,0,0,1173.81,38.95,0
25,revenge_tilt,1.6,1.2,1.19,0,1,-917.97,40.65,1
25,revenge_tilt,167.7,3.17,2.65,0,2,-1107.64,42.69,1
25,revenge_tilt,46.6,2.35,0.74,1,3,-3683.03,49.49,1
25,revenge_tilt,10.9,3.64,1.55,1,4,-2796.6,54.66,1
25,revenge_tilt,6.1,1.26,0.35,1,5,-4199.21,62.41,1
25,revenge_tilt,179.6,1.1,0.87,1,0,1348.57,59.92,0
25,revenge_tilt,2497.3,0.85,0.77,0,1,-1301.88,62.32,0
25,revenge_tilt,37.9,1.12,1.31,0,0,862.73,60.73,1
25,revenge_tilt,931.5,0.88,0.79,0,1,-1129.02,62.82,0
25,revenge_tilt,21.9,1.49,1.7,1,2,-1022.78,64.7,1
25,revenge_tilt,187.3,1.83,1.23,1,3,-1357.04,67.21,1
25,revenge_tilt,23.8,2.73,1.49,1,4,-2039.06,70.97,1
25,revenge_tilt,23.9,0.91,0.34,1,5,-3153.22,76.8,1
25,revenge_tilt,14.5,1.07,1.17,1,6,-1041.18,78.72,1
25,revenge_tilt,37.1,1.13,1.05,0,7,-918.99,80.41,1
25,revenge_tilt,707.7,0.84,0.74,1,0,1232.87,78.14,0
25,revenge_tilt,156.0,0.9,1.08,0,1,-909.13,79.82,0
25,revenge_tilt,2.5,3.85,4.25,1,2,-1027.01,81.71,1
25,revenge_tilt,1.3,2.24,0.58,1,3,-4431.02,89.89,1
25,revenge_tilt,17.2,0.92,0.41,1,0,2829.61,84.67,1
25,revenge_tilt,645.1,1.15,1.25,0,0,938.82,82.94,0
25,revenge_tilt,331.9,1.03,0.9,0,0,1639.78,79.91,0
25,revenge_tilt,8.5,0.88,0.86,0,0,1102.39,77.87,1
25,revenge_tilt,17.5,0.82,0.92,1,1,-733.3,79.23,1
25,revenge_tilt,372.3,0.9,1.11,1,0,915.81,77.54,0
25,revenge_tilt,98.9,1.52,1.68,0,0,1003.73,75.68,0
25,revenge_tilt,0.2,0.87,0.57,1,0,1946.77,72.09,1
25,revenge_tilt,295.8,1.12,1.29,0,1,-970.27,73.88,0
25,revenge_tilt,30.3,1.4,1.26,0,2,-1030.05,75.78,1
25,revenge_tilt,5.8,2.39,1.7,1,3,-1300.97,78.18,1
25,revenge_tilt,21.3,0.91,0.38,1,4,-2681.57,83.14,1
25,revenge_tilt,1215.3,0.89,0.98,0,0,935.9,81.41,0
25,revenge_tilt,83.7,0.98,1.11,1,0,1303.89,79.0,0
25,revenge_tilt,47.9,1.08,1.09,1,0,1003.88,77.15,0
25,revenge_tilt,532.9,0.93,0.86,1,0,1362.37,74.63,0
25,revenge_tilt,102.2,1.08,1.16,1,0,964.65,72.85,0
25,revenge_tilt,166.4,0.96,0.89,1,0,1430.04,70.21,0
25,revenge_tilt,510.1,0.92,0.97,1,1,-1096.54,72.23,0
25,revenge_tilt,748.3,0.92,0.99,0,0,1269.97,69.89,0
25,revenge_tilt,355.6,1.1,1.2,1,0,953.52,68.13,0
25,revenge_tilt,245.8,1.09,0.99,0,0,1261.46,65.8,0
25,revenge_tilt,479.0,0.88,0.81,1,1,-1087.57,67.81,0
25,revenge_tilt,9.7,2.28,2.61,0,2,-1006.39,69.67,1
25,revenge_tilt,5.5,3.6,1.57,0,3,-2282.91,73.88,1
25,revenge_tilt,285.5,2.46,0.69,1,4,-3049.64,79.51,1
25,revenge_tilt,35.9,3.42,1.39,0,5,-2827.58,84.73,1
25,revenge_tilt,478.8,1.07,0.31,0,0,3855.76,77.61,0
25,revenge_tilt,163.0,1.04,0.97,0,1,-870.29,79.22,0
25,revenge_tilt,216.5,0.87,0.84,0,0,1195.26,77.01,0
25,revenge_tilt,559.1,1.06,1.22,1,0,1122.21,74.94,0
25,revenge_tilt,61.2,0.91,0.85,0,0,1441.28,72.28,0
25,revenge_tilt,917.4,0.96,1.06,0,0,1083.78,70.28,0
25,revenge_tilt,758.3,1.16,1.21,0,0,1347.54,67.79,0
25,revenge_tilt,238.6,1.0,0.86,0,1,-1283.92,70.16,0
25,revenge_tilt,57.4,1.04,1.03,0,2,-1140.66,72.27,0
25,revenge_tilt,91.5,0.88,0.85,0,0,1117.21,70.21,0
25,revenge_tilt,788.9,1.04,1.19,0,1,-983.32,72.02,0
25,revenge_tilt,1109.0,3.6,3.46,1,2,-1238.63,74.31,1
25,revenge_tilt,0.9,1.83,0.51,1,3,-3182.21,80.18,1
25,revenge_tilt,307.7,0.83,0.45,0,0,2603.94,75.38,0
25,revenge_tilt,417.1,0.93,1.12,0,0,1103.19,73.34,0
25,revenge_tilt,21.2,1.04,1.12,0,0,1364.62,70.82,1
25,revenge_tilt,362.3,0.86,0.83,0,1,-1117.68,72.88,0
25,revenge_tilt,942.4,1.07,1.25,0,0,1205.71,70.66,0
25,revenge_tilt,352.4,1.11,1.03,0,0,1563.37,67.77,0
25,revenge_tilt,86.8,0.86,0.78,0,1,-1240.62,70.06,0
25,revenge_tilt,355.6,1.19,1.39,0,0,871.8,68.45,0
25,revenge_tilt,130.9,1.09,0.92,1,1,-1017.54,70.33,0
25,revenge_tilt,226.2,1.18,1.08,1,0,1508.45,67.54,0
25,revenge_tilt,87.6,0.84,0.71,0,1,-1160.96,69.69,0
25,revenge_tilt,29.9,1.09,1.29,1,2,-713.54,71.01,1
25,revenge_tilt,0.3,0.86,0.79,0,0,1506.19,68.22,0
25,revenge_tilt,26.7,1.12,1.3,0,1,-709.35,69.53,1
25,revenge_tilt,844.1,1.2,1.07,1,0,1243.61,67.24,0
25,revenge_tilt,2.6,0.83,0.69,0,1,-1231.92,69.51,1
25,revenge_tilt,56.3,1.15,1.39,0,2,-953.78,71.27,0
25,revenge_tilt,69.2,0.98,0.86,0,0,1384.43,68.72,0
25,revenge_tilt,63.5,0.8,0.82,1,1,-793.46,70.18,0
25,revenge_tilt,58.2,1.09,1.36,0,0,894.78,68.53,0
25,revenge_tilt,951.0,1.11,1.02,0,0,1449.6,65.85,0
25,revenge_tilt,517.0,0.86,0.78,0,0,1351.71,63.36,0
25,revenge_tilt,102.0,0.91,1.05,0,1,-992.89,65.19,0
25,revenge_tilt,101.6,1.17,1.29,0,0,1141.92,63.08,0
25,revenge_tilt,578.2,1.06,0.91,0,0,1423.57,60.46,0
25,revenge_tilt,9.9,1.08,1.01,0,0,1557.36,57.58,1
26,revenge_tilt,710.2,1.18,1.18,0,0,0.0,0.0,0
26,revenge_tilt,634.0,1.17,0.99,1,1,-1332.8,2.67,0
26,revenge_tilt,17.2,3.6,3.07,1,2,-1046.33,4.76,1
26,revenge_tilt,5.4,1.91,0.53,1,3,-3763.59,12.29,1
26,revenge_tilt,65.2,2.39,1.25,1,4,-1927.57,16.14,1
26,revenge_tilt,938.2,1.1,0.46,0,0,2678.2,10.78,0
26,revenge_tilt,651.8,0.88,0.8,0,0,1253.9,8.28,0
26,revenge_tilt,827.0,0.98,1.12,1,1,-839.53,9.96,0
26,revenge_tilt,262.7,0.85,0.86,1,0,1291.74,7.37,0
26,revenge_tilt,1345.1,1.04,1.22,1,0,1065.88,5.24,0
26,revenge_tilt,146.3,1.02,0.99,0,0,1445.23,2.35,0
26,revenge_tilt,295.7,1.17,1.15,0,1,-911.23,4.17,0
26,revenge_tilt,15.0,0.99,0.85,0,0,1447.33,1.28,0
26,revenge_tilt,68.4,0.8,0.81,0,0,1391.58,0.0,0
26,revenge_tilt,77.8,0.92,1.14,0,0,863.77,0.0,0
26,revenge_tilt,1020.6,0.87,0.95,1,1,-989.73,1.92,0
26,revenge_tilt,6.8,3.89,4.46,1,2,-741.07,3.35,1
26,revenge_tilt,88.6,3.02,0.78,1,3,-3194.85,9.54,1
26,revenge_tilt,34.7,1.05,0.35,0,0,4372.73,1.07,0
26,revenge_tilt,25.6,1.05,1.0,0,1,-1202.38,3.4,0
26,revenge_tilt,20.6,3.79,3.6,1,2,-915.96,5.18,1
26,revenge_tilt,165.0,1.13,0.3,1,0,4960.99,0.0,0
26,revenge_tilt,835.5,0.89,0.79,0,0,1247.19,0.0,0
26,revenge_tilt,38.3,1.1,1.23,0,0,1148.0,0.0,0
26,revenge_tilt,7.7,0.83,0.76,0,0,1337.71,0.0,0
26,revenge_tilt,76.0,0.9,1.08,0,0,1220.42,0.0,0
26,revenge_tilt,203.2,1.16,1.29,0,0,1210.76,0.0,0
26,revenge_tilt,310.7,1.01,0.87,1,1,-1325.39,2.21,0
26,revenge_tilt,231.1,1.16,1.14,0,0,1403.97,0.0,0
26,revenge_tilt,841.8,1.01,0.87,0,0,1585.28,0.0,0
26,revenge_tilt,55.5,0.83,0.83,0,1,-940.89,1.52,0
26,revenge_tilt,15.5,0.99,1.19,0,0,871.79,0.11,0
26,revenge_tilt,373.5,0.91,0.92,0,0,1319.82,0.0,0
26,revenge_tilt,137.0,0.82,0.9,1,1,-793.14,1.26,0
26,revenge_tilt,747.8,1.07,1.3,1,0,1095.05,0.0,0
26,revenge_tilt,263.0,0.82,0.77,0,1,-1273.06,2.01,0
26,revenge_tilt,612.6,1.19,1.44,0,0,969.03,0.48,0
26,revenge_tilt,214.1,1.07,0.9,0,0,1479.05,0.0,0
26,revenge_tilt,309.1,1.11,1.04,1,0,1372.97,0.0,0
26,revenge_tilt,1100.0,1.1,0.99,0,0,1460.93,0.0,0
26,revenge_tilt,528.1,0.94,0.85,0,0,1390.86,0.0,0
26,revenge_tilt,279.8,1.94,2.07,0,0,1017.2,0.0,0
26,revenge_tilt,479.5,1.2,0.62,0,1,-1961.91,2.81,0
26,revenge_tilt,648.6,0.98,0.82,0,0,1718.49,0.35,0
26,revenge_tilt,903.3,1.03,1.05,0,0,1408.1,0.0,0
26,revenge_tilt,23.6,1.19,1.15,0,0,1297.08,0.0,0
26,revenge_tilt,104.9,1.07,0.9,0,0,1274.14,0.0,0
26,revenge_tilt,304.9,0.82,0.76,1,1,-1142.09,1.56,0
26,revenge_tilt,11.5,1.2,1.47,0,0,950.42,0.26,0
26,revenge_tilt,130.5,1.18,0.98,0,0,1778.96,0.0,0
26,revenge_tilt,23.1,0.95,0.81,0,1,-1281.39,1.71,0
26,revenge_tilt,684.7,1.03,1.08,0,0,1265.64,0.02,0
26,revenge_tilt,231.8,1.05,1.02,1,1,-1017.19,1.38,0
26,revenge_tilt,10.0,2.01,1.91,1,2,-879.21,2.55,1
26,revenge_tilt,26.1,2.72,1.35,1,3,-2353.94,5.69,1
26,revenge_tilt,15.7,3.93,1.45,0,4,-3115.79,9.84,1
26,revenge_tilt,92.7,1.01,0.26,0,0,5706.94,2.23,0
26,revenge_tilt,202.6,0.93,0.92,0,1,-870.41,3.39,0
26,revenge_tilt,74.1,2.44,2.62,0,2,-788.79,4.44,1
26,revenge_tilt,125.5,1.67,0.69,0,0,2464.13,1.16,0
26,revenge_tilt,589.8,0.84,0.5,0,1,-1893.74,3.68,0
26,revenge_tilt,10.8,2.45,2.92,0,2,-904.81,4.89,1
26,revenge_tilt,344.5,0.97,0.39,0,0,2955.22,0.95,0
26,revenge_tilt,273.6,1.05,1.09,0,0,1123.07,0.0,0
26,revenge_tilt,975.3,0.87,0.82,0,1,-1131.54,1.5,0
26,revenge_tilt,652.9,0.9,1.04,1,0,993.89,0.18,0
26,revenge_tilt,1783.1,0.96,1.06,0,0,1301.77,0.0,0
26,revenge_tilt,179.9,0.83,0.87,0,0,1213.36,0.0,0
26,revenge_tilt,239.1,0.92,1.11,0,1,-779.29,1.0,0
26,revenge_tilt,541.4,1.05,1.15,0,0,1174.81,0.0,0
26,revenge_tilt,258.0,1.19,1.13,0,1,-1097.11,1.4,0
26,revenge_tilt,324.2,1.02,0.86,0,0,1606.5,0.0,0
26,revenge_tilt,908.5,0.91,0.88,0,1,-1023.16,1.3,0
26,revenge_tilt,942.9,1.77,1.96,0,0,1075.86,0.0,0
26,revenge_tilt,702.7,0.84,0.47,0,0,2118.52,0.0,0
26,revenge_tilt,97.1,1.11,1.31,0,1,-869.66,1.08,0
26,revenge_tilt,269.2,1.0,0.9,0,0,1427.31,0.0,1
26,revenge_tilt,242.8,0.95,0.95,0,1,-1083.51,1.33,0
26,revenge_tilt,11.1,3.97,4.19,1,2,-1107.8,2.69,1
26,revenge_tilt,129.6,0.94,0.24,0,3,-4396.95,8.09,0
26,revenge_tilt,108.3,0.86,0.91,0,0,1015.63,6.84,0
26,revenge_tilt,221.5,1.0,1.16,0,0,1287.98,5.26,0
26,revenge_tilt,455.7,0.86,0.86,0,0,1443.7,3.49,0
26,revenge_tilt,236.8,0.86,1.0,0,1,-931.96,4.63,0
26,revenge_tilt,261.9,0.87,1.02,0,0,1005.77,3.4,0
26,revenge_tilt,535.1,0.81,0.93,0,1,-1017.87,4.65,0
26,revenge_tilt,0.7,2.31,2.85,0,2,-877.77,5.72,1
26,revenge_tilt,11.1,1.07,0.46,0,0,3161.69,1.84,1
26,revenge_tilt,351.8,0.86,0.8,0,0,1478.21,0.03,0
26,revenge_tilt,593.2,1.2,1.4,1,0,978.28,0.0,0
26,revenge_tilt,44.7,0.9,0.75,0,1,-1338.98,1.62,0
26,revenge_tilt,8.5,0.83,0.93,0,0,1056.72,0.34,0
26,revenge_tilt,14.9,1.16,1.39,1,0,1235.15,0.0,0
26,revenge_tilt,65.0,1.68,1.45,0,1,-977.05,1.17,0
26,revenge_tilt,24.4,1.02,0.61,1,2,-1507.01,2.98,1
26,revenge_tilt,25.5,1.07,1.05,1,3,-978.27,4.15,1
26,revenge_tilt,2.7,1.16,1.08,1,4,-1097.88,5.47,1
26,revenge_tilt,84.4,3.09,2.68,1,5,-1306.42,7.04,1
26,revenge_tilt,5.2,2.98,0.96,1,6,-2523.94,10.07,1
26,revenge_tilt,237.2,3.3,1.11,1,7,-2617.99,13.21,1
26,revenge_tilt,97.1,3.38,1.02,1,8,-3700.88,17.65,1
26,revenge_tilt,50.4,2.64,0.78,1,9,-3477.81,21.82,1
26,revenge_tilt,369.7,1.0,0.38,1,0,3810.16,17.25,0
26,revenge_tilt,2.4,0.93,0.93,0,0,1106.68,15.92,1
26,revenge_tilt,86.5,1.2,1.28,0,0,944.19,14.79,0
26,revenge_tilt,968.3,1.01,0.84,0,0,1452.7,13.04,0
26,revenge_tilt,618.9,1.12,1.11,1,0,1233.44,11.56,0
26,revenge_tilt,671.3,1.15,1.02,0,0,1295.43,10.01,0
26,revenge_tilt,336.2,0.81,0.71,0,0,1328.01,8.42,0
26,revenge_tilt,243.2,0.98,1.21,1,0,1078.09,7.12,0
26,revenge_tilt,75.6,0.8,0.82,0,1,-1159.34,8.52,0
26,revenge_tilt,215.2,0.88,1.1,0,0,832.3,7.52,0
26,revenge_tilt,200.2,0.84,0.95,0,0,987.74,6.33,0
26,revenge_tilt,54.9,1.04,1.23,0,0,1027.12,5.1,0
26,revenge_tilt,246.2,1.1,1.06,0,1,-1037.47,6.34,0
26,revenge_tilt,450.7,1.05,0.95,1,0,1593.51,4.43,0
26,revenge_tilt,82.6,1.19,1.13,0,0,1240.08,2.94,0
26,revenge_tilt,612.0,1.19,1.0,0,0,1532.31,1.11,0
26,revenge_tilt,729.3,1.14,0.96,0,0,1234.19,0.0,0
26,revenge_tilt,382.4,0.81,0.71,0,1,-1034.97,1.24,0
26,revenge_tilt,24.3,3.72,4.61,1,2,-949.99,2.37,1
26,revenge_tilt,41.3,1.41,0.38,0,3,-3738.85,6.84,1
26,revenge_tilt,50.3,0.97,0.69,1,4,-1187.14,8.26,0
26,revenge_tilt,238.6,1.13,1.16,0,0,1320.61,6.68,0
26,revenge_tilt,533.9,0.9,0.8,0,1,-1348.46,8.29,0
26,revenge_tilt,345.7,0.89,0.99,0,0,1261.32,6.79,0
26,revenge_tilt,1239.9,0.81,0.91,0,0,953.88,5.65,0
26,revenge_tilt,47.7,1.12,1.38,0,0,1182.16,4.23,0
26,revenge_tilt,360.9,0.88,0.79,0,1,-1334.44,5.83,0
26,revenge_tilt,1183.7,0.99,1.12,1,0,1210.69,4.38,0
26,revenge_tilt,146.4,0.98,1.0,0,1,-1167.58,5.78,0
26,revenge_tilt,41.4,2.61,2.66,1,2,-857.09,6.8,1
26,revenge_tilt,57.2,1.42,0.54,1,3,-3027.76,10.42,0
26,revenge_tilt,0.5,2.13,1.5,1,4,-1484.98,12.19,1
26,revenge_tilt,23.0,2.07,0.97,1,5,-1831.72,14.38,1
26,revenge_tilt,90.6,1.03,0.5,1,6,-2127.61,16.93,0
26,revenge_tilt,21.5,3.64,3.53,0,7,-1152.41,18.3,1
26,revenge_tilt,9.9,0.96,0.26,1,0,3777.04,13.79,1
26,revenge_tilt,145.4,0.93,0.98,0,1,-941.32,14.91,0
26,revenge_tilt,192.9,0.94,1.01,1,0,1280.68,13.38,0
26,revenge_tilt,821.9,1.15,1.23,1,0,1246.92,11.89,0
26,revenge_tilt,524.9,1.08,0.94,0,1,-937.44,13.01,0
26,revenge_tilt,27.9,0.89,0.82,0,0,1567.8,11.14,1
26,revenge_tilt,384.8,0.93,1.06,0,1,-730.18,12.01,0
26,revenge_tilt,36.3,1.27,1.36,1,2,-965.68,13.17,1
26,revenge_tilt,82.0,2.71,2.13,1,3,-1125.23,14.51,1
26,revenge_tilt,390.3,1.16,0.43,0,0,2928.06,11.01,0
26,revenge_tilt,292.4,1.15,0.98,0,0,1335.41,9.42,0
26,revenge_tilt,25.9,1.17,1.02,1,1,-1335.86,11.01,1
26,revenge_tilt,149.7,1.3,1.11,1,2,-946.37,12.14,0
27,revenge_tilt,251.8,1.15,1.15,1,0,0.0,0.0,0
27,revenge_tilt,179.8,1.17,1.01,0,0,1638.79,0.0,0
27,revenge_tilt,322.0,0.97,0.83,1,1,-1272.99,2.47,0
27,revenge_tilt,181.4,1.97,2.02,0,2,-959.84,4.32,1
27,revenge_tilt,100.6,1.19,0.6,0,0,2101.08,0.26,0
27,revenge_tilt,530.0,1.66,1.4,1,0,1736.29,0.0,0
27,revenge_tilt,374.0,1.01,0.61,1,1,-1699.54,3.19,0
27,revenge_tilt,222.7,0.98,0.97,0,0,1320.84,0.71,0
27,revenge_tilt,50.3,1.02,1.04,1,0,1428.39,0.0,0
27,revenge_tilt,13.2,1.13,1.11,0,1,-1072.67,1.98,0
27,revenge_tilt,79.5,2.07,1.83,1,2,-1053.3,3.92,1
27,revenge_tilt,64.8,2.21,1.07,0,3,-1829.69,7.29,1
27,revenge_tilt,15.0,2.89,1.3,0,4,-2195.27,11.33,1
27,revenge_tilt,10.4,0.99,0.34,1,5,-2533.04,15.99,1
27,revenge_tilt,763.2,0.84,0.85,0,0,1232.47,13.72,0
27,revenge_tilt,89.1,1.01,1.2,0,1,-902.33,15.39,0
27,revenge_tilt,8.8,1.06,1.06,1,2,-975.32,17.18,1
27,revenge_tilt,13.0,2.1,1.97,1,3,-1074.26,19.16,1
27,revenge_tilt,49.4,3.14,1.49,1,4,-2358.63,23.51,1
27,revenge_tilt,10.0,2.58,0.82,1,5,-2815.8,28.69,1
27,revenge_tilt,103.4,1.0,0.39,0,0,3379.13,22.47,0
27,revenge_tilt,11.9,1.16,1.16,0,0,1072.04,20.49,1
27,revenge_tilt,353.3,0.95,0.82,0,1,-1312.49,22.91,0
27,revenge_tilt,16.9,3.42,3.6,0,2,-1099.31,24.94,1
27,revenge_tilt,335.9,0.83,0.24,1,0,4325.88,16.97,0
27,revenge_tilt,934.8,0.92,1.12,1,0,941.66,15.23,0
27,revenge_tilt,121.4,0.94,1.02,0,1,-824.33,16.75,0
27,revenge_tilt,7.8,1.48,1.58,1,2,-898.57,18.41,1
27,revenge_tilt,16.8,3.89,2.62,1,3,-1306.46,20.81,1
27,revenge_tilt,1228.7,0.85,0.22,1,0,4463.35,12.59,0
27,revenge_tilt,165.7,1.19,1.4,1,0,965.32,10.81,0
27,revenge_tilt,463.5,0.91,0.77,0,0,1531.01,7.99,0
27,revenge_tilt,469.2,1.07,1.18,0,1,-968.98,9.78,0
27,revenge_tilt,171.4,1.43,1.33,1,2,-958.14,11.54,0
27,revenge_tilt,42.0,2.67,1.87,1,3,-1707.76,14.69,1
27,revenge_tilt,175.7,1.09,0.41,0,0,3822.58,7.65,0
27,revenge_tilt,256.6,1.05,0.96,1,1,-1019.88,9.53,0
27,revenge_tilt,34.3,0.83,0.79,1,0,1559.63,6.65,0
27,revenge_tilt,50.2,0.96,1.15,0,0,999.19,4.81,0
27,revenge_tilt,374.5,0.88,0.92,1,0,1293.55,2.43,0
27,revenge_tilt,626.8,0.95,1.07,0,0,1278.22,0.08,0
27,revenge_tilt,201.7,1.03,1.09,0,0,960.14,0.0,0
27,revenge_tilt,32.4,1.17,1.13,0,1,-1203.35,2.18,0
27,revenge_tilt,349.8,1.17,1.0,0,0,1186.82,0.03,0
27,revenge_tilt,1090.2,0.89,0.77,0,0,1373.23,0.0,0
27,revenge_tilt,16.5,1.17,1.31,1,0,1167.58,0.0,0
27,revenge_tilt,249.2,1.59,1.36,0,1,-950.57,1.65,0
27,revenge_tilt,602.7,1.02,0.64,0,0,1703.11,0.0,0
27,revenge_tilt,96.6,1.97,1.93,0,0,1237.37,0.0,0
27,revenge_tilt,396.5,1.02,0.52,0,0,2782.02,0.0,0
27,revenge_tilt,965.7,0.92,0.9,0,0,1403.28,0.0,0
27,revenge_tilt,279.1,1.04,1.13,1,0,950.26,0.0,0
27,revenge_tilt,1168.9,0.84,0.81,1,0,1229.4,0.0,0
27,revenge_tilt,430.9,1.11,1.31,0,1,-994.87,1.51,0
27,revenge_tilt,48.9,0.81,0.73,0,0,1107.77,0.0,0
27,revenge_tilt,336.3,0.85,1.05,1,0,966.77,0.0,0
27,revenge_tilt,669.7,1.71,2.01,1,1,-927.59,1.38,0
27,revenge_tilt,3.7,2.78,1.63,1,2,-1463.84,3.56,1
27,revenge_tilt,4.9,2.26,0.81,1,3,-2723.25,7.61,1
27,revenge_tilt,545.2,1.16,0.51,0,0,3038.98,3.09,0
27,revenge_tilt,48.7,0.84,0.73,0,0,1537.84,0.8,0
27,revenge_tilt,853.3,1.14,1.35,0,0,868.37,0.0,0
27,revenge_tilt,88.1,0.99,0.86,0,1,-1013.9,1.5,0
27,revenge_tilt,941.8,0.91,0.93,0,0,1376.98,0.0,0
27,revenge_tilt,20.0,1.2,1.31,1,1,-876.23,1.29,0
27,revenge_tilt,91.1,1.03,0.86,1,2,-1176.89,3.03,0
27,revenge_tilt,162.9,3.25,3.16,1,3,-917.53,4.38,1
27,revenge_tilt,35.8,1.85,0.57,0,4,-3052.43,8.88,1
27,revenge_tilt,1562.6,1.11,0.6,1,0,2496.86,5.2,0
27,revenge_tilt,41.5,0.84,0.76,0,0,1592.19,2.85,0
27,revenge_tilt,68.4,1.19,1.41,1,1,-878.22,4.14,0
27,revenge_tilt,51.5,1.01,0.85,1,2,-1402.83,6.21,0
27,revenge_tilt,341.4,1.11,1.1,0,0,1114.21,4.57,0
27,revenge_tilt,965.6,0.87,0.78,0,1,-1226.43,6.38,0
27,revenge_tilt,23.7,1.13,1.3,0,0,1238.12,4.55,0
27,revenge_tilt,10.2,0.99,0.88,0,0,1307.02,2.63,0
27,revenge_tilt,2000.2,1.0,1.01,0,0,1287.78,0.73,0
27,revenge_tilt,1125.9,1.11,1.11,1,1,-902.27,2.06,0
27,revenge_tilt,194.4,0.87,0.78,0,0,1118.8,0.41,0
27,revenge_tilt,1201.9,1.51,1.73,0,0,880.45,0.0,0
27,revenge_tilt,102.5,0.81,0.54,0,1,-1731.35,2.53,0
27,revenge_tilt,669.1,0.85,1.04,1,0,991.7,1.08,0
27,revenge_tilt,235.6,0.95,1.13,0,1,-813.06,2.27,0
27,revenge_tilt,184.2,0.86,0.9,0,0,1097.03,0.67,0
27,revenge_tilt,168.9,1.06,1.24,0,1,-853.38,1.91,0
27,revenge_tilt,267.3,1.23,1.15,1,2,-1229.11,3.71,0
27,revenge_tilt,53.3,2.52,2.05,0,3,-1267.22,5.56,1
27,revenge_tilt,247.3,0.84,0.33,0,0,3166.2,0.93,0
27,revenge_tilt,58.8,1.08,1.28,0,0,1171.69,0.0,0
27,revenge_tilt,9.3,1.06,0.98,1,1,-940.27,1.36,0
27,revenge_tilt,1378.3,1.15,1.08,0,0,1144.13,0.0,0
27,revenge_tilt,356.5,1.0,0.87,0,0,1157.33,0.0,0
27,revenge_tilt,817.2,0.94,0.94,0,0,1432.63,0.0,0
27,revenge_tilt,737.4,1.15,1.23,0,0,1064.33,0.0,0
27,revenge_tilt,26.9,1.9,1.64,1,1,-1159.13,1.59,0
27,revenge_tilt,72.4,0.96,0.5,1,0,2482.64,0.0,0
27,revenge_tilt,167.9,1.12,1.16,1,1,-981.06,1.32,0
27,revenge_tilt,998.8,1.88,1.69,0,0,1474.59,0.0,0
27,revenge_tilt,113.3,1.1,0.59,0,1,-1820.59,2.44,0
27,revenge_tilt,19.6,3.89,3.53,1,2,-1188.34,4.03,1
27,revenge_tilt,15.4,1.38,0.36,1,3,-3924.52,9.28,1
27,revenge_tilt,31.8,2.4,1.74,0,4,-1476.51,11.26,1
27,revenge_tilt,237.2,2.02,0.84,1,5,-1966.21,13.9,1
27,revenge_tilt,76.7,1.01,0.5,0,0,2446.8,10.62,0
27,revenge_tilt,370.0,0.99,0.98,0,1,-914.02,11.84,0
27,revenge_tilt,11.3,1.07,1.08,1,2,-883.76,13.03,1
27,revenge_tilt,289.9,3.27,3.06,1,3,-900.71,14.23,1
27,revenge_tilt,5.0,2.34,0.72,0,4,-3735.56,19.23,1
27,revenge_tilt,786.0,2.42,1.04,1,5,-2719.55,22.88,1
27,revenge_tilt,294.9,1.93,0.79,1,6,-2136.94,25.74,1
27,revenge_tilt,578.0,3.18,1.65,1,7,-1549.22,27.81,1
27,revenge_tilt,13.6,3.52,1.11,1,8,-2913.35,31.71,1
27,revenge_tilt,10.4,3.38,0.96,1,9,-3482.4,36.38,1
27,revenge_tilt,51.3,1.05,0.31,1,10,-3253.91,40.74,0
27,revenge_tilt,23.6,1.82,1.74,0,11,-1162.73,42.29,0
27,revenge_tilt,2.2,3.89,2.13,1,12,-1770.07,44.66,1
27,revenge_tilt,54.3,1.87,0.48,1,13,-3441.78,49.27,1
27,revenge_tilt,16.6,3.57,1.91,1,14,-1635.51,51.46,1
27,revenge_tilt,79.0,1.04,0.29,0,0,3813.53,46.36,0
27,revenge_tilt,38.6,1.05,1.01,0,1,-1033.46,47.74,1
27,revenge_tilt,66.4,3.51,3.33,1,2,-1154.41,49.29,1
27,revenge_tilt,1380.7,0.8,0.23,0,0,4303.56,43.52,0
27,revenge_tilt,525.1,0.86,1.07,0,1,-892.68,44.72,0
27,revenge_tilt,2.9,2.53,2.95,1,2,-713.82,45.67,1
27,revenge_tilt,1627.7,1.01,0.4,0,0,3456.37,41.04,0
27,revenge_tilt,181.2,1.19,1.18,0,1,-1041.78,42.44,0
27,revenge_tilt,216.8,1.16,0.97,0,0,1752.82,40.09,0
27,revenge_tilt,18.6,1.04,0.89,0,0,1447.09,38.15,1
27,revenge_tilt,285.9,1.07,1.03,1,0,1316.44,36.39,0
27,revenge_tilt,114.1,1.09,1.02,0,1,-918.06,37.62,0
27,revenge_tilt,15.2,2.87,2.62,0,2,-945.88,38.89,1
27,revenge_tilt,141.3,3.91,1.36,1,3,-2757.55,42.58,1
27,revenge_tilt,13.5,3.01,0.77,0,4,-3865.27,47.76,1
27,revenge_tilt,260.6,3.65,1.21,1,5,-2806.02,51.51,1
27,revenge_tilt,18.0,1.39,0.38,0,6,-4076.78,56.97,1
27,revenge_tilt,392.7,1.16,0.83,0,0,2074.96,54.2,0
27,revenge_tilt,272.8,0.81,0.7,0,1,-1336.19,55.98,0
27,revenge_tilt,50.1,1.19,1.47,0,0,1045.33,54.59,0
27,revenge_tilt,155.3,1.04,0.87,0,1,-960.76,55.87,0
27,revenge_tilt,20.6,1.42,1.37,1,2,-1134.62,57.39,1
27,revenge_tilt,63.1,1.47,1.04,0,3,-1384.71,59.25,0
27,revenge_tilt,6.7,0.95,0.65,0,0,1705.72,56.96,1
27,revenge_tilt,221.7,0.82,0.87,0,0,1244.58,55.29,0
27,revenge_tilt,811.4,1.11,1.35,0,1,-793.69,56.36,0
27,revenge_tilt,17.6,2.33,2.1,1,2,-1147.68,57.89,1
27,revenge_tilt,29.2,3.12,1.34,1,3,-2518.01,61.27,1
27,revenge_tilt,585.1,1.04,0.33,1,0,4291.78,55.52,0
27,revenge_tilt,8.0,1.19,1.14,0,0,1173.16,53.95,1
27,revenge_tilt,29.5,1.08,0.91,1,1,-1094.56,55.41,1
27,revenge_tilt,316.5,1.19,1.11,0,0,1137.08,53.89,0
28,revenge_tilt,15.9,0.99,0.99,0,0,0.0,0.0,0
28,revenge_tilt,408.2,0.82,0.83,1,1,-812.17,1.62,0
28,revenge_tilt,7.1,2.1,2.55,1,2,-763.05,3.15,1
28,revenge_tilt,28.6,3.59,1.71,1,3,-1867.01,6.88,1
28,revenge_tilt,247.9,0.98,0.27,1,0,4780.27,0.0,0
28,revenge_tilt,953.1,0.84,0.87,0,0,1093.42,0.0,0
28,revenge_tilt,21.6,0.96,1.13,0,1,-819.57,1.56,0
28,revenge_tilt,228.4,0.95,0.99,1,0,1291.09,0.0,0
28,revenge_tilt,1570.6,1.53,1.62,0,0,1260.97,0.0,0
28,revenge_tilt,1.4,1.0,0.65,0,1,-1293.44,2.39,0
28,revenge_tilt,10.5,1.84,1.84,1,2,-935.13,4.11,1
28,revenge_tilt,276.5,1.1,0.6,0,0,1943.85,0.53,1
28,revenge_tilt,739.8,0.92,0.84,0,1,-880.48,2.15,0
28,revenge_tilt,313.1,1.09,1.19,0,0,1309.77,0.0,0
28,revenge_tilt,28.5,1.1,1.01,1,0,1330.21,0.0,0
28,revenge_tilt,244.0,1.11,1.01,0,1,-1171.6,2.11,0
28,revenge_tilt,2120.6,0.94,0.85,0,0,1162.19,0.02,0
28,revenge_tilt,360.4,1.02,1.08,0,0,1057.12,0.0,0
28,revenge_tilt,543.2,0.84,0.82,0,0,1281.6,0.0,0
28,revenge_tilt,104.8,0.9,1.07,0,0,1180.76,0.0,0
28,revenge_tilt,121.7,0.85,0.95,0,0,1268.18,0.0,0
28,revenge_tilt,225.4,0.94,1.1,0,0,1018.03,0.0,0
28,revenge_tilt,417.2,0.93,1.0,0,0,1080.43,0.0,0
28,revenge_tilt,370.1,1.09,1.17,1,1,-982.41,1.57,0
28,revenge_tilt,560.8,1.14,1.05,0,0,1602.99,0.0,0
28,revenge_tilt,545.8,1.09,0.95,1,0,1473.52,0.0,0
28,revenge_tilt,496.2,1.93,1.77,0,1,-922.5,1.43,0
28,revenge_tilt,99.6,2.32,1.2,1,2,-1654.49,3.99,1
28,revenge_tilt,391.5,1.02,0.44,0,0,3314.95,0.0,0
28,revenge_tilt,235.4,1.16,1.14,1,0,1215.91,0.0,0
28,revenge_tilt,879.7,0.88,0.75,0,0,1744.9,0.0,0
28,revenge_tilt,196.0,0.83,0.95,0,0,932.09,0.0,0
28,revenge_tilt,733.7,0.81,0.98,1,1,-707.12,1.02,0
28,revenge_tilt,132.7,2.22,2.73,0,2,-658.34,1.97,1
28,revenge_tilt,9.5,1.44,0.65,1,3,-2152.23,5.08,1
28,revenge_tilt,34.1,2.0,1.39,1,4,-1645.94,7.46,1
28,revenge_tilt,308.1,1.29,0.64,1,5,-2030.62,10.39,0
28,revenge_tilt,729.7,2.87,2.24,0,6,-1452.37,12.49,1
28,revenge_tilt,461.4,0.96,0.33,0,0,3642.21,7.23,0
28,revenge_tilt,390.5,0.91,0.94,0,1,-1146.85,8.88,0
28,revenge_tilt,709.3,0.91,1.0,0,0,986.54,7.46,0
28,revenge_tilt,287.9,1.17,1.29,0,1,-808.17,8.63,0
28,revenge_tilt,274.6,1.09,0.93,0,0,1385.03,6.63,0
28,revenge_tilt,187.6,1.19,1.09,0,0,1216.71,4.87,0
28,revenge_tilt,1139.6,1.09,0.92,0,1,-1226.58,6.64,0
28,revenge_tilt,1179.3,0.83,0.76,0,0,1178.43,4.94,0
28,revenge_tilt,207.9,1.05,1.26,0,1,-867.05,6.19,0
28,revenge_tilt,24.3,3.31,3.15,1,2,-976.46,7.6,1
28,revenge_tilt,248.5,0.91,0.27,1,0,3439.19,2.63,0
28,revenge_tilt,157.9,1.02,1.12,1,0,1265.22,0.81,0
28,revenge_tilt,122.8,0.88,0.86,0,0,1180.1,0.0,0
28,revenge_tilt,67.1,0.9,1.03,0,1,-793.69,1.14,0
28,revenge_tilt,41.7,3.38,3.75,1,2,-741.24,2.2,1
28,revenge_tilt,196.4,1.13,0.33,0,0,3605.76,0.0,0
28,revenge_tilt,90.0,0.8,0.71,0,0,1589.77,0.0,0
28,revenge_tilt,82.6,0.8,1.0,1,1,-866.25,1.18,0
28,revenge_tilt,15.9,3.99,4.98,1,2,-645.47,2.06,1
28,revenge_tilt,10.1,1.16,0.29,1,3,-4762.44,8.53,1
28,revenge_tilt,20.6,2.2,1.89,0,4,-1251.53,10.24,1
28,revenge_tilt,155.2,1.16,0.53,0,0,2740.02,6.51,0
28,revenge_tilt,119.1,1.08,0.93,0,0,1267.53,4.79,0
28,revenge_tilt,1286.6,0.87,0.8,0,1,-1027.28,6.18,0
28,revenge_tilt,4.3,3.61,4.16,1,2,-845.65,7.33,1
28,revenge_tilt,20.8,1.19,0.33,1,3,-3017.75,11.44,1
28,revenge_tilt,45.9,3.22,2.7,1,4,-1303.07,13.21,1
28,revenge_tilt,892.6,1.15,0.36,0,0,3251.21,8.79,0
28,revenge_tilt,915.7,0.96,0.83,0,0,1343.24,6.96,0
28,revenge_tilt,228.5,1.87,1.95,0,0,1116.43,5.44,0
28,revenge_tilt,504.2,1.06,0.56,0,1,-1805.92,7.9,0
28,revenge_tilt,96.1,1.0,0.95,0,0,1152.37,6.33,0
28,revenge_tilt,122.6,0.82,0.82,0,1,-952.49,7.63,0
28,revenge_tilt,232.5,0.99,1.21,1,0,891.23,6.41,0
28,revenge_tilt,263.3,1.04,1.06,0,1,-1042.98,7.83,0
28,revenge_tilt,0.4,1.97,1.89,1,2,-1063.0,9.28,0
28,revenge_tilt,3.6,3.76,1.91,1,3,-2005.82,12.01,1
28,revenge_tilt,23.7,0.95,0.25,0,0,3832.3,6.79,0
28,revenge_tilt,6.8,1.2,1.26,0,0,1300.21,5.03,0
28,revenge_tilt,48.3,1.0,0.83,0,0,1571.62,2.89,0
28,revenge_tilt,533.8,1.07,1.07,1,1,-1022.86,4.28,0
28,revenge_tilt,65.6,3.46,3.24,1,2,-1107.54,5.79,1
28,revenge_tilt,1647.6,1.08,0.31,0,0,4562.29,0.0,0
28,revenge_tilt,80.5,0.81,0.75,0,0,1326.17,0.0,0
28,revenge_tilt,204.6,1.15,1.42,0,1,-701.39,0.93,0
28,revenge_tilt,2.4,3.3,2.87,1,2,-1204.74,2.54,1
28,revenge_tilt,6.9,1.85,0.56,0,3,-3648.76,7.39,1
28,revenge_tilt,7.2,3.82,2.06,1,4,-1874.92,9.89,1
28,revenge_tilt,27.4,1.38,0.36,0,5,-3327.1,14.31,1
28,revenge_tilt,26.2,1.17,0.84,0,0,1415.48,12.43,1
28,revenge_tilt,762.5,1.07,0.92,0,0,1368.38,10.61,0
28,revenge_tilt,966.0,0.91,0.85,0,0,1544.31,8.55,0
28,revenge_tilt,238.8,1.05,1.15,0,0,1176.75,6.99,0
28,revenge_tilt,1070.5,0.99,0.94,1,1,-891.17,8.17,0
28,revenge_tilt,18.3,3.25,3.28,1,2,-948.2,9.44,1
28,revenge_tilt,0.6,2.23,0.69,1,3,-3838.62,14.54,1
28,revenge_tilt,115.5,0.87,0.39,1,0,2935.35,10.64,0
28,revenge_tilt,604.7,0.93,1.07,1,1,-746.47,11.63,0
28,revenge_tilt,80.9,1.39,1.49,0,2,-949.69,12.89,0
28,revenge_tilt,72.8,1.13,0.82,0,0,1637.43,10.72,0
28,revenge_tilt,2331.7,1.08,0.95,0,1,-1232.82,12.36,0
28,revenge_tilt,8.9,3.96,3.66,1,2,-960.17,13.63,1
28,revenge_tilt,895.9,0.86,0.22,0,0,5342.34,6.52,0
28,revenge_tilt,1676.4,0.92,1.06,0,1,-923.87,7.75,0
28,revenge_tilt,150.7,3.57,3.89,1,2,-1070.3,9.18,1
28,revenge_tilt,14.6,1.33,0.37,1,3,-3711.4,14.12,1
28,revenge_tilt,45.6,0.84,0.63,0,0,1524.64,12.09,0
28,revenge_tilt,182.2,1.97,2.33,0,1,-681.84,13.0,1
28,revenge_tilt,542.6,0.88,0.45,0,0,2204.7,10.06,0
28,revenge_tilt,57.4,1.13,1.29,0,0,1150.34,8.53,0
28,revenge_tilt,1346.4,1.0,0.88,0,1,-998.15,9.86,0
28,revenge_tilt,43.2,2.35,2.35,1,2,-1151.45,11.39,1
28,revenge_tilt,48.6,1.43,0.61,1,3,-2499.04,14.72,0
28,revenge_tilt,33.7,3.45,2.41,1,4,-1640.39,16.9,1
28,revenge_tilt,2.5,2.08,0.6,1,5,-4033.37,22.27,1
28,revenge_tilt,8.9,3.36,1.62,1,6,-2384.43,25.44,1
28,revenge_tilt,282.9,2.61,0.78,0,7,-2925.95,29.33,1
28,revenge_tilt,244.5,0.85,0.33,0,0,3307.91,24.93,0
28,revenge_tilt,873.6,0.93,1.09,0,1,-980.39,26.23,0
28,revenge_tilt,63.1,0.9,0.97,1,2,-1120.23,27.72,0
28,revenge_tilt,74.8,1.0,1.11,1,3,-925.89,28.96,0
28,revenge_tilt,10.7,2.32,2.31,1,4,-970.5,30.25,1
28,revenge_tilt,0.8,3.51,1.52,1,5,-2328.36,33.35,1
28,revenge_tilt,37.6,2.81,0.8,1,6,-3188.94,37.59,1
28,revenge_tilt,36.4,1.2,0.43,0,0,2816.0,33.84,1
28,revenge_tilt,306.0,0.97,0.81,0,1,-1330.33,35.61,0
28,revenge_tilt,112.6,3.47,3.57,1,2,-1091.36,37.06,1
28,revenge_tilt,225.6,3.4,0.98,1,3,-3313.71,41.47,1
28,revenge_tilt,195.9,0.93,0.27,1,0,3647.62,36.62,0
28,revenge_tilt,401.7,0.96,1.04,0,1,-1092.88,38.07,0
28,revenge_tilt,888.4,1.18,1.22,1,0,1382.37,36.23,0
28,revenge_tilt,459.9,0.92,0.78,0,1,-1060.74,37.65,0
28,revenge_tilt,155.9,0.96,1.05,0,0,1150.65,36.12,0
28,revenge_tilt,250.3,0.97,1.01,0,0,1108.31,34.64,0
28,revenge_tilt,1214.1,1.98,2.04,0,1,-831.06,35.75,1
28,revenge_tilt,16.6,1.29,0.65,0,2,-2338.34,38.86,1
28,revenge_tilt,6.3,3.85,2.98,1,3,-1412.3,40.74,1
28,revenge_tilt,0.2,2.42,0.63,0,4,-3788.7,45.78,1
28,revenge_tilt,32.2,2.98,1.23,1,5,-2695.18,49.36,1
28,revenge_tilt,36.7,0.97,0.32,1,6,-2943.42,53.28,1
28,revenge_tilt,45.4,2.39,2.47,1,7,-1069.6,54.7,1
28,revenge_tilt,6.0,2.42,1.01,1,8,-2510.58,58.04,1
28,revenge_tilt,21.2,1.26,0.52,1,9,-2636.24,61.55,1
28,revenge_tilt,54.3,2.63,2.08,1,10,-1371.89,63.38,1
28,revenge_tilt,82.0,1.14,0.43,0,0,2731.0,59.74,0
28,revenge_tilt,283.9,0.93,0.82,1,1,-979.74,61.05,0
28,revenge_tilt,38.8,2.43,2.62,1,2,-1038.65,62.43,1
28,revenge_tilt,514.4,0.93,0.38,1,0,3117.77,58.28,0
28,revenge_tilt,132.1,1.16,1.25,0,1,-843.05,59.4,0
28,revenge_tilt,18.3,2.62,2.25,1,2,-1015.47,60.75,1
28,revenge_tilt,4.7,1.81,0.69,0,3,-2173.57,63.65,1
28,revenge_tilt,51.8,1.11,0.61,0,0,2586.23,60.2,0
29,revenge_tilt,16.2,1.14,1.14,0,0,0.0,0.0,0
29,revenge_tilt,102.4,0.8,0.71,0,1,-1124.76,2.25,0
29,revenge_tilt,65.4,0.95,1.19,0,0,940.42,0.37,0
29,revenge_tilt,6.4,0.91,0.96,1,0,1416.12,0.0,0
29,revenge_tilt,533.9,1.03,1.13,0,1,-805.72,1.57,0
29,revenge_tilt,368.0,0.88,0.85,0,0,1336.06,0.0,0
29,revenge_tilt,149.8,0.86,0.97,0,0,941.66,0.0,0
29,revenge_tilt,1476.1,1.03,1.2,0,0,1019.25,0.0,0
29,revenge_tilt,529.8,1.14,1.11,0,0,1416.78,0.0,0
29,revenge_tilt,470.9,1.08,0.94,0,0,1404.41,0.0,0
29,revenge_tilt,172.1,1.04,0.96,1,0,1283.1,0.0,0
29,revenge_tilt,468.5,0.92,0.89,0,1,-1196.53,2.07,0
29,revenge_tilt,39.5,1.01,1.1,0,0,1203.85,0.0,0
29,revenge_tilt,331.4,0.99,0.97,0,0,1326.72,0.0,0
29,revenge_tilt,162.3,0.89,0.9,0,0,1191.86,0.0,0
29,revenge_tilt,1183.8,1.0,1.12,0,1,-740.63,1.23,0
29,revenge_tilt,6.5,2.87,2.88,1,2,-956.84,2.81,1
29,revenge_tilt,8.2,1.48,0.51,1,3,-2746.24,7.36,1
29,revenge_tilt,19.4,2.96,2.0,1,4,-1758.59,10.28,1
29,revenge_tilt,249.9,0.95,0.32,0,0,4290.01,3.17,0
29,revenge_tilt,224.1,0.85,0.9,1,1,-867.43,4.61,0
29,revenge_tilt,162.5,1.27,1.5,1,2,-849.26,6.01,0
29,revenge_tilt,1840.2,1.2,0.94,0,0,1430.77,3.64,0
29,revenge_tilt,2.0,0.87,0.72,0,0,1755.23,0.73,0
29,revenge_tilt,406.3,1.13,1.3,0,1,-740.54,1.96,0
29,revenge_tilt,890.2,1.19,1.06,0,0,1373.23,0.0,0
29,revenge_tilt,1429.1,1.01,0.85,0,1,-1178.68,1.95,0
29,revenge_tilt,65.5,0.86,0.85,1,0,1076.67,0.17,0
29,revenge_tilt,435.1,1.13,1.32,0,0,911.24,0.0,0
29,revenge_tilt,1165.6,1.11,0.98,0,0,1181.23,0.0,0
29,revenge_tilt,135.1,1.01,0.92,1,0,1454.84,0.0,0
29,revenge_tilt,39.7,1.15,1.14,0,1,-1037.82,1.62,0
29,revenge_tilt,580.2,0.89,0.77,1,0,1296.81,0.0,0
29,revenge_tilt,215.4,1.14,1.29,1,0,1225.41,0.0,0
29,revenge_tilt,2137.7,1.05,0.92,0,0,1459.72,0.0,0
29,revenge_tilt,575.1,1.12,1.06,0,1,-1035.44,1.55,0
29,revenge_tilt,10.5,0.99,0.89,0,0,1197.22,0.0,0
29,revenge_tilt,3.4,0.94,0.95,0,0,1213.88,0.0,0
29,revenge_tilt,189.2,0.93,0.99,0,1,-973.3,1.42,0
29,revenge_tilt,118.1,3.19,3.41,1,2,-1060.66,2.98,1
29,revenge_tilt,7.4,2.26,0.71,0,3,-3205.05,7.67,1
29,revenge_tilt,3.6,1.17,0.52,1,4,-1925.78,10.49,1
29,revenge_tilt,450.4,1.19,1.02,1,0,1680.5,8.03,0
29,revenge_tilt,304.8,0.96,0.81,0,0,1517.66,5.81,0
29,revenge_tilt,174.0,1.0,1.04,1,1,-892.86,7.11,0
29,revenge_tilt,949.7,0.9,0.9,0,0,1238.77,5.3,0
29,revenge_tilt,1141.7,0.97,1.08,0,1,-960.33,6.71,0
29,revenge_tilt,24.0,3.87,3.98,1,2,-982.89,8.15,1
29,revenge_tilt,2.8,3.84,0.99,1,3,-4038.59,14.06,1
29,revenge_tilt,19.1,1.92,0.5,1,4,-3316.4,18.91,1
29,revenge_tilt,22.2,1.14,0.6,1,5,-1814.45,21.57,1
29,revenge_tilt,143.7,1.98,1.74,0,6,-1002.58,23.04,1
29,revenge_tilt,247.1,0.86,0.43,1,0,2342.38,19.61,0
29,revenge_tilt,140.5,1.16,1.34,0,0,1127.33,17.96,0
29,revenge_tilt,29.3,1.09,0.95,0,1,-1194.35,19.71,1
29,revenge_tilt,26.3,3.85,3.52,1,2,-1127.65,21.36,1
29,revenge_tilt,57.6,3.39,0.88,1,3,-4101.81,27.36,1
29,revenge_tilt,29.3,3.37,0.99,1,4,-2789.96,31.45,1
29,revenge_tilt,397.1,1.03,0.3,0,0,4309.61,25.14,0
29,revenge_tilt,775.4,0.83,0.81,0,1,-963.22,26.55,0
29,revenge_tilt,4.1,1.0,1.2,1,2,-708.5,27.58,1
29,revenge_tilt,15.4,1.41,1.42,1,3,-1026.86,29.09,1
29,revenge_tilt,15.4,3.06,2.17,0,4,-1525.93,31.32,1
29,revenge_tilt,91.0,1.17,0.38,0,0,3093.83,26.79,0
29,revenge_tilt,39.7,1.07,0.91,0,1,-1066.18,28.35,1
29,revenge_tilt,6.2,1.03,0.97,1,2,-866.59,29.62,1
29,revenge_tilt,8.6,0.89,0.86,1,0,1076.94,28.04,1
29,revenge_tilt,615.7,0.86,0.97,1,1,-911.75,29.38,0
29,revenge_tilt,10.8,2.53,2.95,1,2,-878.66,30.67,1
29,revenge_tilt,16.0,2.9,1.15,1,3,-2230.82,33.93,1
29,revenge_tilt,37.4,1.13,0.39,0,0,3320.68,29.07,1
29,revenge_tilt,166.6,1.06,0.94,1,0,1345.11,27.1,0
29,revenge_tilt,186.3,1.05,0.99,0,0,1176.85,25.38,0
29,revenge_tilt,282.4,1.14,1.09,0,0,1306.27,23.47,0
29,revenge_tilt,551.5,1.01,0.88,0,0,1289.5,21.58,0
29,revenge_tilt,533.2,0.87,0.86,0,0,1333.13,19.63,0
29,revenge_tilt,389.1,0.84,0.97,0,0,1203.66,17.86,0
29,revenge_tilt,128.8,1.02,1.21,0,1,-760.68,18.98,0
29,revenge_tilt,216.1,0.87,0.85,1,0,1346.89,17.01,0
29,revenge_tilt,346.4,0.97,1.12,1,0,1104.62,15.39,0
29,revenge_tilt,305.5,1.13,1.16,1,1,-989.61,16.84,0
29,revenge_tilt,18.8,3.19,2.83,0,2,-1055.77,18.38,1
29,revenge_tilt,67.2,0.81,0.25,0,0,4518.04,11.77,0
29,revenge_tilt,13.0,0.83,1.02,0,1,-920.69,13.12,1
29,revenge_tilt,410.2,0.86,1.03,0,0,1066.49,11.56,0
29,revenge_tilt,355.4,1.09,1.27,1,0,1049.01,10.02,0
29,revenge_tilt,25.9,1.11,1.02,1,0,1332.14,8.07,0
29,revenge_tilt,82.9,0.96,0.86,0,1,-1096.85,9.68,0
29,revenge_tilt,100.2,1.33,1.39,1,2,-973.83,11.1,0
29,revenge_tilt,37.7,1.09,0.82,0,0,1692.31,8.62,0
29,revenge_tilt,1318.7,0.98,0.9,0,1,-945.14,10.01,0
29,revenge_tilt,44.8,1.84,1.88,0,2,-1034.7,11.52,1
29,revenge_tilt,17.9,3.34,1.82,1,3,-1871.23,14.26,1
29,revenge_tilt,26.1,2.19,0.66,1,4,-2807.04,18.37,1
29,revenge_tilt,695.6,0.82,0.37,0,0,3180.21,13.72,0
29,revenge_tilt,1143.9,0.84,1.02,0,1,-676.48,14.71,0
29,revenge_tilt,32.4,1.17,1.39,1,2,-758.05,15.82,1
29,revenge_tilt,564.5,0.91,0.77,1,3,-1187.06,17.55,0
29,revenge_tilt,309.1,1.02,1.13,0,0,1223.5,15.76,0
29,revenge_tilt,236.4,1.01,0.99,0,1,-995.98,17.22,0
29,revenge_tilt,721.9,1.11,1.1,1,0,1060.95,15.67,0
29,revenge_tilt,878.6,1.1,0.99,0,1,-1076.5,17.24,0
29,revenge_tilt,1077.5,0.9,0.82,0,0,1437.47,15.14,0
29,revenge_tilt,164.0,0.81,0.9,1,1,-1015.61,16.63,0
29,revenge_tilt,160.8,0.92,1.13,1,0,937.51,15.25,0
29,revenge_tilt,32.7,0.92,1.0,1,1,-993.12,16.71,1
29,revenge_tilt,159.1,3.37,3.67,1,2,-845.01,17.94,1
29,revenge_tilt,21.4,2.65,0.79,0,3,-3962.75,23.75,1
29,revenge_tilt,523.2,1.05,0.39,0,0,2762.11,19.7,0
29,revenge_tilt,66.1,0.98,0.94,0,1,-1172.32,21.42,0
29,revenge_tilt,158.8,2.92,2.97,1,2,-1168.81,23.13,1
29,revenge_tilt,72.6,0.88,0.3,0,0,3244.36,18.38,1
29,revenge_tilt,874.7,1.02,1.17,1,1,-733.79,19.45,0
29,revenge_tilt,18.1,1.12,1.1,0,0,1342.91,17.49,0
29,revenge_tilt,244.9,0.99,0.89,1,1,-977.26,18.92,0
29,revenge_tilt,32.1,2.57,2.58,1,2,-1180.24,20.65,1
29,revenge_tilt,446.6,1.9,0.74,1,3,-2444.33,24.22,1
29,revenge_tilt,36.0,3.91,2.06,1,4,-1779.07,26.83,1
29,revenge_tilt,591.3,1.17,0.3,1,0,4764.47,19.85,0
29,revenge_tilt,530.5,0.84,0.72,0,1,-1133.8,21.51,0
29,revenge_tilt,72.5,0.99,1.17,1,2,-971.7,22.94,0
29,revenge_tilt,332.8,0.9,0.91,0,0,998.33,21.47,0
29,revenge_tilt,25.1,1.15,1.28,1,0,913.61,20.14,1
29,revenge_tilt,745.5,0.92,0.8,0,1,-1150.22,21.82,0
29,revenge_tilt,527.6,1.71,1.86,0,0,939.99,20.45,1
29,revenge_tilt,23.0,0.94,0.55,0,1,-1380.89,22.47,1
29,revenge_tilt,11.4,1.82,1.94,0,0,1006.89,20.99,1
29,revenge_tilt,1336.7,1.1,0.61,0,1,-2046.85,23.99,0
29,revenge_tilt,933.7,0.96,0.87,0,0,1127.63,22.34,0
29,revenge_tilt,30.6,0.91,0.95,0,1,-1043.11,23.87,0
29,revenge_tilt,80.9,0.85,0.93,1,0,968.91,22.45,0
29,revenge_tilt,79.5,1.03,1.21,1,0,1253.71,20.61,0
29,revenge_tilt,1510.2,1.06,1.03,0,1,-1026.32,22.11,0
29,revenge_tilt,120.5,1.11,1.05,1,0,1449.05,19.99,0
29,revenge_tilt,1665.0,0.88,0.8,1,1,-1081.2,21.58,0
29,revenge_tilt,16.6,1.08,1.22,0,0,1177.33,19.85,1
29,revenge_tilt,182.2,1.0,0.93,1,1,-1164.25,21.56,0
29,revenge_tilt,350.2,1.04,1.04,1,0,1436.47,19.45,0
29,revenge_tilt,167.1,0.96,0.93,0,0,1062.3,17.9,0
29,revenge_tilt,5.1,1.03,1.07,0,1,-978.76,19.33,1
29,revenge_tilt,309.7,1.11,1.08,0,0,1218.51,17.55,0
29,revenge_tilt,1.9,0.87,0.79,0,1,-971.27,18.97,1
29,revenge_tilt,38.5,1.2,1.37,0,2,-875.35,20.25,1
29,revenge_tilt,41.3,3.79,3.16,1,3,-1432.44,22.35,1
29,revenge_tilt,179.3,3.08,0.81,1,4,-3718.43,27.79,1
29,revenge_tilt,63.2,2.58,0.84,0,5,-2588.21,31.58,1
29,revenge_tilt,7.0,1.84,0.71,0,6,-2506.33,35.25,1
29,revenge_tilt,85.0,1.2,0.65,0,0,2710.23,31.28,0
29,revenge_tilt,209.8,1.19,0.99,0,1,-1364.25,33.28,0
29,revenge_tilt,553.5,1.02,0.86,0,0,1301.01,31.37,0
30,revenge_tilt,104.0,0.86,0.86,0,0,0.0,0.0,0
30,revenge_tilt,65.3,0.84,0.98,0,1,-935.16,1.87,0
30,revenge_tilt,500.4,0.89,1.06,1,0,1064.33,0.0,0
30,revenge_tilt,132.1,1.14,1.28,0,1,-856.56,1.71,0
30,revenge_tilt,69.6,0.91,0.8,0,2,-1026.76,3.76,0
30,revenge_tilt,55.4,1.0,1.1,1,3,-871.79,5.5,0
30,revenge_tilt,58.4,3.2,3.2,0,4,-912.3,7.32,1
30,revenge_tilt,290.5,0.9,0.28,0,0,3251.61,0.83,0
30,revenge_tilt,493.7,1.08,1.2,0,0,1177.33,0.0,0
30,revenge_tilt,248.4,0.84,0.78,0,1,-890.53,1.75,0
30,revenge_tilt,25.9,0.87,1.04,0,0,966.13,0.0,0
30,revenge_tilt,208.0,0.93,1.08,0,1,-968.46,1.9,0
30,revenge_tilt,6.5,0.91,0.97,1,2,-1000.7,3.86,1
30,revenge_tilt,25.9,2.66,2.93,1,3,-885.64,5.6,1
30,revenge_tilt,1074.3,0.83,0.31,1,0,3683.6,0.0,0
30,revenge_tilt,871.7,1.17,1.4,0,0,1088.79,0.0,0
30,revenge_tilt,735.5,0.97,0.83,0,0,1173.79,0.0,0
30,revenge_tilt,202.5,0.92,0.95,0,1,-934.4,1.73,0
30,revenge_tilt,220.0,1.18,1.28,0,0,1362.15,0.0,0
30,revenge_tilt,1510.6,1.0,0.85,0,1,-1153.43,2.12,0
30,revenge_tilt,1925.1,1.13,1.12,1,0,1220.87,0.0,0
30,revenge_tilt,206.2,1.65,1.46,0,0,1198.05,0.0,0
30,revenge_tilt,340.5,1.12,0.68,0,1,-1496.45,2.68,0
30,revenge_tilt,5.9,3.09,2.76,1,2,-1176.68,4.79,1
30,revenge_tilt,14.4,2.04,0.66,1,3,-2785.98,9.79,1
30,revenge_tilt,11.6,2.3,1.13,0,4,-1854.34,13.12,1
30,revenge_tilt,10.9,1.01,0.44,1,5,-2639.38,17.85,1
30,revenge_tilt,289.1,0.86,0.85,0,0,1049.55,15.97,0
30,revenge_tilt,1007.0,0.99,1.15,0,0,938.71,14.29,0
30,revenge_tilt,14.1,0.95,0.96,0,1,-956.04,16.0,1
30,revenge_tilt,204.5,0.94,1.0,0,0,1416.03,13.46,0
30,revenge_tilt,185.5,1.04,1.1,0,1,-1060.03,15.36,0
30,revenge_tilt,3.2,1.37,1.32,1,2,-1031.94,17.21,1
30,revenge_tilt,28.9,1.12,0.82,1,3,-1301.0,19.55,1
30,revenge_tilt,14.0,2.77,2.47,1,4,-1235.81,21.76,1
30,revenge_tilt,0.6,2.79,1.01,1,5,-2937.36,27.03,1
30,revenge_tilt,0.1,1.43,0.51,1,6,-2619.31,31.73,1
30,revenge_tilt,66.1,3.01,2.11,1,7,-1458.01,34.35,1
30,revenge_tilt,11.4,3.51,1.16,1,8,-3528.0,40.67,1
30,revenge_tilt,615.6,0.87,0.25,0,0,3663.39,34.1,0
30,revenge_tilt,825.2,0.87,1.0,1,0,1223.98,31.91,0
30,revenge_tilt,352.8,1.15,1.33,0,0,988.89,30.13,0
30,revenge_tilt,54.2,1.1,0.96,0,0,1588.65,27.28,0
30,revenge_tilt,55.9,1.1,1.0,0,0,1288.83,24.97,0
30,revenge_tilt,354.1,1.81,1.64,0,0,1238.31,22.75,1
30,revenge_tilt,31.6,1.04,0.57,1,1,-2089.98,26.5,1
30,revenge_tilt,0.9,1.81,1.75,1,2,-835.3,28.0,1
30,revenge_tilt,571.7,1.02,0.56,1,0,1900.75,24.59,0
30,revenge_tilt,158.2,0.82,0.81,0,0,1497.47,21.9,0
30,revenge_tilt,1473.6,1.1,1.34,0,1,-822.37,23.38,0
30,revenge_tilt,590.6,1.08,0.98,0,0,1470.5,20.74,0
30,revenge_tilt,19.3,0.92,0.86,0,1,-1242.25,22.97,1
30,revenge_tilt,519.6,0.93,1.0,1,0,1326.06,20.59,0
30,revenge_tilt,708.0,1.0,1.08,0,1,-1055.72,22.48,0
30,revenge_tilt,51.3,2.96,2.96,1,2,-978.83,24.24,1
30,revenge_tilt,18.5,3.13,1.06,1,3,-3145.44,29.88,1
30,revenge_tilt,27.9,3.72,1.19,1,4,-2969.72,35.21,1
30,revenge_tilt,468.2,3.95,1.06,1,5,-3860.38,42.13,1
30,revenge_tilt,114.0,2.48,0.63,0,6,-3455.9,48.33,1
30,revenge_tilt,1.1,1.2,0.48,1,7,-2398.18,52.63,1
30,revenge_tilt,25.0,3.14,2.62,1,8,-1070.25,54.55,1
30,revenge_tilt,2.0,1.29,0.41,1,9,-2618.74,59.25,1
30,revenge_tilt,8.0,3.13,2.43,0,10,-1400.52,61.76,0
30,revenge_tilt,3.4,2.44,0.78,0,11,-3736.97,68.46,1
30,revenge_tilt,7.4,1.32,0.54,1,12,-2466.59,72.89,1
30,revenge_tilt,35.3,1.97,1.5,1,13,-1075.84,74.82,1
30,revenge_tilt,335.4,2.89,1.46,0,14,-1707.66,77.88,1
30,revenge_tilt,31.0,1.03,0.36,1,15,-3398.57,83.98,1
30,revenge_tilt,6.8,1.29,1.26,1,16,-1033.77,85.83,0
30,revenge_tilt,0.1,3.99,3.09,1,17,-1094.01,87.79,1
30,revenge_tilt,36.4,2.15,0.54,1,18,-4256.76,95.43,1
30,revenge_tilt,585.8,1.04,0.48,0,0,2186.85,91.51,0
30,revenge_tilt,696.4,0.94,0.91,1,0,1535.54,88.75,0
30,revenge_tilt,1021.0,0.81,0.85,1,0,1414.04,86.22,0
30,revenge_tilt,465.8,1.13,1.4,0,1,-873.17,87.78,0
30,revenge_tilt,246.9,0.98,0.87,1,0,1273.23,85.5,0
30,revenge_tilt,187.2,1.16,1.19,1,1,-878.13,87.07,0
30,revenge_tilt,0.1,2.43,2.09,1,2,-1395.24,89.58,1
30,revenge_tilt,0.7,3.09,1.27,1,3,-2671.62,94.37,1
30,revenge_tilt,107.1,1.08,0.35,1,4,-2826.78,99.44,0
30,revenge_tilt,984.1,1.11,1.03,0,0,1085.48,97.49,0
30,revenge_tilt,79.3,1.19,1.07,0,1,-1041.5,99.36,0
30,revenge_tilt,85.1,1.09,0.92,1,2,-1191.3,100.0,0
30,revenge_tilt,88.1,0.91,0.83,1,0,1555.08,97.21,0
30,revenge_tilt,37.8,1.04,1.15,0,1,-826.47,98.69,1
30,revenge_tilt,1.8,1.36,1.3,1,2,-866.02,100.0,0
30,revenge_tilt,5.5,3.15,2.33,1,3,-1597.87,100.0,1
30,revenge_tilt,18.6,1.46,0.46,1,4,-3616.31,100.0,1
30,revenge_tilt,4.3,2.16,1.48,1,5,-1383.55,100.0,1
30,revenge_tilt,33.7,1.14,0.53,0,6,-2565.15,100.0,1
30,revenge_tilt,796.6,3.06,2.7,1,7,-947.5,100.0,1
30,revenge_tilt,29.7,3.81,1.25,1,8,-3096.74,100.0,1
30,revenge_tilt,5.0,1.42,0.37,1,9,-3230.41,100.0,1
30,revenge_tilt,40.1,1.13,0.8,0,0,2081.84,96.27,1
30,revenge_tilt,20.8,1.03,0.91,0,1,-1144.68,98.32,1
30,revenge_tilt,17.2,0.91,0.89,1,2,-1167.34,100.0,1
30,revenge_tilt,4.9,3.38,3.7,1,3,-871.0,100.0,1
30,revenge_tilt,61.3,3.2,0.94,1,4,-3490.61,100.0,1
30,revenge_tilt,85.0,3.08,0.96,1,5,-2893.24,100.0,1
30,revenge_tilt,356.4,0.83,0.27,1,0,3904.97,93.0,0
30,revenge_tilt,40.4,1.13,1.37,0,1,-808.09,94.45,1
30,revenge_tilt,174.7,1.93,1.71,1,2,-1312.24,96.8,1
30,revenge_tilt,65.4,1.27,0.66,1,3,-1761.0,99.96,0
30,revenge_tilt,90.5,1.88,1.48,0,4,-1246.11,100.0,1
30,revenge_tilt,1.2,3.13,1.67,1,5,-2239.69,100.0,0
30,revenge_tilt,65.6,1.03,0.33,1,0,3477.11,93.76,0
30,revenge_tilt,16.5,0.97,0.94,0,0,1169.98,91.66,1
30,revenge_tilt,154.3,0.89,0.92,1,0,1327.74,89.28,0
30,revenge_tilt,207.6,1.13,1.26,0,1,-757.0,90.64,0
30,revenge_tilt,43.8,2.31,2.05,1,2,-1158.65,92.72,1
30,revenge_tilt,209.3,1.04,0.45,0,0,3140.76,87.09,0
30,revenge_tilt,931.9,1.04,1.0,1,1,-1240.27,89.31,0
30,revenge_tilt,282.1,1.02,0.98,0,0,1356.17,86.88,0
30,revenge_tilt,179.3,1.01,1.0,0,0,1096.78,84.91,0
30,revenge_tilt,280.6,0.89,0.88,0,0,1221.58,82.72,0
30,revenge_tilt,290.7,1.95,2.19,0,0,1048.04,80.84,1
30,revenge_tilt,133.3,1.11,0.57,0,1,-1660.06,83.82,0
30,revenge_tilt,68.8,2.01,1.82,0,2,-1322.65,86.19,1
30,revenge_tilt,25.8,2.84,1.41,0,3,-1949.29,89.69,1
30,revenge_tilt,28.1,2.52,0.89,0,4,-2667.17,94.47,1
30,revenge_tilt,476.5,1.03,0.41,1,0,3547.35,88.11,0
30,revenge_tilt,23.9,0.9,0.88,1,0,1217.82,85.92,1
30,revenge_tilt,751.0,1.01,1.12,0,1,-1059.67,87.82,0
30,revenge_tilt,16.0,2.3,2.27,1,2,-958.95,89.54,1
30,revenge_tilt,40.9,1.11,0.49,0,0,3276.45,83.67,1
30,revenge_tilt,456.9,0.86,0.77,1,1,-1050.73,85.55,0
30,revenge_tilt,713.6,0.94,1.1,0,0,1215.14,83.37,0
30,revenge_tilt,59.5,0.88,0.94,0,0,1305.68,81.03,0
30,revenge_tilt,881.0,0.82,0.93,0,0,1131.23,79.0,0
30,revenge_tilt,1680.7,0.96,1.17,0,1,-868.46,80.56,0
30,revenge_tilt,324.6,0.96,1.0,0,0,1210.37,78.39,0
30,revenge_tilt,69.5,0.85,0.89,0,1,-938.77,80.07,0
30,revenge_tilt,887.7,0.86,1.01,0,0,1276.47,77.78,0
30,revenge_tilt,89.1,0.81,0.94,1,0,1102.27,75.8,1
30,revenge_tilt,337.4,1.08,1.33,0,0,1096.95,73.84,0
30,revenge_tilt,805.4,1.72,1.59,0,0,1329.35,71.45,0
30,revenge_tilt,723.7,0.84,0.49,0,1,-1773.42,74.63,0
30,revenge_tilt,74.5,1.47,1.75,1,2,-787.37,76.05,1
30,revenge_tilt,37.5,0.93,0.63,0,0,2173.89,72.15,1
30,revenge_tilt,135.6,1.17,1.25,0,1,-797.71,73.58,0
30,revenge_tilt,44.9,1.12,0.96,0,2,-1354.62,76.01,1
30,revenge_tilt,359.4,0.86,0.77,0,0,1383.36,73.53,0
30,revenge_tilt,1778.3,0.86,1.0,0,0,1072.3,71.6,0
30,revenge_tilt,3.9,1.18,1.37,1,1,-836.87,73.1,1
30,revenge_tilt,389.2,0.92,0.78,1,0,1491.46,70.43,0
30,revenge_tilt,19.2,1.18,1.29,0,1,-1056.0,72.32,1
30,revenge_tilt,231.6,1.34,1.13,1,2,-1261.75,74.59,0
30,revenge_tilt,10.2,0.99,0.74,0,3,-1399.3,77.1,1
30,revenge_tilt,80.0,0.96,0.97,1,4,-1169.15,79.19,0
30,revenge_tilt,28.5,0.97,1.01,0,0,1318.2,76.83,1
31,revenge_tilt,225.6,0.9,0.9,1,0,0.0,0.0,0
31,revenge_tilt,229.7,0.93,1.03,0,1,-1022.24,2.04,0
31,revenge_tilt,12.8,0.96,1.03,1,0,1225.23,0.0,0
31,revenge_tilt,333.6,0.87,0.91,0,1,-1045.16,2.08,0
31,revenge_tilt,1061.3,0.81,0.94,0,0,1069.88,0.0,0
31,revenge_tilt,493.2,1.08,1.33,0,0,1102.09,0.0,0
31,revenge_tilt,135.1,0.95,0.88,0,0,1428.16,0.0,0
31,revenge_tilt,553.2,1.0,1.05,0,0,1412.97,0.0,0
31,revenge_tilt,820.2,1.17,1.17,0,1,-919.86,1.7,0
31,revenge_tilt,96.4,1.05,0.89,1,2,-1209.1,3.93,0
31,revenge_tilt,28.4,3.96,3.78,1,3,-1086.2,5.94,1
31,revenge_tilt,3.9,2.27,0.57,1,4,-4254.8,13.79,1
31,revenge_tilt,786.9,1.0,0.44,0,0,2323.71,9.5,0
31,revenge_tilt,349.1,0.82,0.82,0,1,-1160.36,11.64,0
31,revenge_tilt,124.1,1.08,1.31,0,0,1056.48,9.69,0
31,revenge_tilt,230.7,0.82,0.76,1,1,-1201.9,11.91,0
31,revenge_tilt,90.2,1.86,2.26,1,2,-875.42,13.53,1
31,revenge_tilt,463.2,0.85,0.46,1,0,2755.59,8.44,0
31,revenge_tilt,645.7,1.06,1.25,1,1,-966.65,10.22,0
31,revenge_tilt,32.4,2.85,2.68,1,2,-926.11,11.93,1
31,revenge_tilt,418.2,0.93,0.33,0,0,3497.62,5.48,0
31,revenge_tilt,159.4,1.07,1.15,0,1,-904.06,7.15,0
31,revenge_tilt,24.1,2.27,2.13,1,2,-884.11,8.78,1
31,revenge_tilt,1264.0,0.9,0.4,0,0,3343.12,2.61,0
31,revenge_tilt,87.7,1.14,1.27,0,1,-1070.49,4.58,0
31,revenge_tilt,53.2,2.11,1.84,0,2,-1152.31,6.71,1
31,revenge_tilt,92.0,1.49,0.71,1,3,-1816.89,10.06,0
31,revenge_tilt,11.1,1.41,0.95,1,4,-1712.83,13.23,1
31,revenge_tilt,20.1,2.25,1.59,0,5,-1599.74,16.18,1
31,revenge_tilt,217.2,1.04,0.46,1,6,-1864.49,19.62,0
31,revenge_tilt,38.2,0.97,0.93,0,0,1272.84,17.27,1
31,revenge_tilt,951.8,0.96,0.98,0,1,-899.82,18.93,0
31,revenge_tilt,185.9,0.87,0.91,1,0,1026.25,17.04,0
31,revenge_tilt,268.3,1.14,1.31,0,1,-912.75,18.72,0
31,revenge_tilt,402.2,1.09,0.96,0,0,1424.36,16.09,0
31,revenge_tilt,742.1,0.96,0.88,0,0,1423.85,13.46,0
31,revenge_tilt,461.7,0.85,0.89,0,1,-1063.79,15.43,0
31,revenge_tilt,23.6,3.93,4.6,1,2,-1001.62,17.28,1
31,revenge_tilt,37.8,1.37,0.35,1,3,-4611.32,25.79,1
31,revenge_tilt,21.2,1.19,0.87,1,4,-1355.67,28.29,1
31,revenge_tilt,330.3,1.88,1.58,0,0,1664.75,25.22,1
31,revenge_tilt,444.5,1.04,0.55,0,1,-2248.98,29.37,0
31,revenge_tilt,490.7,0.98,0.95,0,0,1323.23,26.93,0
31,revenge_tilt,645.1,0.91,0.93,0,1,-989.59,28.76,0
31,revenge_tilt,1377.5,0.98,1.08,0,0,1330.78,26.3,0
31,revenge_tilt,437.3,1.11,1.14,0,0,1392.15,23.73,0
31,revenge_tilt,63.4,0.88,0.79,0,0,1203.67,21.51,0
31,revenge_tilt,308.2,0.85,0.97,0,1,-742.35,22.88,1
31,revenge_tilt,513.3,0.88,1.03,1,0,880.97,21.25,0
31,revenge_tilt,58.8,1.93,2.2,0,1,-896.93,22.91,1
31,revenge_tilt,211.1,0.89,0.46,0,0,2543.25,18.21,0
31,revenge_tilt,476.6,0.8,0.9,0,1,-857.03,19.79,0
31,revenge_tilt,112.4,1.2,1.5,1,0,857.23,18.21,0
31,revenge_tilt,1094.3,0.85,0.71,0,1,-1022.99,20.1,0
31,revenge_tilt,57.7,3.7,4.36,1,2,-798.47,21.57,1
31,revenge_tilt,11.7,2.77,0.75,1,3,-4221.22,29.37,1
31,revenge_tilt,89.6,1.0,0.36,1,4,-3230.99,35.33,0
31,revenge_tilt,4.2,2.36,2.37,1,5,-1154.58,37.46,1
31,revenge_tilt,62.0,2.46,1.04,1,6,-2801.07,42.63,1
31,revenge_tilt,228.5,0.84,0.34,0,0,3654.56,35.89,0
31,revenge_tilt,54.9,0.96,1.15,1,0,955.51,34.12,0
31,revenge_tilt,160.8,0.98,1.02,0,0,1337.19,31.65,0
31,revenge_tilt,644.9,0.87,0.89,0,1,-980.77,33.46,0
31,revenge_tilt,6.4,1.45,1.66,1,2,-742.33,34.84,1
31,revenge_tilt,34.8,3.86,2.66,0,3,-1653.69,37.89,1
31,revenge_tilt,307.3,0.96,0.25,0,0,5306.86,28.09,0
31,revenge_tilt,560.3,1.17,1.22,0,0,1037.09,26.18,0
31,revenge_tilt,10.9,0.86,0.73,0,0,1346.37,23.69,1
31,revenge_tilt,756.2,0.83,0.97,0,1,-699.39,24.98,0
31,revenge_tilt,123.8,0.89,1.07,0,0,1042.95,23.06,0
31,revenge_tilt,803.1,0.97,1.09,0,1,-727.57,24.4,0
31,revenge_tilt,524.0,1.07,1.1,0,0,1090.03,22.39,0
31,revenge_tilt,56.0,1.03,0.96,1,1,-1021.49,24.27,0
31,revenge_tilt,17.2,1.89,1.84,1,2,-930.55,25.99,1
31,revenge_tilt,70.8,1.13,0.6,1,0,2320.03,21.71,0
31,revenge_tilt,1164.9,1.07,0.95,0,1,-1172.71,23.87,0
31,revenge_tilt,1178.4,1.11,1.03,0,0,1551.22,21.01,0
31,revenge_tilt,93.9,1.96,1.77,0,1,-1307.11,23.42,1
31,revenge_tilt,371.0,1.2,0.61,1,0,2441.53,18.92,0
31,revenge_tilt,114.2,0.99,0.82,0,1,-1246.71,21.22,0
31,revenge_tilt,493.0,0.86,0.87,1,0,1074.65,19.23,0
31,revenge_tilt,191.1,1.01,1.16,0,1,-732.86,20.59,0
31,revenge_tilt,19.6,1.28,1.28,1,2,-972.12,22.38,1
31,revenge_tilt,147.9,1.04,0.81,1,0,1661.87,19.31,0
31,revenge_tilt,354.1,0.92,0.88,0,0,1394.37,16.74,0
31,revenge_tilt,624.7,1.15,1.25,0,1,-1035.56,18.65,0
31,revenge_tilt,309.4,1.18,1.02,0,0,1672.39,15.56,0
31,revenge_tilt,66.5,1.16,0.99,1,0,1526.8,12.75,0
31,revenge_tilt,452.5,1.14,0.98,0,1,-1276.96,15.1,0
31,revenge_tilt,33.9,3.3,2.9,1,2,-1295.69,17.49,1
31,revenge_tilt,32.8,2.26,0.68,1,3,-3490.58,23.94,1
31,revenge_tilt,7.4,2.23,0.99,1,4,-2379.17,28.33,1
31,revenge_tilt,320.1,1.08,0.48,1,0,2311.05,24.06,0
31,revenge_tilt,870.2,1.14,1.06,0,1,-1289.37,26.44,0
31,revenge_tilt,208.8,1.02,0.9,0,0,1182.7,24.26,0
31,revenge_tilt,39.5,0.87,0.85,1,0,1254.56,21.94,1
31,revenge_tilt,28.5,0.96,1.11,0,1,-712.06,23.26,1
31,revenge_tilt,1074.0,0.92,0.95,0,0,1205.49,21.03,0
31,revenge_tilt,4.2,0.95,1.04,1,0,1357.67,18.53,1
31,revenge_tilt,30.5,1.17,1.23,1,1,-1116.87,20.59,1
31,revenge_tilt,830.0,1.07,0.92,0,0,1535.78,17.75,0
31,revenge_tilt,757.2,1.04,0.97,1,0,1110.51,15.7,0
31,revenge_tilt,33.1,0.88,0.84,0,0,1441.45,13.04,1
31,revenge_tilt,248.5,0.86,0.98,1,1,-736.27,14.4,0
31,revenge_tilt,11.5,2.94,3.42,1,2,-800.56,15.88,1
31,revenge_tilt,12.6,1.07,0.36,1,3,-3397.84,22.15,1
31,revenge_tilt,18.3,2.4,2.25,0,4,-1152.39,24.28,1
31,revenge_tilt,9.8,3.87,1.61,1,5,-2815.52,29.48,1
31,revenge_tilt,244.0,1.16,0.3,1,0,4750.35,20.71,0
31,revenge_tilt,350.5,0.83,0.71,1,0,1511.54,17.92,0
31,revenge_tilt,309.9,0.99,1.2,1,1,-848.49,19.48,0
31,revenge_tilt,36.2,0.89,0.9,0,0,1109.18,17.44,1
31,revenge_tilt,15.7,0.92,1.03,1,1,-818.03,18.95,1
31,revenge_tilt,770.5,1.16,1.26,0,0,1003.21,17.09,0
31,revenge_tilt,108.6,1.69,1.46,1,0,1224.43,14.83,0
31,revenge_tilt,1464.8,0.94,0.56,0,0,2388.56,10.43,0
31,revenge_tilt,259.0,1.08,1.15,0,0,1122.31,8.35,0
31,revenge_tilt,569.8,1.04,0.96,1,1,-989.55,10.18,0
31,revenge_tilt,706.5,1.04,1.0,0,0,1071.45,8.2,0
31,revenge_tilt,51.8,1.01,0.97,1,1,-1203.71,10.42,0
31,revenge_tilt,19.4,2.05,2.02,0,2,-947.79,12.17,1
31,revenge_tilt,381.0,1.08,0.53,0,0,2525.6,7.51,0
31,revenge_tilt,193.5,0.9,0.83,0,0,1351.75,5.02,0
31,revenge_tilt,410.6,0.82,0.91,0,0,943.59,3.27,0
31,revenge_tilt,568.9,0.98,1.19,0,1,-761.46,4.68,0
31,revenge_tilt,43.4,1.01,1.03,0,0,1468.28,1.97,0
31,revenge_tilt,152.7,1.0,0.99,0,0,1427.82,0.0,0
31,revenge_tilt,379.1,1.15,1.15,0,0,1039.03,0.0,0
31,revenge_tilt,757.9,0.98,0.85,0,1,-1218.74,2.19,0
31,revenge_tilt,14.3,1.16,1.19,0,0,1075.57,0.26,0
31,revenge_tilt,27.5,1.15,0.99,0,1,-1147.67,2.32,0
31,revenge_tilt,213.5,1.09,0.94,0,0,1555.54,0.0,0
31,revenge_tilt,6.8,1.09,1.01,0,0,1354.3,0.0,0
31,revenge_tilt,516.8,1.03,0.94,0,1,-1287.38,2.25,0
31,revenge_tilt,2.4,0.93,0.91,1,2,-1077.92,4.14,1
31,revenge_tilt,8.0,2.54,2.72,1,3,-970.72,5.83,1
31,revenge_tilt,651.1,1.78,0.7,1,0,2694.43,1.12,0
31,revenge_tilt,519.4,1.55,0.87,0,1,-1623.77,3.96,0
31,revenge_tilt,259.3,0.94,0.61,0,0,1763.06,0.88,0
31,revenge_tilt,321.8,1.02,1.08,0,0,1274.61,0.0,0
31,revenge_tilt,332.3,0.89,0.88,0,1,-851.34,1.47,0
31,revenge_tilt,22.9,3.32,3.71,1,2,-1041.39,3.27,1
31,revenge_tilt,161.8,1.02,0.31,1,3,-3171.27,8.74,0
31,revenge_tilt,5.9,3.5,3.44,1,4,-1027.71,10.51,1
31,revenge_tilt,0.6,1.2,0.34,1,5,-3620.5,16.76,1
31,revenge_tilt,20.6,1.26,1.05,1,6,-985.07,18.46,1
31,revenge_tilt,3.7,3.78,2.99,1,7,-1104.66,20.36,1
31,revenge_tilt,49.4,1.45,0.38,0,8,-3863.78,27.03,0
31,revenge_tilt,161.2,0.97,0.67,0,0,2123.82,23.36,0
31,revenge_tilt,55.4,1.17,1.2,0,1,-1034.19,25.15,0
32,revenge_tilt,627.0,1.03,1.03,0,0,0.0,0.0,0
32,revenge_tilt,105.5,1.17,1.13,0,1,-1150.07,2.3,0
32,revenge_tilt,367.6,0.84,0.72,1,0,1623.18,0.0,0
32,revenge_tilt,1347.4,0.84,0.99,0,0,1247.99,0.0,0
32,revenge_tilt,11.0,0.9,1.08,0,0,904.67,0.0,0
32,revenge_tilt,56.2,1.12,1.23,0,1,-916.66,1.74,0
32,revenge_tilt,160.5,1.16,1.04,1,0,1187.24,0.0,0
32,revenge_tilt,203.8,0.96,0.82,0,1,-1105.1,2.09,0
32,revenge_tilt,260.2,1.01,1.06,1,0,1413.65,0.0,0
32,revenge_tilt,876.6,0.94,0.92,0,0,1321.0,0.0,0
32,revenge_tilt,367.7,0.94,1.0,0,0,1138.79,0.0,0
32,revenge_tilt,186.4,1.55,1.66,0,0,1394.0,0.0,0
32,revenge_tilt,44.9,1.18,0.76,1,1,-1768.55,3.1,1
32,revenge_tilt,1747.5,0.87,0.73,0,0,1221.72,0.96,0
32,revenge_tilt,1338.6,0.96,1.11,0,1,-803.88,2.37,0
32,revenge_tilt,25.8,0.9,0.93,0,0,1269.7,0.14,0
32,revenge_tilt,178.0,1.06,1.18,0,0,968.32,0.0,0
32,revenge_tilt,193.4,1.18,1.11,0,0,1191.81,0.0,0
32,revenge_tilt,484.1,1.09,0.92,0,0,1723.43,0.0,0
32,revenge_tilt,315.2,0.8,0.74,0,1,-885.04,1.45,0
32,revenge_tilt,8.1,3.39,4.22,1,2,-744.28,2.68,1
32,revenge_tilt,15.5,2.69,0.8,1,3,-3365.24,8.21,1
32,revenge_tilt,22.9,1.95,0.73,1,4,-2288.08,11.97,1
32,revenge_tilt,183.4,0.88,0.45,0,0,2075.99,8.55,0
32,revenge_tilt,20.7,1.18,1.34,1,1,-1014.19,10.22,1
32,revenge_tilt,263.3,1.03,0.87,0,0,1354.86,8.0,0
32,revenge_tilt,72.6,0.86,0.84,0,0,1504.03,5.52,0
32,revenge_tilt,159.1,1.06,1.22,0,1,-947.38,7.08,0
32,revenge_tilt,25.1,1.3,1.24,1,2,-968.03,8.67,1
32,revenge_tilt,13.4,1.5,1.15,0,0,1575.77,6.08,0
32,revenge_tilt,196.4,0.8,0.53,0,1,-1292.14,8.21,0
32,revenge_tilt,126.3,1.01,1.26,1,0,1143.78,6.33,0
32,revenge_tilt,104.3,1.12,1.1,0,1,-1203.11,8.3,0
32,revenge_tilt,42.9,1.01,0.9,1,0,1499.54,5.84,0
32,revenge_tilt,226.7,1.57,1.55,1,0,1341.8,3.63,0
32,revenge_tilt,1044.7,1.13,0.72,0,1,-1441.19,6.0,0
32,revenge_tilt,6.8,1.06,0.94,1,2,-999.9,7.64,1
32,revenge_tilt,48.2,1.06,1.0,0,3,-850.64,9.04,0
32,revenge_tilt,102.0,1.48,1.4,0,4,-1255.7,11.11,0
32,revenge_tilt,29.8,3.68,2.48,1,5,-1351.77,13.33,1
32,revenge_tilt,2.3,2.79,0.76,1,6,-4198.75,20.23,1
32,revenge_tilt,122.4,0.84,0.3,0,0,3759.15,14.05,0
32,revenge_tilt,299.7,0.87,1.04,1,0,922.89,12.53,0
32,revenge_tilt,10.1,1.17,1.34,1,1,-1029.92,14.23,1
32,revenge_tilt,614.2,1.03,0.88,1,0,1736.42,11.37,0
32,revenge_tilt,163.5,0.84,0.81,0,1,-964.99,12.96,0
32,revenge_tilt,83.7,2.12,2.53,0,2,-996.17,14.59,1
32,revenge_tilt,9.6,3.52,1.66,1,3,-2495.31,18.69,1
32,revenge_tilt,5.6,3.2,0.91,1,4,-3745.13,24.85,1
32,revenge_tilt,332.3,0.87,0.27,0,0,3644.41,18.86,0
32,revenge_tilt,270.2,1.02,1.17,1,1,-854.13,20.26,0
32,revenge_tilt,226.2,2.21,2.17,1,2,-816.22,21.6,1
32,revenge_tilt,228.2,0.82,0.37,0,0,2410.67,17.64,0
32,revenge_tilt,142.0,0.96,1.17,1,0,1230.91,15.62,0
32,revenge_tilt,215.2,1.1,1.15,0,0,1243.53,13.58,0
32,revenge_tilt,1788.6,1.02,0.93,0,0,1380.76,11.31,0
32,revenge_tilt,498.0,0.95,0.93,1,0,1223.84,9.3,0
32,revenge_tilt,210.3,1.17,1.23,0,1,-841.54,10.68,0
32,revenge_tilt,57.8,1.06,0.91,0,0,1315.23,8.52,1
32,revenge_tilt,667.4,0.83,0.78,1,0,1493.93,6.07,0
32,revenge_tilt,26.6,0.98,1.18,0,0,864.63,4.64,0
32,revenge_tilt,917.2,1.13,1.16,0,1,-942.15,6.19,0
32,revenge_tilt,172.4,3.84,3.39,1,2,-1008.62,7.85,1
32,revenge_tilt,6.7,2.41,0.63,1,3,-3156.62,13.04,1
32,revenge_tilt,134.3,0.97,0.4,0,0,3317.95,7.58,0
32,revenge_tilt,788.3,1.05,1.08,0,1,-1010.43,9.24,0
32,revenge_tilt,878.3,1.09,1.04,0,0,1164.97,7.33,0
32,revenge_tilt,14.2,0.92,0.85,0,0,1557.22,4.77,0
32,revenge_tilt,263.8,0.9,0.98,1,1,-882.56,6.22,0
32,revenge_tilt,8.1,2.42,2.68,1,2,-867.31,7.65,1
32,revenge_tilt,49.3,3.58,1.48,1,3,-2186.32,11.24,1
32,revenge_tilt,138.1,0.86,0.24,1,0,4236.98,4.28,0
32,revenge_tilt,6.5,1.09,1.26,1,1,-783.76,5.57,0
32,revenge_tilt,96.2,2.51,2.3,1,2,-1180.44,7.51,1
32,revenge_tilt,99.8,1.17,0.47,0,0,3532.55,1.7,0
32,revenge_tilt,341.2,1.05,0.9,1,0,1177.11,0.0,0
32,revenge_tilt,1633.4,1.06,1.01,1,1,-1161.17,1.9,0
32,revenge_tilt,0.9,1.18,1.11,0,2,-1009.67,3.56,1
32,revenge_tilt,96.7,3.93,3.34,0,3,-1394.72,5.84,1
32,revenge_tilt,74.0,1.37,0.35,0,4,-3388.2,11.4,0
32,revenge_tilt,222.0,1.13,0.82,0,0,1954.54,8.2,0
32,revenge_tilt,585.1,1.18,1.04,0,1,-923.72,9.71,0
32,revenge_tilt,33.0,3.78,3.2,0,2,-1079.5,11.48,1
32,revenge_tilt,68.1,3.98,1.05,1,3,-3521.62,17.25,1
32,revenge_tilt,24.7,2.24,0.56,1,4,-3492.37,22.98,1
32,revenge_tilt,307.5,2.86,1.28,1,5,-2430.62,26.96,1
32,revenge_tilt,851.9,1.18,0.41,1,0,3210.17,21.7,0
32,revenge_tilt,271.5,1.19,1.01,0,1,-1375.43,23.95,0
32,revenge_tilt,22.2,2.53,2.13,0,2,-1427.35,26.29,1
32,revenge_tilt,8.9,2.94,1.16,0,3,-2081.61,29.71,0
32,revenge_tilt,429.4,2.79,0.95,1,4,-3149.75,34.87,1
32,revenge_tilt,15.0,3.86,1.39,1,5,-2607.44,39.14,1
32,revenge_tilt,4.7,3.04,0.79,1,6,-3605.13,45.05,0
32,revenge_tilt,11.1,0.96,0.31,1,7,-3355.12,50.55,1
32,revenge_tilt,43.0,3.92,4.1,1,8,-845.52,51.94,1
32,revenge_tilt,78.0,2.54,0.65,1,9,-4600.75,59.48,1
32,revenge_tilt,17.0,1.34,0.53,1,10,-2668.56,63.86,1
32,revenge_tilt,211.3,1.22,0.91,1,11,-1098.91,65.66,0
32,revenge_tilt,493.0,0.85,0.69,1,0,1371.73,63.41,0
32,revenge_tilt,347.4,1.08,1.27,1,0,883.58,61.96,0
32,revenge_tilt,1130.5,0.95,0.88,0,0,1332.98,59.77,0
32,revenge_tilt,77.0,1.05,1.11,0,0,1191.35,57.82,0
32,revenge_tilt,11.5,1.03,0.98,0,1,-1255.07,59.88,1
32,revenge_tilt,312.7,0.96,0.93,0,0,1349.79,57.67,0
32,revenge_tilt,630.4,1.05,1.09,0,1,-832.34,59.03,0
32,revenge_tilt,60.6,2.22,2.12,1,2,-928.27,60.55,1
32,revenge_tilt,193.7,1.08,0.48,1,0,2842.72,55.89,0
32,revenge_tilt,1069.4,0.82,0.76,1,1,-1053.63,57.62,0
32,revenge_tilt,4.5,1.06,1.29,0,0,964.47,56.04,1
32,revenge_tilt,147.4,1.14,1.08,0,1,-998.11,57.67,1
32,revenge_tilt,36.9,1.06,0.92,1,0,1444.75,55.31,1
32,revenge_tilt,28.2,1.51,1.43,1,0,1229.73,53.29,1
32,revenge_tilt,738.6,0.85,0.56,0,0,1597.5,50.67,0
32,revenge_tilt,1768.7,1.01,1.18,0,0,989.66,49.05,0
32,revenge_tilt,1516.9,0.98,0.97,1,0,1462.32,46.65,0
32,revenge_tilt,368.9,1.11,1.14,0,1,-868.01,48.08,0
32,revenge_tilt,159.4,0.95,0.85,0,0,1236.88,46.05,0
32,revenge_tilt,909.1,1.12,1.18,0,0,1084.3,44.27,0
32,revenge_tilt,868.6,0.85,0.76,0,1,-1013.08,45.93,0
32,revenge_tilt,13.9,2.01,2.35,1,2,-907.07,47.42,1
32,revenge_tilt,259.8,0.87,0.44,0,0,2917.6,42.63,0
32,revenge_tilt,446.2,1.17,1.34,0,1,-937.82,44.17,0
32,revenge_tilt,41.4,0.99,0.84,1,0,1184.64,42.23,1
32,revenge_tilt,232.2,1.02,1.03,0,0,1058.44,40.5,0
32,revenge_tilt,92.9,1.15,1.13,0,1,-914.18,41.99,0
32,revenge_tilt,97.1,0.99,0.87,0,0,1647.07,39.29,0
32,revenge_tilt,654.8,0.83,0.83,1,1,-1085.76,41.07,0
32,revenge_tilt,869.1,0.9,1.08,0,0,1210.52,39.09,0
32,revenge_tilt,133.6,0.93,1.04,1,0,1090.38,37.3,0
32,revenge_tilt,32.3,0.91,0.98,0,0,1074.44,35.54,1
32,revenge_tilt,11.3,1.02,1.12,0,1,-1086.02,37.32,1
32,revenge_tilt,74.7,3.12,3.06,1,2,-1010.28,38.98,1
32,revenge_tilt,172.7,1.45,0.47,1,3,-3428.89,44.6,0
32,revenge_tilt,136.2,3.47,2.39,0,4,-1608.9,47.24,1
32,revenge_tilt,126.3,1.19,0.34,0,0,3991.77,40.69,0
32,revenge_tilt,819.2,0.9,0.76,0,0,1665.56,37.96,0
32,revenge_tilt,288.1,1.14,1.27,0,1,-907.15,39.45,0
32,revenge_tilt,8.1,1.18,1.03,1,2,-1045.49,41.16,1
32,revenge_tilt,26.0,2.03,1.72,0,3,-1281.43,43.26,0
32,revenge_tilt,11.9,0.99,0.49,0,4,-2200.84,46.87,0
32,revenge_tilt,76.5,1.42,1.43,0,5,-1009.15,48.53,0
32,revenge_tilt,54.0,1.09,0.77,1,6,-1158.19,50.42,0
32,revenge_tilt,59.3,1.05,0.96,0,0,1333.1,48.24,0
32,revenge_tilt,148.5,0.82,0.79,0,1,-1103.54,50.05,0
32,revenge_tilt,295.8,2.54,3.09,1,2,-721.53,51.23,1
32,revenge_tilt,26.8,2.07,0.81,1,3,-2884.46,55.96,1
32,revenge_tilt,1.6,0.94,0.45,0,4,-1736.51,58.81,1
32,revenge_tilt,321.1,2.72,2.89,0,5,-1086.4,60.59,1
32,revenge_tilt,530.4,1.04,0.38,0,0,4028.19,53.98,0
32,revenge_tilt,445.5,0.94,0.91,1,1,-1012.68,55.64,0
33,revenge_tilt,132.6,0.9,0.9,0,0,0.0,0.0,0
33,revenge_tilt,49.5,0.82,0.91,0,1,-866.07,1.73,0
33,revenge_tilt,406.4,0.98,1.2,0,0,1201.41,0.0,0
33,revenge_tilt,1955.7,1.07,1.09,0,0,1097.74,0.0,0
33,revenge_tilt,344.9,1.1,1.02,0,1,-896.28,1.74,0
33,revenge_tilt,1027.4,0.97,0.88,1,0,1518.91,0.0,0
33,revenge_tilt,866.4,0.95,0.98,1,0,1252.26,0.0,0
33,revenge_tilt,127.9,0.95,1.0,0,1,-829.48,1.56,0
33,revenge_tilt,31.0,2.14,2.26,1,2,-935.36,3.31,1
33,revenge_tilt,3.7,2.3,1.08,1,3,-2542.1,8.08,1
33,revenge_tilt,438.0,0.87,0.38,0,0,2975.34,2.5,0
33,revenge_tilt,338.1,1.17,1.33,0,1,-833.95,4.06,0
33,revenge_tilt,115.4,0.94,0.81,0,0,1256.41,1.71,0
33,revenge_tilt,2137.7,0.99,1.06,0,0,1027.57,0.0,0
33,revenge_tilt,696.9,0.87,0.88,1,1,-1072.51,2.01,0
33,revenge_tilt,5.8,1.4,1.6,0,2,-848.0,3.59,1
33,revenge_tilt,49.3,2.64,1.89,1,3,-1468.17,6.34,1
33,revenge_tilt,41.6,1.36,0.51,1,4,-2336.22,10.72,1
33,revenge_tilt,81.8,1.02,0.76,0,0,1931.4,7.1,0
33,revenge_tilt,551.3,1.0,0.97,0,1,-1129.41,9.21,0
33,revenge_tilt,517.0,0.97,0.97,0,0,1139.64,7.08,0
33,revenge_tilt,29.1,1.03,1.06,0,0,1060.54,5.1,0
33,revenge_tilt,61.7,1.16,1.13,0,0,1232.49,2.79,0
33,revenge_tilt,145.5,0.87,0.75,0,1,-1180.67,5.0,0
33,revenge_tilt,44.2,1.98,2.29,0,2,-912.02,6.71,1
33,revenge_tilt,37.3,1.34,0.68,1,3,-1754.02,9.99,1
33,revenge_tilt,341.4,1.09,0.82,0,0,1718.12,6.77,0
33,revenge_tilt,210.7,1.02,0.94,0,1,-1133.18,8.89,0
33,revenge_tilt,12.5,0.82,0.8,0,0,1150.59,6.74,0
33,revenge_tilt,85.9,1.18,1.43,1,0,839.92,5.17,0
33,revenge_tilt,807.6,1.19,1.01,1,1,-1203.49,7.42,0
33,revenge_tilt,671.3,1.03,0.86,0,0,1391.26,4.82,0
33,revenge_tilt,791.8,0.94,0.91,1,0,1498.69,2.01,0
33,revenge_tilt,18.8,0.86,0.92,0,1,-1008.17,3.9,0
33,revenge_tilt,84.4,0.92,1.07,0,0,1102.23,1.84,0
33,revenge_tilt,932.5,0.85,0.92,1,0,1319.25,0.0,0
33,revenge_tilt,242.1,0.84,1.0,0,0,1164.24,0.0,0
33,revenge_tilt,750.2,0.89,1.06,0,1,-896.83,1.63,0
33,revenge_tilt,16.1,2.5,2.8,0,2,-800.5,3.09,1
33,revenge_tilt,448.0,1.08,0.43,1,0,2812.19,0.0,0
33,revenge_tilt,37.2,0.81,0.74,1,1,-1126.63,2.01,0
33,revenge_tilt,37.1,1.01,1.25,0,2,-761.67,3.37,1
33,revenge_tilt,10.4,2.12,2.1,1,3,-1066.39,5.27,0
33,revenge_tilt,115.9,0.94,0.44,0,0,2651.81,0.54,0
33,revenge_tilt,308.4,0.87,0.92,0,0,1185.81,0.0,0
33,revenge_tilt,103.5,1.12,1.29,0,1,-820.13,1.44,0
33,revenge_tilt,71.0,0.97,0.87,0,0,1266.48,0.0,0
33,revenge_tilt,920.7,0.88,0.91,1,1,-847.87,1.48,0
33,revenge_tilt,46.4,3.76,4.27,0,2,-716.92,2.73,1
33,revenge_tilt,153.2,3.94,1.05,0,3,-3022.33,8.0,0
33,revenge_tilt,54.8,1.05,0.27,0,0,5646.71,0.0,0
33,revenge_tilt,561.0,1.03,0.99,0,0,1316.77,0.0,0
33,revenge_tilt,289.4,0.97,0.94,0,0,1334.89,0.0,0
33,revenge_tilt,682.8,0.96,1.0,0,0,1006.94,0.0,0
33,revenge_tilt,219.2,1.17,1.22,0,0,1356.12,0.0,0
33,revenge_tilt,464.8,1.18,1.0,1,0,1248.57,0.0,0
33,revenge_tilt,224.5,1.14,0.96,0,0,1475.32,0.0,0
33,revenge_tilt,544.7,0.93,0.82,0,1,-1010.5,1.53,0
33,revenge_tilt,271.7,0.92,0.98,0,0,971.24,0.06,0
33,revenge_tilt,35.7,1.13,1.23,0,0,1244.67,0.0,0
33,revenge_tilt,31.7,0.93,0.82,1,0,1272.19,0.0,0
33,revenge_tilt,478.2,1.14,1.23,1,0,1282.93,0.0,0
33,revenge_tilt,259.1,1.16,1.01,0,1,-1292.33,1.85,0
33,revenge_tilt,377.1,2.39,2.06,1,2,-1260.27,3.65,1
33,revenge_tilt,1021.5,1.17,0.49,0,0,3533.91,0.0,0
33,revenge_tilt,861.9,1.14,0.97,0,0,1420.08,0.0,0
33,revenge_tilt,275.8,0.93,0.82,0,0,1428.05,0.0,0
33,revenge_tilt,316.6,1.09,1.17,0,0,1087.73,0.0,0
33,revenge_tilt,218.7,1.03,0.95,1,1,-924.88,1.24,0
33,revenge_tilt,979.8,1.07,1.04,0,0,1172.23,0.0,0
33,revenge_tilt,264.5,0.9,0.84,0,1,-1009.39,1.34,0
33,revenge_tilt,77.9,3.15,3.51,1,2,-806.7,2.42,1
33,revenge_tilt,33.4,1.01,0.32,0,0,3594.54,0.0,0
33,revenge_tilt,599.1,1.18,1.16,0,0,1457.76,0.0,0
33,revenge_tilt,760.5,0.99,0.84,0,0,1242.84,0.0,0
33,revenge_tilt,272.5,0.84,0.85,0,1,-924.21,1.16,0
33,revenge_tilt,189.0,0.86,1.02,1,0,1098.26,0.0,0
33,revenge_tilt,143.6,1.12,1.31,0,0,946.69,0.0,0
33,revenge_tilt,608.0,1.2,1.07,0,1,-1117.6,1.38,0
33,revenge_tilt,137.5,1.75,1.46,0,0,1222.99,0.0,0
33,revenge_tilt,629.0,0.9,0.51,0,0,1809.28,0.0,0
33,revenge_tilt,1733.6,1.12,1.25,1,1,-764.87,0.93,0
33,revenge_tilt,27.9,1.91,1.7,1,2,-950.87,2.08,1
33,revenge_tilt,652.1,1.13,0.59,1,0,2681.41,0.0,0
33,revenge_tilt,129.7,1.1,0.98,0,0,1673.95,0.0,0
33,revenge_tilt,6.7,1.93,1.75,1,1,-919.08,1.08,0
33,revenge_tilt,1064.0,0.92,0.48,1,0,1928.94,0.0,0
33,revenge_tilt,115.8,1.11,1.2,0,1,-873.77,1.01,0
33,revenge_tilt,21.9,2.7,2.44,1,2,-918.64,2.08,1
33,revenge_tilt,2660.5,1.07,0.4,0,0,2848.15,0.0,0
33,revenge_tilt,373.7,1.13,1.05,0,1,-1190.05,1.36,1
33,revenge_tilt,123.2,1.07,0.95,1,0,1411.58,0.0,0
33,revenge_tilt,440.3,0.87,0.81,0,0,1140.14,0.0,0
33,revenge_tilt,154.4,0.84,0.96,1,1,-983.22,1.11,0
33,revenge_tilt,23.5,3.76,4.49,1,2,-1001.32,2.24,1
33,revenge_tilt,12.1,2.16,0.57,1,3,-3811.33,6.54,1
33,revenge_tilt,21.6,2.16,1.0,1,4,-2173.74,8.99,1
33,revenge_tilt,243.9,0.94,0.44,1,5,-2433.48,11.73,0
33,revenge_tilt,1564.6,0.99,1.05,0,0,1397.19,10.16,0
33,revenge_tilt,48.8,1.08,1.09,0,0,1277.79,8.71,0
33,revenge_tilt,251.2,0.82,0.76,1,1,-988.28,9.83,0
33,revenge_tilt,5.1,1.05,1.28,1,2,-797.64,10.73,1
33,revenge_tilt,494.0,0.8,0.77,0,0,1503.0,9.03,0
33,revenge_tilt,528.3,0.9,1.11,0,0,812.09,8.12,0
33,revenge_tilt,1878.0,1.07,1.2,0,1,-722.65,8.93,0
33,revenge_tilt,623.0,1.12,1.05,0,0,1279.36,7.49,0
33,revenge_tilt,57.6,0.85,0.76,0,1,-1204.8,8.85,0
33,revenge_tilt,6.4,3.42,4.01,0,2,-950.18,9.92,1
33,revenge_tilt,1.9,2.25,0.66,1,3,-3490.76,13.86,1
33,revenge_tilt,0.7,1.23,0.55,1,4,-2090.9,16.21,1
33,revenge_tilt,3.5,2.14,1.74,1,5,-990.52,17.33,1
33,revenge_tilt,177.1,1.19,0.55,0,0,3092.28,13.84,0
33,revenge_tilt,0.4,0.94,0.79,0,0,1611.14,12.03,1
33,revenge_tilt,664.8,1.03,1.1,0,0,1196.05,10.68,0
33,revenge_tilt,854.7,1.17,1.13,0,1,-1059.63,11.87,0
33,revenge_tilt,12.8,3.31,2.83,1,2,-1269.66,13.31,1
33,revenge_tilt,57.9,0.84,0.26,0,0,3326.25,9.55,0
33,revenge_tilt,33.6,1.01,1.2,0,0,1141.97,8.27,1
33,revenge_tilt,1117.4,1.12,1.11,0,1,-1160.55,9.58,0
33,revenge_tilt,5.7,0.99,0.88,0,0,1358.64,8.04,0
33,revenge_tilt,103.9,1.14,1.16,0,1,-1082.32,9.26,0
33,revenge_tilt,20.8,1.39,1.22,1,2,-1023.77,10.42,1
33,revenge_tilt,38.1,0.99,0.71,1,0,1908.98,8.27,0
33,revenge_tilt,402.4,1.17,1.18,0,0,1436.5,6.65,0
33,revenge_tilt,1012.7,1.01,0.87,0,1,-1161.88,7.96,0
33,revenge_tilt,2.9,3.57,3.53,1,2,-1027.98,9.12,1
33,revenge_tilt,206.0,0.94,0.26,1,3,-3363.65,12.91,0
33,revenge_tilt,76.6,3.82,4.05,1,4,-873.01,13.89,1
33,revenge_tilt,31.6,0.84,0.22,1,0,4269.46,9.08,0
33,revenge_tilt,220.7,0.91,1.08,0,1,-786.63,9.97,0
33,revenge_tilt,10.4,0.87,0.95,1,0,1185.4,8.63,0
33,revenge_tilt,43.2,1.03,1.19,0,1,-923.0,9.67,0
33,revenge_tilt,15.9,1.49,1.44,1,2,-1154.5,10.97,1
33,revenge_tilt,0.3,2.57,1.72,1,3,-1765.54,12.96,1
33,revenge_tilt,28.6,3.82,1.49,1,4,-2643.37,15.94,1
33,revenge_tilt,101.2,1.88,0.49,1,5,-3473.2,19.86,1
33,revenge_tilt,210.8,3.8,2.02,1,6,-1927.06,22.03,1
33,revenge_tilt,819.4,0.8,0.21,1,0,5371.07,15.98,0
33,revenge_tilt,451.8,0.98,1.21,0,1,-815.28,16.9,0
33,revenge_tilt,116.5,2.5,2.56,1,2,-1099.42,18.14,1
33,revenge_tilt,553.7,0.91,0.37,1,0,2979.73,14.78,0
33,revenge_tilt,92.4,1.15,1.26,0,1,-990.2,15.89,0
33,revenge_tilt,170.0,1.84,1.61,1,2,-1055.18,17.08,1
33,revenge_tilt,1318.0,1.04,0.57,0,0,2233.32,14.56,0
33,revenge_tilt,85.5,1.01,0.97,0,1,-836.78,15.51,0
33,revenge_tilt,17.4,1.49,1.47,1,2,-1161.53,16.82,1
33,revenge_tilt,53.6,3.52,2.37,1,3,-1600.88,18.62,1
33,revenge_tilt,208.0,0.99,0.28,0,0,5248.55,12.7,0
33,revenge_tilt,675.5,1.08,1.09,0,1,-982.41,13.81,0
33,revenge_tilt,132.1,1.98,1.84,1,2,-1233.48,15.2,1
34,revenge_tilt,622.0,0.81,0.81,0,0,0.0,0.0,0
34,revenge_tilt,208.6,0.82,1.01,0,1,-792.07,1.58,0
34,revenge_tilt,534.5,1.07,1.3,0,0,822.76,0.0,0
34,revenge_tilt,2.4,0.83,0.78,0,1,-905.61,1.81,0
34,revenge_tilt,193.8,1.45,1.75,1,2,-739.29,3.29,1
34,revenge_tilt,33.4,2.34,1.61,1,3,-1278.25,5.84,1
34,revenge_tilt,24.1,2.5,1.07,1,4,-1982.1,9.8,1
34,revenge_tilt,21.0,0.99,0.4,1,0,2762.19,4.28,0
34,revenge_tilt,106.1,1.16,1.17,0,0,1482.47,1.32,0
34,revenge_tilt,305.1,1.13,0.97,0,0,1320.33,0.0,0
34,revenge_tilt,110.5,0.97,0.86,0,0,1512.98,0.0,0
34,revenge_tilt,175.3,1.82,1.88,0,0,1265.83,0.0,0
34,revenge_tilt,140.2,1.87,1.03,0,1,-1757.18,3.29,0
34,revenge_tilt,613.1,1.06,0.57,0,0,2584.54,0.0,0
34,revenge_tilt,41.0,1.14,1.08,1,1,-1026.28,1.89,0
34,revenge_tilt,650.0,0.9,0.79,0,0,1574.06,0.0,0
34,revenge_tilt,60.7,1.13,1.25,0,0,1274.58,0.0,0
34,revenge_tilt,167.1,0.86,0.76,0,1,-1155.72,2.06,0
34,revenge_tilt,116.7,1.16,1.35,1,0,1224.13,0.0,0
34,revenge_tilt,4.6,1.1,0.95,0,0,1524.88,0.0,0
34,revenge_tilt,373.7,1.6,1.47,0,0,1312.37,0.0,0
34,revenge_tilt,284.2,1.12,0.7,0,0,2068.07,0.0,0
34,revenge_tilt,189.9,0.98,0.88,0,0,1634.63,0.0,0
34,revenge_tilt,38.1,0.98,1.0,0,1,-1043.07,1.66,0
34,revenge_tilt,416.7,1.11,1.13,1,0,1078.41,0.0,0
34,revenge_tilt,40.5,0.89,0.81,0,1,-1081.19,1.72,0
34,revenge_tilt,307.6,0.96,1.07,1,0,1009.2,0.11,0
34,revenge_tilt,50.1,1.11,1.16,1,0,1209.69,0.0,0
34,revenge_tilt,744.0,1.0,0.9,0,1,-1241.09,1.94,1
34,revenge_tilt,2.8,0.86,0.86,1,0,1216.76,0.04,0
34,revenge_tilt,696.6,0.81,0.94,0,1,-740.83,1.2,0
34,revenge_tilt,63.5,3.12,3.84,1,2,-828.74,2.49,1
34,revenge_tilt,35.3,0.92,0.3,0,0,4171.26,0.0,0
34,revenge_tilt,770.8,0.81,0.88,0,1,-836.77,1.26,0
34,revenge_tilt,3.8,2.58,3.18,1,2,-922.3,2.65,1
34,revenge_tilt,490.6,0.96,0.37,0,0,3633.56,0.0,0
34,revenge_tilt,209.4,1.83,1.9,0,0,1025.76,0.0,0
34,revenge_tilt,1026.8,1.19,0.65,0,1,-1685.01,2.43,0
34,revenge_tilt,61.3,1.86,1.57,1,2,-1377.56,4.41,1
34,revenge_tilt,741.2,3.38,1.82,0,3,-2059.97,7.38,1
34,revenge_tilt,12.4,1.36,0.4,1,4,-3907.95,13.02,1
34,revenge_tilt,13.9,0.96,0.7,1,5,-1532.67,15.23,0
34,revenge_tilt,349.2,1.01,1.06,0,0,1042.45,13.72,0
34,revenge_tilt,971.2,1.12,1.11,1,1,-1121.33,15.34,0
34,revenge_tilt,37.1,3.4,3.03,0,2,-1100.74,16.93,1
34,revenge_tilt,618.1,1.11,0.33,0,0,4778.46,10.04,0
34,revenge_tilt,853.0,1.14,1.03,1,0,1399.79,8.02,0
34,revenge_tilt,109.9,1.07,0.94,0,0,1370.43,6.05,0
34,revenge_tilt,190.2,1.03,0.96,1,0,1481.93,3.91,0
34,revenge_tilt,94.8,0.9,0.88,0,0,1302.25,2.03,0
34,revenge_tilt,1010.1,0.9,1.0,1,0,966.9,0.64,0
34,revenge_tilt,720.2,1.18,1.3,0,1,-975.48,2.04,0
34,revenge_tilt,78.7,2.6,2.21,0,2,-1403.94,4.07,1
34,revenge_tilt,2.4,3.04,1.17,1,3,-2079.81,7.07,1
34,revenge_tilt,24.2,2.7,0.89,1,4,-2645.39,10.88,1
34,revenge_tilt,7.3,3.53,1.31,0,5,-2374.32,14.3,1
34,revenge_tilt,295.4,1.41,0.4,1,6,-3831.12,19.82,0
34,revenge_tilt,5.1,2.69,1.91,1,7,-1138.41,21.46,1
34,revenge_tilt,25.5,0.94,0.35,1,8,-2259.95,24.72,1
34,revenge_tilt,446.5,1.78,1.89,0,0,1028.91,23.24,1
34,revenge_tilt,42.0,1.17,0.66,0,0,2635.99,19.44,1
34,revenge_tilt,285.0,0.82,0.7,0,0,1515.59,17.25,0
34,revenge_tilt,20.8,0.96,1.16,1,1,-692.97,18.25,1
34,revenge_tilt,23.4,3.77,3.94,0,2,-784.95,19.38,1
34,revenge_tilt,14.9,3.1,0.82,1,3,-3188.97,23.98,1
34,revenge_tilt,1.5,1.33,0.43,1,4,-2906.12,28.17,1
34,revenge_tilt,16.1,1.84,1.38,1,5,-1523.49,30.37,1
34,revenge_tilt,152.8,1.4,0.76,1,6,-1821.36,32.99,0
34,revenge_tilt,1663.9,1.19,0.85,1,0,1977.0,30.14,0
34,revenge_tilt,134.5,0.95,0.79,0,0,1692.57,27.7,0
34,revenge_tilt,520.9,0.97,1.02,0,0,1360.52,25.74,0
34,revenge_tilt,253.7,1.8,1.87,0,1,-912.75,27.06,1
34,revenge_tilt,67.4,2.35,1.3,1,2,-1474.63,29.18,1
34,revenge_tilt,514.8,1.06,0.45,0,0,3116.74,24.69,0
34,revenge_tilt,483.5,1.08,1.01,1,0,1278.76,22.85,0
34,revenge_tilt,852.5,1.87,1.73,0,0,1171.26,21.16,1
34,revenge_tilt,327.4,0.84,0.45,0,1,-1770.48,23.71,0
34,revenge_tilt,203.8,1.16,1.38,1,0,1249.27,21.91,0
34,revenge_tilt,1.2,1.08,0.93,0,0,1470.5,19.79,1
34,revenge_tilt,647.1,1.01,0.93,0,0,1473.46,17.67,0
34,revenge_tilt,306.0,0.85,0.85,0,0,1183.06,15.96,1
34,revenge_tilt,89.1,1.09,1.28,1,1,-928.59,17.3,0
34,revenge_tilt,1099.4,1.11,1.01,0,0,1261.64,15.48,0
34,revenge_tilt,1008.5,1.7,1.54,1,1,-1261.75,17.3,0
34,revenge_tilt,67.1,1.39,0.82,1,2,-1983.05,20.16,0
34,revenge_tilt,13.6,0.96,0.69,0,0,1722.4,17.68,1
34,revenge_tilt,347.1,1.12,1.16,0,1,-1140.4,19.32,0
34,revenge_tilt,53.2,2.73,2.45,1,2,-1151.45,20.98,1
34,revenge_tilt,316.1,0.87,0.32,0,0,3490.52,15.95,0
34,revenge_tilt,422.2,0.88,1.01,0,1,-748.24,17.03,0
34,revenge_tilt,195.6,0.94,1.07,0,0,1077.9,15.47,0
34,revenge_tilt,451.5,0.98,1.04,0,0,1116.48,13.86,0
34,revenge_tilt,397.7,1.01,1.03,0,0,1274.02,12.03,0
34,revenge_tilt,131.7,1.1,1.09,0,0,1317.3,10.13,0
34,revenge_tilt,243.6,1.13,1.02,1,0,1616.56,7.8,0
34,revenge_tilt,332.1,1.76,1.57,0,0,1322.82,5.89,0
34,revenge_tilt,24.6,0.9,0.51,1,1,-1417.31,7.93,0
34,revenge_tilt,25.6,3.71,4.09,1,2,-867.8,9.19,1
34,revenge_tilt,67.5,2.16,0.58,1,3,-3795.22,14.66,1
34,revenge_tilt,49.1,3.14,1.46,1,4,-1993.21,17.53,1
34,revenge_tilt,193.8,2.12,0.68,0,5,-3142.38,22.06,1
34,revenge_tilt,18.2,0.86,0.41,0,0,2762.18,18.08,1
34,revenge_tilt,115.5,1.15,1.34,0,0,1047.43,16.57,0
34,revenge_tilt,271.0,0.98,0.85,0,1,-1096.95,18.15,0
34,revenge_tilt,40.7,2.81,2.86,1,2,-924.18,19.48,1
34,revenge_tilt,517.2,0.98,0.35,0,0,3017.0,15.13,0
34,revenge_tilt,90.5,0.96,0.98,1,1,-973.98,16.54,0
34,revenge_tilt,320.1,3.33,3.47,0,2,-944.0,17.9,1
34,revenge_tilt,756.6,0.89,0.27,0,0,4907.4,10.82,0
34,revenge_tilt,91.0,1.09,1.23,0,0,1311.09,8.93,0
34,revenge_tilt,449.7,1.0,0.91,0,0,1304.1,7.05,0
34,revenge_tilt,719.4,1.12,1.12,0,1,-897.4,8.35,0
34,revenge_tilt,25.3,3.35,3.0,0,2,-1033.96,9.84,1
34,revenge_tilt,188.6,0.92,0.27,1,0,3573.54,4.69,0
34,revenge_tilt,393.6,1.14,1.24,1,1,-1088.74,6.26,0
34,revenge_tilt,5.3,3.69,3.25,1,2,-997.47,7.69,1
34,revenge_tilt,3.7,1.05,0.29,0,0,3700.37,2.36,0
34,revenge_tilt,937.2,1.11,1.05,1,0,1414.01,0.32,0
34,revenge_tilt,571.8,1.04,0.94,0,1,-1184.01,2.03,0
34,revenge_tilt,744.8,1.1,1.06,1,0,1172.75,0.34,0
34,revenge_tilt,5.3,0.84,0.76,0,1,-1106.08,1.93,0
34,revenge_tilt,14.3,0.99,1.18,0,0,863.46,0.69,0
34,revenge_tilt,195.9,0.97,0.98,1,0,1279.94,0.0,0
34,revenge_tilt,55.2,1.19,1.23,0,1,-1045.29,1.49,0
34,revenge_tilt,9.4,1.99,1.68,1,2,-1403.47,3.49,1
34,revenge_tilt,18.5,0.92,0.46,0,3,-1657.37,5.85,1
34,revenge_tilt,226.3,1.02,1.11,0,0,965.8,4.47,0
34,revenge_tilt,890.2,1.69,1.66,1,0,1129.79,2.86,0
34,revenge_tilt,658.3,1.08,0.64,0,0,2430.23,0.0,0
34,revenge_tilt,281.2,0.88,0.82,0,0,1410.48,0.0,0
34,revenge_tilt,114.4,1.03,1.17,0,0,1141.88,0.0,0
34,revenge_tilt,21.7,0.85,0.83,0,0,1254.55,0.0,0
34,revenge_tilt,139.6,1.05,1.23,0,0,1166.81,0.0,0
34,revenge_tilt,996.1,0.91,0.86,0,1,-927.65,1.23,0
34,revenge_tilt,81.3,1.16,1.28,0,0,1134.41,0.0,0
34,revenge_tilt,379.1,1.12,0.97,0,0,1340.45,0.0,0
34,revenge_tilt,8.7,0.86,0.77,1,1,-1286.57,1.67,0
34,revenge_tilt,710.5,1.03,1.19,1,0,1254.71,0.04,0
34,revenge_tilt,973.7,0.9,0.87,0,1,-1154.18,1.54,0
34,revenge_tilt,425.0,0.95,1.06,1,0,989.25,0.26,0
34,revenge_tilt,340.4,0.96,1.01,0,0,1271.18,0.0,0
34,revenge_tilt,22.4,0.96,1.0,1,0,1312.27,0.0,0
34,revenge_tilt,769.0,1.11,1.16,0,0,1204.1,0.0,0
34,revenge_tilt,643.1,1.17,1.05,1,0,1148.06,0.0,0
34,revenge_tilt,2625.1,0.96,0.82,1,1,-1159.09,1.42,0
34,revenge_tilt,67.6,1.37,1.43,1,2,-1088.67,2.75,0
34,revenge_tilt,158.0,2.54,1.85,1,3,-1162.47,4.17,1
34,revenge_tilt,35.9,0.81,0.32,0,0,2842.0,0.69,0
34,revenge_tilt,4.6,1.12,1.38,0,0,1082.86,0.0,0
34,revenge_tilt,113.7,1.09,0.98,0,0,1585.14,0.0,0
35,revenge_tilt,730.0,0.82,0.82,0,0,0.0,0.0,0
35,revenge_tilt,159.1,1.0,1.21,0,1,-724.41,1.45,0
35,revenge_tilt,126.1,0.92,0.93,0,0,1333.41,0.0,0
35,revenge_tilt,307.8,1.19,1.3,0,1,-798.4,1.58,0
35,revenge_tilt,31.0,1.06,0.89,1,0,1218.83,0.0,0
35,revenge_tilt,242.4,1.15,1.09,1,1,-1158.68,2.27,0
35,revenge_tilt,236.0,1.09,0.95,0,0,1366.36,0.0,0
35,revenge_tilt,80.1,0.99,0.91,0,1,-1106.67,2.16,0
35,revenge_tilt,182.3,0.99,1.0,0,0,1475.88,0.0,0
35,revenge_tilt,511.5,1.18,1.19,0,1,-861.17,1.67,0
35,revenge_tilt,69.5,2.22,1.88,1,2,-1261.23,4.11,1
35,revenge_tilt,9.1,1.41,0.64,1,3,-2098.46,8.18,1
35,revenge_tilt,92.3,1.47,1.04,1,4,-1215.11,10.53,0
35,revenge_tilt,11.0,1.07,0.73,0,0,1736.41,7.17,0
35,revenge_tilt,683.5,1.05,0.98,0,0,1123.51,4.99,0
35,revenge_tilt,461.7,0.89,0.85,1,1,-1144.04,7.21,0
35,revenge_tilt,479.9,1.07,1.21,1,0,912.72,5.44,1
35,revenge_tilt,310.2,1.03,0.96,0,0,1182.79,3.15,0
35,revenge_tilt,28.9,0.97,0.94,0,0,1344.63,0.54,0
35,revenge_tilt,458.0,0.84,0.87,1,1,-854.18,2.2,0
35,revenge_tilt,45.2,3.8,4.5,1,2,-719.57,3.59,1
35,revenge_tilt,13.8,1.14,0.3,1,0,4088.02,0.0,0
35,revenge_tilt,4.2,1.18,1.04,1,0,1308.24,0.0,0
35,revenge_tilt,234.7,1.13,0.96,0,1,-1214.39,2.2,0
35,revenge_tilt,23.7,0.81,0.72,0,0,1613.55,0.0,0
35,revenge_tilt,238.4,1.17,1.44,0,1,-949.78,1.71,0
35,revenge_tilt,16.0,3.4,2.91,1,2,-1165.5,3.81,1
35,revenge_tilt,45.5,3.85,1.13,1,3,-2909.29,9.05,1
35,revenge_tilt,36.7,1.07,0.28,1,4,-4033.41,16.31,1
35,revenge_tilt,847.7,1.18,1.11,0,0,1272.13,14.02,1
35,revenge_tilt,131.9,0.93,0.79,0,1,-1081.94,15.96,0
35,revenge_tilt,1532.8,1.78,1.92,0,0,976.25,14.21,1
35,revenge_tilt,776.1,0.99,0.55,1,1,-1548.95,17.0,0
35,revenge_tilt,23.4,2.91,2.95,1,2,-1032.26,18.85,1
35,revenge_tilt,509.1,1.19,0.41,0,0,4034.8,11.59,0
35,revenge_tilt,14.2,0.85,0.71,0,1,-950.9,13.3,1
35,revenge_tilt,211.6,1.12,1.31,0,0,1214.08,11.12,0
35,revenge_tilt,283.3,0.83,0.74,0,0,1290.31,8.79,0
35,revenge_tilt,42.1,1.17,1.41,1,0,1014.75,6.97,0
35,revenge_tilt,16.3,1.01,0.87,0,0,1406.19,4.43,0
35,revenge_tilt,56.5,0.88,0.87,0,1,-1160.76,6.52,0
35,revenge_tilt,288.4,0.91,1.03,1,0,1064.07,4.61,0
35,revenge_tilt,185.2,1.81,1.99,0,1,-1014.62,6.44,0
35,revenge_tilt,253.6,0.95,0.53,0,0,1921.11,2.98,0
35,revenge_tilt,78.7,1.1,1.16,0,0,1093.38,1.01,0
35,revenge_tilt,76.7,0.9,0.82,0,1,-1247.88,3.26,0
35,revenge_tilt,3.9,3.21,3.54,0,2,-1054.78,5.15,1
35,revenge_tilt,64.9,1.02,0.32,0,0,4588.86,0.0,0
35,revenge_tilt,600.4,1.15,1.12,0,0,1307.08,0.0,0
35,revenge_tilt,502.5,1.0,0.88,0,1,-1188.82,2.03,0
35,revenge_tilt,35.1,2.17,2.16,1,2,-847.64,3.48,1
35,revenge_tilt,17.9,3.97,1.83,1,3,-2594.41,7.91,1
35,revenge_tilt,52.3,1.01,0.25,1,4,-3708.7,14.24,0
35,revenge_tilt,2334.7,0.87,0.86,0,0,1364.52,11.91,0
35,revenge_tilt,749.9,1.2,1.38,0,0,928.73,10.32,0
35,revenge_tilt,557.3,0.97,0.81,0,0,1367.12,7.99,0
35,revenge_tilt,104.5,1.15,1.18,0,0,992.63,6.29,0
35,revenge_tilt,895.1,0.85,0.75,1,1,-1320.28,8.55,0
35,revenge_tilt,226.4,0.99,1.16,0,0,872.66,7.06,0
35,revenge_tilt,160.1,1.17,1.19,0,1,-1158.77,9.04,0
35,revenge_tilt,478.7,0.9,0.76,0,0,1702.67,6.13,0
35,revenge_tilt,871.1,0.94,1.04,0,1,-957.48,7.76,0
35,revenge_tilt,22.3,0.8,0.85,0,0,1166.48,5.77,0
35,revenge_tilt,223.9,1.05,1.31,0,0,969.15,4.12,0
35,revenge_tilt,462.5,0.82,0.78,1,0,1437.37,1.66,0
35,revenge_tilt,41.0,1.15,1.4,0,1,-788.3,3.01,0
35,revenge_tilt,3.6,1.41,1.23,1,2,-1191.59,5.04,1
35,revenge_tilt,0.2,0.94,0.67,1,3,-1678.09,7.91,1
35,revenge_tilt,1988.7,0.88,0.94,0,0,1352.64,5.6,0
35,revenge_tilt,597.1,0.97,1.1,1,0,910.23,4.05,0
35,revenge_tilt,239.5,1.15,1.18,0,0,1149.39,2.08,0
35,revenge_tilt,823.5,1.08,0.95,1,0,1713.49,0.0,0
35,revenge_tilt,370.4,1.14,1.05,0,0,1269.88,0.0,0
35,revenge_tilt,802.1,1.01,0.88,1,1,-924.76,1.53,0
35,revenge_tilt,65.7,0.92,0.91,0,0,1239.69,0.0,0
35,revenge_tilt,419.4,0.92,1.0,1,1,-982.06,1.62,0
35,revenge_tilt,64.9,1.09,1.18,1,2,-927.59,3.15,0
35,revenge_tilt,657.1,0.82,0.75,0,0,1213.54,1.15,0
35,revenge_tilt,272.2,1.04,1.27,0,1,-712.81,2.32,0
35,revenge_tilt,23.9,1.46,1.4,1,2,-982.31,3.94,1
35,revenge_tilt,1572.8,1.11,0.76,1,0,1560.92,1.37,0
35,revenge_tilt,116.6,1.14,1.03,1,0,1237.19,0.0,0
35,revenge_tilt,186.6,0.96,0.84,1,1,-1244.49,2.04,0
35,revenge_tilt,4.4,0.98,1.03,1,2,-833.22,3.4,1
35,revenge_tilt,15.1,1.28,1.3,1,3,-957.17,4.97,1
35,revenge_tilt,41.4,1.06,0.83,1,4,-1029.73,6.66,1
35,revenge_tilt,61.5,1.06,1.0,0,0,1553.73,4.11,0
35,revenge_tilt,2079.0,1.0,0.95,0,1,-902.88,5.59,0
35,revenge_tilt,31.4,1.31,1.3,1,2,-1165.76,7.5,1
35,revenge_tilt,7.9,3.29,2.52,1,3,-1150.07,9.38,1
35,revenge_tilt,71.1,2.58,0.79,1,4,-3268.86,14.74,1
35,revenge_tilt,42.8,1.97,0.76,1,5,-2185.79,18.32,1
35,revenge_tilt,34.3,1.26,0.64,1,6,-1940.29,21.49,0
35,revenge_tilt,3.6,0.93,0.74,0,0,1475.14,19.08,1
35,revenge_tilt,424.9,1.07,1.15,0,1,-799.89,20.39,0
35,revenge_tilt,140.7,0.97,0.91,0,0,1512.25,17.91,1
35,revenge_tilt,981.1,0.89,0.92,1,1,-896.93,19.38,0
35,revenge_tilt,445.5,1.01,1.14,1,0,1200.33,17.41,0
35,revenge_tilt,38.2,1.08,1.06,1,1,-1010.78,19.07,1
35,revenge_tilt,428.1,3.38,3.14,1,2,-994.52,20.7,1
35,revenge_tilt,102.9,2.57,0.76,1,3,-3791.36,26.91,0
35,revenge_tilt,33.5,1.22,0.47,0,4,-2189.83,30.49,1
35,revenge_tilt,181.0,1.95,1.6,1,5,-1093.87,32.28,1
35,revenge_tilt,82.9,0.93,0.48,0,0,2343.88,28.45,0
35,revenge_tilt,859.5,0.97,1.04,0,0,969.62,26.86,0
35,revenge_tilt,587.9,0.84,0.86,0,1,-789.13,28.15,0
35,revenge_tilt,453.1,0.99,1.17,0,0,1081.83,26.38,0
35,revenge_tilt,7.0,0.94,0.96,0,0,1092.9,24.59,1
35,revenge_tilt,479.7,1.19,1.26,1,1,-1025.34,26.27,0
35,revenge_tilt,2.9,1.44,1.22,1,2,-1380.74,28.53,1
35,revenge_tilt,14.4,3.5,2.43,0,3,-1391.87,30.81,1
35,revenge_tilt,535.6,2.38,0.68,0,4,-3061.78,35.82,1
35,revenge_tilt,44.5,0.92,0.39,0,0,3008.1,30.9,1
35,revenge_tilt,239.6,1.05,1.14,1,1,-1055.06,32.62,0
35,revenge_tilt,55.0,1.08,1.04,1,2,-1194.89,34.58,0
35,revenge_tilt,5.4,3.27,3.02,1,3,-1213.35,36.57,1
35,revenge_tilt,40.7,2.27,0.7,1,4,-2730.94,41.04,1
35,revenge_tilt,6.0,2.21,0.97,1,5,-2129.69,44.53,1
35,revenge_tilt,208.8,3.28,1.48,1,6,-1964.85,47.74,1
35,revenge_tilt,3.7,1.83,0.56,0,7,-3234.4,53.04,1
35,revenge_tilt,18.7,1.19,0.65,1,8,-2131.85,56.53,1
35,revenge_tilt,122.5,3.15,2.65,1,9,-1114.79,58.36,1
35,revenge_tilt,879.7,0.9,0.29,0,0,4310.74,51.3,0
35,revenge_tilt,81.8,1.08,1.2,0,0,1115.24,49.47,0
35,revenge_tilt,525.9,0.9,0.83,0,0,1085.95,47.69,0
35,revenge_tilt,548.2,1.15,1.28,0,1,-780.32,48.97,0
35,revenge_tilt,66.7,0.97,0.85,1,2,-948.74,50.53,0
35,revenge_tilt,40.5,0.89,0.91,0,0,1135.37,48.67,1
35,revenge_tilt,352.9,0.91,1.03,0,1,-747.09,49.89,0
35,revenge_tilt,12.9,3.39,3.7,0,2,-749.81,51.12,1
35,revenge_tilt,17.3,1.03,0.3,0,3,-3065.27,56.14,1
35,revenge_tilt,19.8,3.47,3.37,1,4,-1212.67,58.12,1
35,revenge_tilt,14.2,1.07,0.31,1,5,-2813.82,62.73,1
35,revenge_tilt,31.0,1.11,1.04,0,0,1264.19,60.66,1
35,revenge_tilt,501.4,0.89,0.8,0,1,-1039.66,62.36,0
35,revenge_tilt,210.1,1.74,1.95,0,0,1043.64,60.65,1
35,revenge_tilt,471.6,1.05,0.6,1,0,2061.03,57.28,0
35,revenge_tilt,394.1,1.17,1.11,0,0,1351.96,55.06,0
35,revenge_tilt,345.0,1.74,1.49,0,0,1702.53,52.28,0
35,revenge_tilt,56.3,0.99,0.57,0,1,-1640.29,54.96,0
35,revenge_tilt,52.6,0.89,0.9,1,0,1213.95,52.97,0
35,revenge_tilt,16.5,0.92,1.03,0,1,-939.15,54.51,1
35,revenge_tilt,15.4,0.98,1.06,1,2,-1009.99,56.17,1
35,revenge_tilt,12.8,1.94,1.98,0,3,-1098.1,57.96,1
35,revenge_tilt,15.6,1.01,0.52,1,4,-1957.64,61.17,1
35,revenge_tilt,18.8,2.85,2.82,0,5,-859.31,62.58,1
35,revenge_tilt,620.4,0.94,0.33,0,0,3399.92,57.01,0
35,revenge_tilt,470.5,1.02,1.09,0,0,981.56,55.4,0
35,revenge_tilt,659.7,1.07,1.05,0,0,1033.99,53.71,0
35,revenge_tilt,299.9,1.08,1.01,0,0,1317.53,51.55,0
36,revenge_tilt,1111.5,1.02,1.02,0,0,0.0,0.0,0
36,revenge_tilt,1378.0,0.85,0.84,0,1,-1033.64,2.07,0
36,revenge_tilt,4.3,1.3,1.53,1,2,-818.77,3.7,1
36,revenge_tilt,21.6,2.56,1.96,1,3,-1150.99,6.01,1
36,revenge_tilt,1564.4,0.99,0.39,0,0,3100.27,0.0,0
36,revenge_tilt,611.5,1.2,1.2,0,1,-936.61,1.87,0
36,revenge_tilt,9.8,1.49,1.25,1,2,-1275.21,4.42,1
36,revenge_tilt,9.1,0.94,0.63,0,0,1693.2,1.04,1
36,revenge_tilt,500.5,0.89,0.95,0,1,-1072.96,3.18,0
36,revenge_tilt,178.7,1.49,1.67,1,2,-829.35,4.83,0
36,revenge_tilt,179.4,0.82,0.55,0,0,2120.09,0.6,0
36,revenge_tilt,121.9,0.85,1.04,0,1,-773.52,2.14,0
36,revenge_tilt,679.2,1.0,1.17,0,0,1246.29,0.0,0
36,revenge_tilt,136.7,1.18,1.18,1,0,1116.02,0.0,0
36,revenge_tilt,462.9,0.81,0.68,1,0,1346.75,0.0,0
36,revenge_tilt,607.2,1.15,1.42,1,1,-681.98,1.29,0
36,revenge_tilt,540.3,1.01,0.88,0,0,1534.96,0.0,0
36,revenge_tilt,1268.0,1.11,1.1,0,0,1428.47,0.0,0
36,revenge_tilt,5.3,0.98,0.89,1,0,1382.59,0.0,0
36,revenge_tilt,277.3,0.87,0.88,0,1,-881.22,1.56,0
36,revenge_tilt,39.3,0.89,1.02,0,0,990.08,0.0,0
36,revenge_tilt,102.4,1.01,1.14,1,1,-828.03,1.47,0
36,revenge_tilt,3.8,1.0,0.98,0,0,1114.67,0.0,0
36,revenge_tilt,377.1,1.02,1.02,1,1,-986.05,1.74,1
36,revenge_tilt,64.6,1.27,1.25,0,2,-973.84,3.45,0
36,revenge_tilt,114.5,1.12,0.88,1,0,1432.89,0.93,0
36,revenge_tilt,165.1,1.18,1.06,0,0,1523.76,0.0,0
36,revenge_tilt,304.4,1.2,1.01,0,0,1616.22,0.0,0
36,revenge_tilt,6.5,0.84,0.7,0,1,-1329.7,2.24,0
36,revenge_tilt,92.9,0.93,1.1,0,0,1029.68,0.51,0
36,revenge_tilt,3.8,0.85,0.92,0,0,991.89,0.0,0
36,revenge_tilt,112.5,1.01,1.2,1,1,-804.38,1.34,0
36,revenge_tilt,8.2,1.43,1.41,1,2,-1026.62,3.05,1
36,revenge_tilt,3.3,0.95,0.66,1,3,-1594.42,5.7,1
36,revenge_tilt,5.5,1.03,1.09,0,4,-1024.41,7.4,1
36,revenge_tilt,617.6,0.89,0.86,0,0,1095.74,5.58,0
36,revenge_tilt,493.6,1.91,2.14,0,1,-1067.78,7.36,0
36,revenge_tilt,22.1,2.63,1.38,1,2,-1848.85,10.43,1
36,revenge_tilt,464.1,1.36,0.52,0,3,-2260.2,14.2,0
36,revenge_tilt,270.5,0.96,0.71,0,0,1741.91,11.3,0
36,revenge_tilt,783.0,0.84,0.87,0,1,-889.21,12.78,0
36,revenge_tilt,83.1,0.87,1.04,0,0,988.0,11.13,0
36,revenge_tilt,523.4,0.97,1.11,0,1,-820.88,12.5,0
36,revenge_tilt,450.0,1.48,1.54,1,2,-845.01,13.9,0
36,revenge_tilt,49.1,2.77,1.87,1,3,-1213.53,15.92,1
36,revenge_tilt,1031.2,1.15,0.41,1,0,3462.76,10.16,0
36,revenge_tilt,5.4,0.96,0.84,0,1,-1064.88,11.93,1
36,revenge_tilt,776.1,2.91,3.03,1,2,-1116.37,13.79,1
36,revenge_tilt,526.2,2.8,0.96,1,3,-2875.91,18.58,1
36,revenge_tilt,0.7,3.54,1.27,1,4,-2475.67,22.7,1
36,revenge_tilt,0.3,1.36,0.38,1,5,-3743.97,28.93,1
36,revenge_tilt,291.4,1.29,0.95,0,6,-1511.76,31.44,0
36,revenge_tilt,294.7,2.83,2.19,1,7,-1083.86,33.25,1
36,revenge_tilt,212.8,0.88,0.31,0,0,2915.54,28.39,0
36,revenge_tilt,42.0,0.85,0.97,1,1,-786.61,29.7,1
36,revenge_tilt,16.1,2.53,2.99,1,2,-808.43,31.05,1
36,revenge_tilt,16.9,2.16,0.85,1,3,-2955.75,35.97,1
36,revenge_tilt,12.1,2.94,1.36,1,4,-1848.82,39.04,1
36,revenge_tilt,46.8,1.38,0.47,1,5,-3204.71,44.38,0
36,revenge_tilt,40.2,1.13,0.82,0,6,-1650.62,47.12,1
36,revenge_tilt,2.4,1.99,1.77,0,0,1301.87,44.96,1
36,revenge_tilt,952.9,1.17,0.59,0,1,-1615.03,47.64,0
36,revenge_tilt,491.4,0.86,0.74,0,0,1238.27,45.58,0
36,revenge_tilt,321.1,0.92,1.06,0,0,897.53,44.09,0
36,revenge_tilt,1094.5,0.96,1.04,0,1,-1004.22,45.76,0
36,revenge_tilt,13.7,1.32,1.38,0,2,-873.19,47.21,1
36,revenge_tilt,2.5,3.26,2.47,1,3,-1428.29,49.59,1
36,revenge_tilt,271.1,1.15,0.35,1,0,3878.91,43.14,0
36,revenge_tilt,2.1,1.12,0.98,1,0,1162.86,41.2,1
36,revenge_tilt,1317.2,1.03,0.92,0,0,1362.26,38.93,0
36,revenge_tilt,83.9,0.91,0.89,0,0,1391.41,36.62,0
36,revenge_tilt,19.5,1.12,1.22,1,1,-926.47,38.16,1
36,revenge_tilt,48.4,3.41,3.05,1,2,-1059.01,39.92,1
36,revenge_tilt,25.5,2.84,0.83,1,3,-3176.92,45.21,1
36,revenge_tilt,22.9,3.77,1.33,1,4,-2722.24,49.74,1
36,revenge_tilt,172.7,0.8,0.21,1,0,3903.28,43.24,0
36,revenge_tilt,530.9,1.14,1.42,0,0,911.7,41.73,1
36,revenge_tilt,219.9,0.93,0.81,0,0,1195.43,39.74,0
36,revenge_tilt,331.4,1.05,1.13,1,0,1216.68,37.71,0
36,revenge_tilt,212.9,1.17,1.11,0,0,1226.19,35.67,1
36,revenge_tilt,19.6,0.97,0.83,0,0,1371.77,33.39,1
36,revenge_tilt,31.7,1.02,1.05,0,1,-863.93,34.83,1
36,revenge_tilt,51.3,0.82,0.8,0,0,1126.51,32.95,0
36,revenge_tilt,90.4,0.81,0.99,1,1,-974.25,34.57,0
36,revenge_tilt,33.3,2.17,2.66,1,2,-833.97,35.96,1
36,revenge_tilt,240.1,1.2,0.55,0,0,2378.61,32.0,0
36,revenge_tilt,167.7,0.92,0.77,0,0,1770.28,29.06,0
36,revenge_tilt,161.4,0.98,1.07,1,1,-899.98,30.56,0
36,revenge_tilt,134.2,1.42,1.44,1,2,-935.55,32.11,0
36,revenge_tilt,37.5,3.07,2.16,0,3,-1581.45,34.74,1
36,revenge_tilt,48.5,1.95,0.63,1,4,-3151.91,39.99,1
36,revenge_tilt,34.8,2.03,1.04,1,5,-1588.87,42.63,1
36,revenge_tilt,5.2,3.48,1.71,1,6,-2226.21,46.34,1
36,revenge_tilt,1307.7,1.11,0.32,0,0,4034.98,39.62,0
36,revenge_tilt,671.2,1.07,0.96,1,1,-1165.77,41.56,0
36,revenge_tilt,15.1,1.81,1.69,1,2,-1016.21,43.25,1
36,revenge_tilt,19.4,3.68,2.03,1,3,-1578.05,45.88,1
36,revenge_tilt,190.2,1.1,0.3,0,4,-3151.78,51.12,0
36,revenge_tilt,16.8,3.0,2.73,1,5,-993.54,52.78,1
36,revenge_tilt,1465.6,1.12,0.37,0,0,4406.35,45.45,0
36,revenge_tilt,463.7,1.08,0.96,1,0,1467.54,43.0,0
36,revenge_tilt,218.7,0.85,0.78,0,1,-1229.78,45.05,0
36,revenge_tilt,2.8,1.25,1.47,1,2,-913.69,46.57,1
36,revenge_tilt,228.6,0.94,0.76,1,3,-1227.43,48.61,0
36,revenge_tilt,195.3,1.03,1.09,0,0,1036.7,46.89,0
36,revenge_tilt,385.2,0.85,0.82,0,1,-1232.68,48.94,0
36,revenge_tilt,21.4,2.19,2.58,1,2,-799.81,50.27,1
36,revenge_tilt,687.3,1.01,0.46,1,0,2871.87,45.49,0
36,revenge_tilt,1314.3,0.81,0.8,0,0,1426.67,43.12,0
36,revenge_tilt,75.4,0.96,1.19,0,0,944.26,41.55,0
36,revenge_tilt,715.2,1.05,1.09,1,1,-859.53,42.98,0
36,revenge_tilt,1264.4,1.08,1.03,0,0,1213.7,40.96,0
36,revenge_tilt,37.3,1.0,0.93,0,0,1516.09,38.43,1
36,revenge_tilt,13.0,0.92,0.92,0,1,-1027.47,40.14,1
36,revenge_tilt,1803.9,1.19,1.3,0,0,1017.93,38.45,0
36,revenge_tilt,19.4,1.2,1.01,1,0,1245.15,36.38,1
36,revenge_tilt,191.7,1.03,0.86,0,1,-1220.35,38.41,0
36,revenge_tilt,79.7,3.67,3.57,1,2,-1159.83,40.34,1
36,revenge_tilt,304.7,1.03,0.28,0,0,5453.65,31.26,0
36,revenge_tilt,95.2,1.1,1.07,0,0,1116.15,29.41,0
36,revenge_tilt,327.5,1.13,1.03,0,1,-1186.34,31.38,0
36,revenge_tilt,1349.3,0.87,0.77,0,0,1480.12,28.92,0
36,revenge_tilt,897.8,1.18,1.36,0,1,-925.96,30.46,0
36,revenge_tilt,388.0,1.18,1.0,0,0,1561.16,27.86,0
36,revenge_tilt,24.0,1.16,0.98,0,1,-1368.22,30.14,1
36,revenge_tilt,6.7,3.36,2.89,1,2,-974.77,31.76,1
36,revenge_tilt,9.4,2.82,0.84,1,3,-3312.97,37.27,1
36,revenge_tilt,168.1,1.11,0.39,1,0,3152.64,32.03,0
36,revenge_tilt,775.2,0.96,0.86,0,0,1649.8,29.28,0
36,revenge_tilt,455.2,1.08,1.13,0,1,-1087.57,31.09,0
36,revenge_tilt,990.9,0.97,0.9,0,0,1401.08,28.76,0
36,revenge_tilt,131.6,1.05,1.08,0,1,-801.03,30.09,0
36,revenge_tilt,281.9,1.0,0.95,0,0,1503.97,27.59,0
36,revenge_tilt,239.5,1.95,1.95,0,1,-915.99,29.11,1
36,revenge_tilt,138.9,0.97,0.5,0,0,2524.49,24.91,0
36,revenge_tilt,2546.6,1.08,1.11,0,0,1251.76,22.83,0
36,revenge_tilt,640.6,1.2,1.11,0,1,-1190.42,24.81,0
36,revenge_tilt,23.0,3.33,2.78,1,2,-1043.06,26.55,1
36,revenge_tilt,97.7,1.08,0.32,0,0,4593.41,18.9,0
36,revenge_tilt,895.2,1.06,0.98,0,0,1523.28,16.37,0
36,revenge_tilt,201.9,1.04,0.98,0,1,-971.5,17.98,0
36,revenge_tilt,266.5,1.14,1.09,1,2,-1129.1,19.86,0
36,revenge_tilt,4.4,2.39,2.1,1,3,-956.94,21.46,1
36,revenge_tilt,176.3,0.97,0.4,0,0,3081.79,16.33,0
36,revenge_tilt,329.6,0.81,0.84,1,0,1220.9,14.3,0
36,revenge_tilt,1.4,0.94,1.17,1,1,-934.92,15.85,1
36,revenge_tilt,502.4,1.16,1.23,0,0,1029.59,14.14,0
36,revenge_tilt,372.3,1.09,0.94,0,0,1543.11,11.57,0
36,revenge_tilt,384.5,1.11,1.01,0,0,1336.8,9.35,0
36,revenge_tilt,340.6,0.86,0.78,0,1,-1308.31,11.52,0
37,revenge_tilt,69.5,1.0,1.0,0,0,0.0,0.0,0
37,revenge_tilt,194.1,1.05,1.05,0,1,-1200.52,2.4,1
37,revenge_tilt,156.8,1.05,1.0,1,2,-1237.15,4.88,0
37,revenge_tilt,170.4,0.99,0.95,0,0,1271.48,2.33,0
37,revenge_tilt,280.2,1.01,1.02,1,0,1209.82,0.0,0
37,revenge_tilt,211.6,1.04,1.03,1,0,1409.17,0.0,0
37,revenge_tilt,313.8,0.91,0.88,1,1,-1224.85,2.38,0
37,revenge_tilt,1042.6,0.94,1.03,0,0,981.71,0.47,0
37,revenge_tilt,42.8,1.82,1.94,0,1,-783.62,2.0,0
37,revenge_tilt,55.0,3.62,1.99,1,2,-1666.7,5.23,1
37,revenge_tilt,261.6,1.07,0.29,0,0,4176.34,0.0,0
37,revenge_tilt,146.4,1.07,1.0,1,1,-1229.31,2.32,0
37,revenge_tilt,117.2,1.14,1.07,1,0,1406.38,0.0,0
37,revenge_tilt,125.8,0.98,0.85,0,0,1706.43,0.0,0
37,revenge_tilt,540.8,0.87,0.89,0,0,1268.41,0.0,0
37,revenge_tilt,1470.8,1.08,1.25,0,0,1291.49,0.0,0
37,revenge_tilt,372.2,0.82,0.76,0,0,1416.75,0.0,0
37,revenge_tilt,11.1,1.03,1.24,0,0,1096.03,0.0,0
37,revenge_tilt,691.5,1.16,1.13,0,0,1423.95,0.0,0
37,revenge_tilt,149.1,1.08,0.93,0,1,-1124.97,1.83,0
37,revenge_tilt,211.6,0.98,0.91,0,0,1564.54,0.0,0
37,revenge_tilt,123.4,1.01,1.03,1,1,-1067.46,1.73,0
37,revenge_tilt,65.9,0.87,0.87,1,0,1313.09,0.0,0
37,revenge_tilt,409.0,0.82,0.94,1,1,-722.62,1.17,0
37,revenge_tilt,87.9,3.71,4.53,1,2,-790.62,2.44,1
37,revenge_tilt,15.1,3.33,0.9,1,3,-3258.05,7.7,1
37,revenge_tilt,166.7,1.11,0.33,0,0,3966.34,1.3,0
37,revenge_tilt,538.0,1.15,1.04,1,0,1428.7,0.0,0
37,revenge_tilt,38.7,0.98,0.85,1,1,-931.45,1.49,0
37,revenge_tilt,13.2,3.78,3.87,0,2,-985.51,3.06,1
37,revenge_tilt,1.1,2.72,0.72,1,3,-3527.92,8.69,1
37,revenge_tilt,59.7,0.97,0.36,0,0,3717.73,2.76,0
37,revenge_tilt,314.6,0.83,0.85,1,1,-805.55,4.04,0
37,revenge_tilt,41.5,1.19,1.44,1,0,1166.26,2.18,0
37,revenge_tilt,54.8,0.95,0.79,0,0,1699.36,0.0,0
37,revenge_tilt,702.8,0.92,0.97,0,0,1282.71,0.0,0
37,revenge_tilt,68.0,0.89,0.96,0,1,-1050.65,1.64,0
37,revenge_tilt,8.8,3.64,4.11,1,2,-1010.65,3.21,1
37,revenge_tilt,46.7,1.14,0.31,1,3,-3039.78,7.94,0
37,revenge_tilt,542.6,1.11,0.97,1,0,1158.19,6.14,0
37,revenge_tilt,103.2,1.16,1.05,0,0,1614.68,3.62,0
37,revenge_tilt,298.9,1.15,0.99,0,1,-1014.38,5.2,0
37,revenge_tilt,1158.1,1.1,0.96,0,0,1559.91,2.78,0
37,revenge_tilt,57.3,1.04,0.94,0,0,1299.93,0.75,0
37,revenge_tilt,710.6,0.84,0.81,1,0,1269.5,0.0,0
37,revenge_tilt,8.4,0.89,1.06,1,0,843.3,0.0,0
37,revenge_tilt,983.9,1.1,1.24,0,1,-724.55,1.1,0
37,revenge_tilt,397.3,1.13,1.03,0,0,1524.0,0.0,0
37,revenge_tilt,981.3,1.12,0.99,0,1,-1028.72,1.54,0
37,revenge_tilt,1219.4,1.03,0.92,1,0,1201.16,0.0,0
37,revenge_tilt,194.9,1.11,1.08,0,0,1417.45,0.0,0
37,revenge_tilt,884.1,0.87,0.78,0,0,1546.45,0.0,0
37,revenge_tilt,1142.8,0.97,1.11,0,1,-928.98,1.33,0
37,revenge_tilt,10.5,1.48,1.54,1,2,-1131.78,2.95,1
37,revenge_tilt,157.9,1.1,0.74,1,0,1556.86,0.72,0
37,revenge_tilt,620.0,0.84,0.76,0,1,-1079.31,2.27,0
37,revenge_tilt,44.7,1.14,1.36,0,0,1011.77,0.82,0
37,revenge_tilt,338.9,1.16,1.02,1,1,-1295.42,2.67,0
37,revenge_tilt,1.8,3.41,2.94,1,2,-1088.26,4.23,1
37,revenge_tilt,244.6,1.17,0.34,0,0,3842.48,0.0,0
37,revenge_tilt,169.8,1.1,0.94,0,1,-1178.1,1.67,0
37,revenge_tilt,184.7,1.4,1.27,1,2,-1088.74,3.21,0
37,revenge_tilt,8.0,0.93,0.67,1,3,-1390.36,5.17,1
37,revenge_tilt,10.1,2.16,2.31,1,4,-983.39,6.56,1
37,revenge_tilt,82.2,1.51,0.7,0,0,2587.07,2.9,0
37,revenge_tilt,152.0,0.95,0.63,0,0,2108.24,0.0,0
37,revenge_tilt,24.7,1.18,1.24,0,1,-815.7,1.15,0
37,revenge_tilt,522.6,1.16,0.98,0,0,1557.3,0.0,0
37,revenge_tilt,117.2,1.14,0.99,0,1,-979.92,1.37,0
37,revenge_tilt,217.6,2.66,2.33,0,2,-919.54,2.66,1
37,revenge_tilt,184.2,3.54,1.33,1,3,-2467.45,6.11,1
37,revenge_tilt,83.5,1.41,0.4,0,4,-3360.27,10.81,0
37,revenge_tilt,3.3,3.66,2.59,0,5,-1337.21,12.68,1
37,revenge_tilt,21.8,1.04,0.28,1,6,-4388.95,18.82,1
37,revenge_tilt,509.6,3.71,3.57,1,7,-1246.03,20.56,1
37,revenge_tilt,97.1,3.8,1.02,1,8,-3182.3,25.01,1
37,revenge_tilt,65.3,2.68,0.71,0,9,-3297.99,29.63,1
37,revenge_tilt,79.2,1.19,0.45,1,0,3206.86,25.14,0
37,revenge_tilt,35.8,1.16,0.97,0,0,1762.37,22.68,1
37,revenge_tilt,182.7,1.06,0.92,0,1,-1302.23,24.5,0
37,revenge_tilt,4.4,1.06,0.99,0,0,1534.41,22.35,1
37,revenge_tilt,361.9,1.01,0.96,1,0,1084.57,20.83,0
37,revenge_tilt,1175.8,0.9,0.89,1,1,-912.97,22.11,0
37,revenge_tilt,329.1,1.04,1.15,0,0,1180.94,20.46,0
37,revenge_tilt,139.9,0.98,0.95,0,0,1377.55,18.53,0
37,revenge_tilt,209.3,1.04,1.06,0,0,1010.01,17.12,0
37,revenge_tilt,1353.9,0.81,0.78,0,1,-1201.08,18.8,0
37,revenge_tilt,5.9,2.68,3.29,1,2,-822.14,19.95,1
37,revenge_tilt,267.6,1.85,0.69,1,3,-2215.81,23.05,1
37,revenge_tilt,81.4,3.95,2.14,1,4,-2011.73,25.86,1
37,revenge_tilt,9.1,3.8,0.96,1,5,-3252.37,30.41,1
37,revenge_tilt,34.5,2.58,0.68,1,6,-3800.28,35.73,1
37,revenge_tilt,4.7,0.93,0.36,0,0,2585.14,32.11,1
37,revenge_tilt,121.3,1.07,1.15,0,1,-913.7,33.39,0
37,revenge_tilt,458.5,1.93,1.8,1,2,-1124.86,34.96,1
37,revenge_tilt,21.8,1.0,0.52,0,0,2585.69,31.35,1
37,revenge_tilt,1.6,1.16,1.15,1,0,1360.71,29.44,1
37,revenge_tilt,299.9,0.92,0.8,0,1,-937.47,30.75,0
37,revenge_tilt,50.8,1.05,1.14,1,0,1254.82,29.0,0
37,revenge_tilt,36.8,1.02,0.97,1,0,1298.37,27.18,1
37,revenge_tilt,333.1,0.82,0.81,1,1,-908.53,28.45,0
37,revenge_tilt,299.4,0.83,1.01,0,0,982.07,27.08,0
37,revenge_tilt,734.8,0.98,1.18,0,0,1017.13,25.66,0
37,revenge_tilt,892.9,0.87,0.89,0,0,1174.66,24.01,0
37,revenge_tilt,245.7,0.8,0.92,1,0,1029.98,22.57,1
37,revenge_tilt,318.1,1.01,1.26,0,1,-748.87,23.62,0
37,revenge_tilt,57.9,2.92,2.9,1,2,-809.01,24.75,1
37,revenge_tilt,30.6,1.0,0.34,1,3,-2846.67,28.73,1
37,revenge_tilt,3.5,2.84,2.85,1,4,-805.55,29.86,1
37,revenge_tilt,953.5,0.92,0.32,1,0,4087.15,24.14,0
37,revenge_tilt,69.1,1.04,1.13,0,1,-914.67,25.42,0
37,revenge_tilt,344.1,0.87,0.83,0,0,1082.27,23.91,0
37,revenge_tilt,196.8,0.88,1.0,0,1,-766.0,24.98,0
37,revenge_tilt,177.8,1.02,1.17,1,2,-778.85,26.07,0
37,revenge_tilt,10.2,2.87,2.81,1,3,-975.58,27.44,1
37,revenge_tilt,12.8,1.19,0.42,1,4,-2316.59,30.68,1
37,revenge_tilt,25.0,2.23,1.87,1,5,-1078.36,32.18,1
37,revenge_tilt,284.9,1.19,0.53,0,6,-2407.78,35.55,0
37,revenge_tilt,7.8,1.07,0.9,0,0,1258.17,33.79,1
37,revenge_tilt,26.2,1.07,1.0,0,0,1416.46,31.81,1
37,revenge_tilt,73.2,1.09,1.02,1,1,-930.46,33.11,0
37,revenge_tilt,664.1,0.96,0.88,0,0,1466.45,31.06,0
37,revenge_tilt,1368.2,1.19,1.24,0,0,1433.49,29.06,0
37,revenge_tilt,30.4,1.68,1.41,1,0,1540.44,26.9,1
37,revenge_tilt,15.4,1.05,0.63,0,0,2391.61,23.56,1
37,revenge_tilt,733.2,0.81,0.78,0,1,-1050.08,25.02,0
37,revenge_tilt,395.0,0.86,1.06,0,0,1153.33,23.41,0
37,revenge_tilt,503.8,1.03,1.2,0,0,1268.15,21.64,0
37,revenge_tilt,644.6,1.71,1.65,0,0,1403.85,19.67,0
37,revenge_tilt,245.8,1.02,0.6,0,1,-1674.96,22.02,0
37,revenge_tilt,83.5,1.14,1.12,1,0,1314.95,20.18,0
37,revenge_tilt,134.8,0.86,0.75,0,1,-1324.74,22.03,0
37,revenge_tilt,19.6,2.5,2.93,1,2,-1011.5,23.45,1
37,revenge_tilt,20.4,0.91,0.36,1,3,-2107.61,26.39,1
37,revenge_tilt,93.4,2.71,2.99,1,4,-792.15,27.5,1
37,revenge_tilt,434.8,1.05,0.39,1,0,3308.16,22.87,0
37,revenge_tilt,154.6,1.04,0.99,1,0,1352.27,20.98,0
37,revenge_tilt,560.4,1.08,1.04,0,0,1287.29,19.18,0
37,revenge_tilt,1656.2,1.17,1.08,0,1,-1178.42,20.83,0
37,revenge_tilt,17.7,1.29,1.1,0,2,-992.17,22.22,1
37,revenge_tilt,15.1,3.91,3.03,1,3,-1141.76,23.81,1
37,revenge_tilt,436.2,0.98,0.25,0,0,4818.78,17.07,0
37,revenge_tilt,308.8,0.92,0.94,0,0,1315.06,15.23,0
37,revenge_tilt,146.3,0.89,0.96,0,1,-770.77,16.31,0
37,revenge_tilt,185.5,1.37,1.54,1,2,-978.67,17.68,0
37,revenge_tilt,16.8,3.98,2.92,1,3,-1145.94,19.28,1
37,revenge_tilt,21.3,1.08,0.27,0,0,4701.82,12.71,1
37,revenge_tilt,117.0,0.98,0.91,1,0,1227.31,10.99,0
37,revenge_tilt,236.4,0.82,0.84,0,0,1173.07,9.35,0
37,revenge_tilt,42.0,0.89,1.09,0,1,-976.81,10.72,1
38,revenge_tilt,430.9,1.01,1.01,0,0,0.0,0.0,0
38,revenge_tilt,1127.7,1.09,1.08,1,0,1342.02,0.0,0
38,revenge_tilt,1679.5,1.06,0.97,0,1,-1281.36,2.5,0
38,revenge_tilt,1201.2,0.95,0.89,0,0,1106.38,0.34,0
38,revenge_tilt,15.4,0.98,1.03,0,1,-1098.28,2.48,0
38,revenge_tilt,34.2,3.89,3.99,1,2,-1157.22,4.73,1
38,revenge_tilt,22.7,3.71,0.95,1,3,-3162.86,10.89,1
38,revenge_tilt,212.6,1.1,0.3,0,0,3927.81,3.24,0
38,revenge_tilt,571.9,1.1,1.0,1,1,-1045.54,5.28,0
38,revenge_tilt,45.5,2.1,1.91,1,2,-900.97,7.04,1
38,revenge_tilt,144.5,1.18,0.56,0,0,2814.1,1.55,0
38,revenge_tilt,237.0,1.03,0.87,0,1,-1400.03,4.28,0
38,revenge_tilt,982.7,0.8,0.78,1,0,1316.01,1.72,0
38,revenge_tilt,68.7,0.89,1.11,0,1,-669.25,3.02,0
38,revenge_tilt,1041.5,0.9,1.01,0,0,1122.77,0.83,0
38,revenge_tilt,304.2,0.88,0.98,0,0,961.49,0.0,0
38,revenge_tilt,151.0,0.83,0.95,0,0,908.12,0.0,0
38,revenge_tilt,244.6,0.92,1.11,0,0,1142.51,0.0,0
38,revenge_tilt,488.7,1.03,1.12,1,1,-1060.17,1.97,0
38,revenge_tilt,25.1,1.31,1.27,1,2,-855.62,3.55,1
38,revenge_tilt,317.4,0.82,0.62,0,0,1432.6,0.9,0
38,revenge_tilt,512.0,1.08,1.32,1,1,-891.4,2.55,0
38,revenge_tilt,51.7,0.86,0.8,0,0,1395.11,0.0,0
38,revenge_tilt,1154.8,0.85,0.98,0,1,-962.95,1.79,0
38,revenge_tilt,59.1,1.0,1.18,0,0,1071.02,0.0,0
38,revenge_tilt,146.9,1.2,1.2,0,0,1432.01,0.0,0
38,revenge_tilt,462.6,1.18,0.98,1,1,-1363.94,2.46,0
38,revenge_tilt,53.2,2.35,2.0,1,2,-1074.23,4.39,1
38,revenge_tilt,28.8,1.37,0.58,0,3,-2291.95,8.52,1
38,revenge_tilt,225.5,0.91,0.67,1,0,1981.28,4.95,0
38,revenge_tilt,1237.0,1.03,1.13,1,0,1182.79,2.82,0
38,revenge_tilt,768.5,1.95,1.9,0,0,1297.58,0.48,0
38,revenge_tilt,146.5,1.09,0.56,0,1,-1948.76,4.0,0
38,revenge_tilt,184.3,0.88,0.8,0,0,1265.17,1.72,0
38,revenge_tilt,138.5,0.9,1.03,0,0,1099.72,0.0,0
38,revenge_tilt,3.5,1.04,1.15,0,0,1095.14,0.0,0
38,revenge_tilt,476.8,1.07,1.03,0,1,-1193.43,2.1,0
38,revenge_tilt,45.3,2.16,2.03,1,2,-1002.97,3.87,1
38,revenge_tilt,272.8,1.38,0.64,1,3,-1973.36,7.35,0
38,revenge_tilt,231.7,1.13,0.82,0,0,1663.52,4.42,0
38,revenge_tilt,228.2,0.82,0.73,0,1,-1095.32,6.35,0
38,revenge_tilt,2.4,2.23,2.72,1,2,-785.24,7.73,1
38,revenge_tilt,25.9,2.58,1.16,0,3,-1982.79,11.23,1
38,revenge_tilt,988.3,0.87,0.34,0,0,3747.23,4.62,0
38,revenge_tilt,397.1,0.99,1.13,0,1,-1028.03,6.43,0
38,revenge_tilt,864.0,1.16,1.18,0,0,1138.92,4.43,0
38,revenge_tilt,487.7,0.99,0.85,0,0,1207.04,2.3,0
38,revenge_tilt,321.8,1.18,1.2,0,0,1330.2,0.0,0
38,revenge_tilt,1607.9,1.17,0.99,0,0,1209.1,0.0,0
38,revenge_tilt,532.8,1.04,0.89,1,1,-1333.64,2.3,0
38,revenge_tilt,64.3,3.64,3.49,1,2,-1139.34,4.27,1
38,revenge_tilt,205.1,0.85,0.23,0,0,4934.14,0.0,0
38,revenge_tilt,585.7,1.03,1.22,0,0,1207.45,0.0,0
38,revenge_tilt,1198.7,0.95,0.92,0,0,1071.98,0.0,0
38,revenge_tilt,227.0,0.85,0.9,1,1,-1114.84,1.78,0
38,revenge_tilt,134.6,2.23,2.62,1,2,-938.15,3.27,1
38,revenge_tilt,4.3,1.11,0.5,1,3,-2179.81,6.75,1
38,revenge_tilt,56.1,3.45,3.11,1,4,-1276.99,8.79,1
38,revenge_tilt,50.4,1.99,0.58,0,5,-3251.94,13.97,1
38,revenge_tilt,90.2,3.16,1.59,1,6,-1659.47,16.62,1
38,revenge_tilt,38.8,3.66,1.16,0,7,-3022.83,21.44,1
38,revenge_tilt,1.0,3.89,1.06,1,8,-3782.03,27.47,1
38,revenge_tilt,390.6,0.97,0.25,0,0,5381.24,18.89,0
38,revenge_tilt,968.0,1.08,1.12,1,1,-870.37,20.28,0
38,revenge_tilt,472.3,1.04,0.97,1,0,1577.32,17.76,0
38,revenge_tilt,337.9,0.86,0.83,1,1,-1148.05,19.59,0
38,revenge_tilt,1233.2,1.08,1.26,1,0,1291.78,17.53,0
38,revenge_tilt,179.0,1.13,1.05,0,1,-1130.26,19.34,0
38,revenge_tilt,4.2,1.04,0.91,1,2,-1279.99,21.38,1
38,revenge_tilt,127.8,0.98,0.95,1,0,1152.63,19.54,0
38,revenge_tilt,332.7,1.06,1.08,0,0,1290.33,17.48,0
38,revenge_tilt,45.1,0.92,0.88,0,0,1495.98,15.1,0
38,revenge_tilt,7.9,1.97,2.13,1,1,-920.36,16.56,0
38,revenge_tilt,49.8,3.8,1.93,1,2,-2208.97,20.09,1
38,revenge_tilt,11.2,3.81,1.0,1,3,-4341.4,27.01,1
38,revenge_tilt,13.2,0.89,0.23,0,0,5667.2,17.97,1
38,revenge_tilt,38.4,1.07,1.2,0,0,981.38,16.41,1
38,revenge_tilt,5.9,1.1,1.03,0,1,-1267.56,18.43,1
38,revenge_tilt,17.9,3.88,3.53,1,2,-1000.52,20.02,1
38,revenge_tilt,142.1,0.93,0.24,0,0,5494.28,11.26,0
38,revenge_tilt,433.7,0.92,0.99,1,1,-787.99,12.52,0
38,revenge_tilt,92.5,1.08,1.17,1,0,1192.18,10.62,0
38,revenge_tilt,512.4,0.91,0.84,0,0,1501.5,8.22,0
38,revenge_tilt,692.9,1.03,1.14,1,1,-760.57,9.44,0
38,revenge_tilt,441.9,2.88,2.78,1,2,-1196.66,11.34,1
38,revenge_tilt,21.9,1.04,0.36,1,0,3052.66,6.48,1
38,revenge_tilt,246.3,0.94,0.91,0,1,-1215.01,8.41,0
38,revenge_tilt,315.8,1.48,1.57,1,2,-949.94,9.93,0
38,revenge_tilt,198.7,3.28,2.22,1,3,-1306.39,12.01,1
38,revenge_tilt,41.6,1.18,0.36,0,0,3291.41,6.76,0
38,revenge_tilt,1109.0,0.83,0.7,0,0,1406.17,4.52,0
38,revenge_tilt,1494.5,1.15,1.38,0,1,-882.59,5.93,0
38,revenge_tilt,10.8,0.83,0.73,0,0,1183.69,4.04,0
38,revenge_tilt,638.2,1.18,1.41,0,0,1212.65,2.11,0
38,revenge_tilt,1222.6,1.07,0.91,0,0,1717.93,0.0,0
38,revenge_tilt,538.5,0.97,0.91,1,1,-1220.62,1.93,0
38,revenge_tilt,186.0,1.01,1.04,0,0,1098.94,0.19,0
38,revenge_tilt,119.4,1.05,1.04,0,1,-1058.86,1.87,0
38,revenge_tilt,88.0,1.14,1.09,1,0,1071.98,0.17,0
38,revenge_tilt,179.9,1.16,1.02,1,1,-1314.93,2.26,0
38,revenge_tilt,16.3,1.24,1.07,1,2,-1116.72,4.03,1
38,revenge_tilt,12.4,1.35,1.08,1,3,-1242.82,6.0,1
38,revenge_tilt,62.4,1.29,0.96,1,4,-1443.9,8.28,0
38,revenge_tilt,235.1,0.96,0.75,1,0,1819.69,5.4,0
38,revenge_tilt,711.8,1.15,1.2,0,1,-1012.18,7.0,0
38,revenge_tilt,87.8,2.6,2.27,1,2,-1299.87,9.06,1
38,revenge_tilt,3.7,2.71,1.04,0,3,-2970.94,13.77,1
38,revenge_tilt,25.3,2.43,0.9,1,4,-2686.18,18.03,1
38,revenge_tilt,36.9,1.83,0.75,1,5,-2581.54,22.12,1
38,revenge_tilt,789.7,1.2,0.65,0,0,2735.12,17.79,0
38,revenge_tilt,283.6,0.86,0.72,0,0,1212.86,15.86,0
38,revenge_tilt,370.4,0.91,1.05,0,0,988.42,14.3,0
38,revenge_tilt,130.3,0.92,1.01,0,1,-861.12,15.66,0
38,revenge_tilt,1.3,0.84,0.91,0,0,942.74,14.17,1
38,revenge_tilt,370.6,1.15,1.37,0,1,-893.61,15.58,0
38,revenge_tilt,222.1,0.97,0.84,0,0,1523.96,13.17,0
38,revenge_tilt,283.2,1.11,1.15,0,0,1354.29,11.02,0
38,revenge_tilt,284.8,1.55,1.4,0,0,1245.92,9.05,0
38,revenge_tilt,64.3,0.86,0.55,0,1,-1239.88,11.01,0
38,revenge_tilt,371.5,1.09,1.28,0,0,1129.08,9.22,0
38,revenge_tilt,166.1,0.88,0.81,0,1,-1169.54,11.08,1
38,revenge_tilt,75.0,2.07,2.34,1,2,-980.35,12.63,1
38,revenge_tilt,450.0,0.8,0.39,0,0,2478.74,8.7,0
38,revenge_tilt,677.5,1.11,1.38,0,0,1109.93,6.94,0
38,revenge_tilt,606.3,1.93,1.73,1,0,1363.1,4.78,0
38,revenge_tilt,790.7,1.15,0.6,0,1,-2284.02,8.4,0
38,revenge_tilt,128.0,1.85,1.61,0,2,-1041.26,10.05,1
38,revenge_tilt,32.0,2.55,1.38,0,3,-1641.51,12.65,1
38,revenge_tilt,45.2,1.13,0.44,0,0,3184.45,7.61,0
38,revenge_tilt,1031.4,0.94,0.83,0,1,-1326.62,9.71,0
38,revenge_tilt,128.1,1.04,1.11,0,0,1204.73,7.8,0
38,revenge_tilt,673.8,1.13,1.09,0,1,-927.65,9.27,0
38,revenge_tilt,430.0,1.02,0.9,1,0,1423.0,7.02,0
38,revenge_tilt,126.7,1.15,1.13,0,1,-1089.2,8.74,0
38,revenge_tilt,2.1,3.18,2.76,1,2,-1019.27,10.36,1
38,revenge_tilt,6.0,2.72,0.86,1,3,-3425.2,15.79,1
38,revenge_tilt,150.1,0.96,0.35,0,0,3272.41,10.6,0
38,revenge_tilt,356.3,1.16,1.21,0,0,1060.15,8.92,0
38,revenge_tilt,228.1,1.04,0.9,0,0,1356.66,6.77,0
38,revenge_tilt,91.9,1.16,1.11,0,0,1130.6,4.98,0
38,revenge_tilt,452.7,1.06,0.92,0,0,1377.25,2.8,0
38,revenge_tilt,296.7,1.09,1.03,1,0,1474.56,0.46,0
38,revenge_tilt,335.9,0.85,0.77,0,0,1555.62,0.0,0
38,revenge_tilt,68.1,1.01,1.2,1,1,-766.43,1.19,0
38,revenge_tilt,241.9,0.99,0.97,0,0,1481.66,0.0,0
38,revenge_tilt,411.1,0.97,0.98,0,1,-874.03,1.34,0
38,revenge_tilt,519.3,0.97,1.0,0,0,1075.05,0.0,0
38,revenge_tilt,372.2,1.18,1.22,1,1,-834.09,1.28,0
38,revenge_tilt,1443.6,1.06,0.9,0,0,1253.95,0.0,0
38,revenge_tilt,602.7,0.94,0.89,0,1,-951.51,1.45,0
39,revenge_tilt,231.8,1.17,1.17,1,0,0.0,0.0,0
39,revenge_tilt,680.7,1.17,1.0,0,0,1622.12,0.0,0
39,revenge_tilt,33.8,0.9,0.77,0,0,1530.88,0.0,0
39,revenge_tilt,50.0,0.83,0.93,0,0,1248.76,0.0,0
39,revenge_tilt,946.5,1.12,1.34,0,1,-952.68,1.75,0
39,revenge_tilt,19.7,0.96,0.86,1,2,-1193.51,3.95,1
39,revenge_tilt,39.3,3.89,4.07,1,3,-921.68,5.64,1
39,revenge_tilt,122.5,1.17,0.3,0,0,3913.9,0.0,0
39,revenge_tilt,330.5,1.01,0.86,0,1,-1098.7,1.99,0
39,revenge_tilt,1.3,2.07,2.05,0,2,-1179.47,4.12,1
39,revenge_tilt,294.0,1.11,0.54,0,0,2838.05,0.0,0
39,revenge_tilt,615.9,0.86,0.77,1,1,-1021.8,1.83,0
39,revenge_tilt,240.9,1.04,1.21,0,0,1080.2,0.0,0
39,revenge_tilt,385.8,1.55,1.49,0,0,1129.9,0.0,0
39,revenge_tilt,632.4,0.93,0.6,0,0,1631.56,0.0,0
39,revenge_tilt,458.6,0.9,0.97,0,1,-769.12,1.31,0
39,revenge_tilt,203.3,1.69,1.88,0,0,1341.67,0.0,0
39,revenge_tilt,753.1,1.18,0.7,0,0,2108.79,0.0,0
39,revenge_tilt,10.1,0.85,0.72,0,1,-1092.93,1.78,0
39,revenge_tilt,147.3,2.9,3.42,1,2,-1006.25,3.42,1
39,revenge_tilt,24.0,2.84,0.98,0,3,-2738.84,7.89,1
39,revenge_tilt,3.1,1.18,0.41,0,4,-2354.2,11.73,1
39,revenge_tilt,13.1,1.1,0.94,1,0,1323.11,9.57,0
39,revenge_tilt,1300.6,1.07,0.97,0,1,-1117.1,11.4,0
39,revenge_tilt,13.7,2.12,1.99,1,2,-1057.38,13.12,1
39,revenge_tilt,93.0,1.59,0.75,1,0,3006.45,8.22,0
39,revenge_tilt,524.7,1.06,0.67,1,0,1840.31,5.21,0
39,revenge_tilt,500.3,1.09,1.02,0,1,-1210.66,7.19,0
39,revenge_tilt,43.2,2.8,2.58,1,2,-1210.58,9.16,1
39,revenge_tilt,125.4,1.2,0.43,0,0,3633.74,3.24,0
39,revenge_tilt,81.6,1.13,0.94,0,1,-1025.67,4.91,0
39,revenge_tilt,117.4,0.92,0.81,0,0,1405.45,2.62,0
39,revenge_tilt,778.9,0.87,0.95,0,0,1372.95,0.38,0
39,revenge_tilt,53.0,1.09,1.25,0,1,-775.2,1.64,0
39,revenge_tilt,48.9,0.83,0.76,1,0,1596.32,0.0,0
39,revenge_tilt,201.3,1.9,2.3,0,1,-710.45,1.15,0
39,revenge_tilt,1198.0,1.02,0.54,0,0,2140.63,0.0,0
39,revenge_tilt,281.9,0.98,0.96,0,1,-1056.26,1.67,0
39,revenge_tilt,21.1,3.73,3.8,1,2,-1023.66,3.28,1
39,revenge_tilt,857.2,1.15,0.31,0,0,3859.6,0.0,0
39,revenge_tilt,26.9,1.05,0.91,0,0,1262.14,0.0,0
39,revenge_tilt,1086.7,1.0,0.95,0,1,-1219.92,1.84,0
39,revenge_tilt,248.6,1.07,1.07,1,2,-875.94,3.16,0
39,revenge_tilt,34.4,0.92,0.86,0,0,1426.54,1.01,0
39,revenge_tilt,954.1,1.18,1.28,0,1,-972.66,2.47,0
39,revenge_tilt,638.7,1.02,0.86,0,0,1756.72,0.0,0
39,revenge_tilt,255.7,1.17,1.15,0,0,1433.87,0.0,0
39,revenge_tilt,394.6,0.94,0.81,0,0,1671.58,0.0,0
39,revenge_tilt,140.7,1.17,1.23,0,0,1250.09,0.0,0
39,revenge_tilt,1436.5,1.04,0.89,0,1,-1033.89,1.46,0
39,revenge_tilt,532.3,1.19,1.15,0,0,1087.4,0.0,0
39,revenge_tilt,47.7,1.06,0.89,0,0,1362.47,0.0,0
39,revenge_tilt,277.2,0.86,0.82,0,1,-910.96,1.26,0
39,revenge_tilt,34.8,0.87,1.01,0,0,915.4,0.0,0
39,revenge_tilt,585.7,0.81,0.93,0,1,-704.3,0.97,0
39,revenge_tilt,13.3,1.07,1.31,1,0,1166.73,0.0,0
39,revenge_tilt,234.3,1.01,0.95,1,0,1374.84,0.0,0
39,revenge_tilt,60.8,1.15,1.13,0,0,1474.0,0.0,0
39,revenge_tilt,350.5,0.86,0.75,0,1,-1248.5,1.65,0
39,revenge_tilt,13.2,3.52,4.1,0,2,-691.23,2.57,1
39,revenge_tilt,299.9,0.96,0.27,0,0,4311.38,0.0,0
39,revenge_tilt,50.0,1.06,1.11,1,1,-1145.88,1.47,0
39,revenge_tilt,14.9,2.65,2.5,1,2,-1115.35,2.9,1
39,revenge_tilt,5.8,1.96,0.74,0,3,-2690.47,6.35,1
39,revenge_tilt,131.8,2.63,1.34,1,4,-1823.01,8.69,1
39,revenge_tilt,23.2,3.1,1.18,1,5,-3045.81,12.6,1
39,revenge_tilt,77.8,2.92,0.94,1,6,-2911.68,16.34,1
39,revenge_tilt,144.0,1.7,0.58,0,0,3404.0,11.97,0
39,revenge_tilt,299.6,0.85,0.5,0,0,1929.41,9.49,0
39,revenge_tilt,891.8,0.89,1.05,1,0,1004.39,8.2,0
39,revenge_tilt,330.8,0.8,0.9,0,0,1113.61,6.78,0
39,revenge_tilt,462.2,0.95,1.18,0,0,831.85,5.71,0
39,revenge_tilt,47.7,1.04,1.1,0,1,-1128.73,7.16,0
39,revenge_tilt,605.1,2.79,2.69,1,2,-1190.26,8.68,1
39,revenge_tilt,1148.9,0.93,0.33,0,0,3158.56,4.63,0
39,revenge_tilt,445.5,1.1,1.18,0,1,-1064.59,6.0,0
39,revenge_tilt,4.9,1.17,1.06,0,0,1419.67,4.18,0
39,revenge_tilt,24.8,0.83,0.71,1,0,1689.65,2.01,0
39,revenge_tilt,181.2,1.16,1.4,0,0,1004.41,0.72,0
39,revenge_tilt,137.3,0.96,0.82,0,0,1349.49,0.0,0
39,revenge_tilt,525.3,0.88,0.92,0,1,-922.14,1.17,0
39,revenge_tilt,5.6,1.97,2.24,1,2,-853.66,2.26,1
39,revenge_tilt,78.3,0.9,0.46,0,0,2742.55,0.0,0
39,revenge_tilt,485.1,0.82,0.91,1,0,1033.91,0.0,0
39,revenge_tilt,245.4,0.89,1.09,0,0,1165.25,0.0,0
39,revenge_tilt,24.0,0.81,0.91,0,1,-953.0,1.16,0
39,revenge_tilt,66.6,1.12,1.38,0,0,1015.2,0.0,0
39,revenge_tilt,135.8,0.87,0.78,0,1,-898.58,1.1,0
39,revenge_tilt,16.2,1.13,1.3,1,2,-710.74,1.96,1
39,revenge_tilt,4.7,1.41,1.24,1,3,-1322.5,3.58,1
39,revenge_tilt,381.8,1.12,0.8,1,0,2068.72,1.05,0
39,revenge_tilt,336.9,0.93,0.83,0,0,1490.86,0.0,0
39,revenge_tilt,566.8,0.99,1.07,0,0,991.18,0.0,0
39,revenge_tilt,246.3,0.84,0.85,0,0,1229.41,0.0,1
39,revenge_tilt,244.4,0.99,1.17,0,1,-795.35,0.94,0
39,revenge_tilt,30.6,2.84,2.88,1,2,-1133.93,2.27,0
39,revenge_tilt,666.7,1.08,0.38,0,0,3693.74,0.0,0
39,revenge_tilt,374.0,1.64,1.51,0,1,-1191.63,1.38,1
39,revenge_tilt,11.6,3.67,2.24,1,2,-1553.9,3.17,1
39,revenge_tilt,4.5,3.45,0.94,1,3,-4399.89,8.25,1
39,revenge_tilt,12.7,3.56,1.03,1,4,-2795.75,11.48,1
39,revenge_tilt,19.6,0.94,0.26,0,0,3715.33,7.19,0
39,revenge_tilt,270.0,1.1,1.17,0,0,1303.15,5.69,0
39,revenge_tilt,1702.6,0.82,0.75,0,1,-985.22,6.82,0
39,revenge_tilt,15.3,1.24,1.51,1,2,-713.58,7.65,1
39,revenge_tilt,35.5,1.27,1.03,0,3,-1089.45,8.91,1
39,revenge_tilt,153.5,2.87,2.26,1,4,-1255.51,10.36,1
39,revenge_tilt,61.1,2.76,0.96,1,5,-3053.58,13.88,1
39,revenge_tilt,963.2,0.84,0.3,0,0,3899.42,9.38,0
39,revenge_tilt,692.6,1.11,1.33,0,1,-953.55,10.48,0
39,revenge_tilt,70.8,1.15,1.03,0,0,1173.28,9.13,0
39,revenge_tilt,155.0,0.97,0.85,0,1,-1189.16,10.5,0
39,revenge_tilt,70.9,2.49,2.57,1,2,-1057.36,11.72,1
39,revenge_tilt,790.3,0.96,0.38,0,0,3485.08,7.7,0
39,revenge_tilt,49.1,0.91,0.95,1,1,-991.59,8.84,0
39,revenge_tilt,1580.4,1.16,1.27,0,0,1228.4,7.42,0
39,revenge_tilt,691.1,1.05,0.91,0,0,1542.27,5.64,0
39,revenge_tilt,94.9,0.81,0.77,1,0,1129.2,4.34,0
39,revenge_tilt,815.4,0.8,0.99,1,0,1116.91,3.05,0
39,revenge_tilt,79.9,1.79,2.23,0,1,-794.1,3.96,0
39,revenge_tilt,502.2,1.0,0.56,1,0,2089.3,1.55,0
39,revenge_tilt,155.8,0.93,0.92,0,0,1252.15,0.1,0
39,revenge_tilt,3.3,1.18,1.27,1,1,-1025.54,1.29,0
39,revenge_tilt,13.6,1.18,1.0,1,2,-1215.42,2.69,1
39,revenge_tilt,70.4,3.19,2.7,1,3,-1402.96,4.31,1
39,revenge_tilt,45.8,2.08,0.65,0,4,-3240.55,8.06,1
39,revenge_tilt,1376.2,0.84,0.41,0,0,2959.4,4.64,0
39,revenge_tilt,752.2,1.1,1.31,0,0,1223.36,3.22,0
39,revenge_tilt,82.0,0.93,0.85,0,1,-1048.62,4.44,0
39,revenge_tilt,217.6,1.13,1.21,0,0,1311.87,2.92,0
39,revenge_tilt,196.9,0.94,0.83,1,1,-1041.53,4.12,0
39,revenge_tilt,34.8,1.14,1.21,0,2,-952.51,5.22,1
39,revenge_tilt,21.4,2.45,2.14,1,3,-1310.27,6.74,1
39,revenge_tilt,1355.1,1.14,0.46,0,0,3051.24,3.21,0
39,revenge_tilt,188.8,0.88,0.78,0,0,1551.05,1.42,0
39,revenge_tilt,22.6,0.91,1.03,0,0,1094.21,0.16,0
39,revenge_tilt,768.0,1.77,1.94,1,0,1113.25,0.0,0
39,revenge_tilt,669.5,1.01,0.57,0,1,-1688.17,1.93,0
39,revenge_tilt,28.1,3.94,3.92,1,2,-1029.17,3.1,1
39,revenge_tilt,1531.8,1.91,0.48,0,0,4197.99,0.0,0
39,revenge_tilt,128.0,1.94,1.02,0,1,-1626.14,1.83,0
39,revenge_tilt,1.6,1.81,0.93,1,2,-2301.11,4.41,1
39,revenge_tilt,937.5,1.92,1.06,1,0,2512.97,1.59,0
39,revenge_tilt,1395.4,1.57,0.82,0,1,-1581.14,3.36,0
39,revenge_tilt,156.1,3.22,2.05,1,2,-1766.65,5.35,1
39,revenge_tilt,12.7,1.96,0.61,1,3,-3538.67,9.32,1
39,revenge_tilt,197.0,0.8,0.41,1,0,2283.53,6.76,0
39,revenge_tilt,172.4,0.85,1.06,0,0,1182.01,5.43,0
39,revenge_tilt,103.8,0.89,1.05,1,1,-919.79,6.46,0
39,revenge_tilt,25.2,3.01,3.36,1,2,-788.18,7.35,1
40,revenge_tilt,340.2,1.04,1.04,0,0,0.0,0.0,0
40,revenge_tilt,222.7,0.96,0.92,1,1,-887.13,1.77,0
40,revenge_tilt,112.0,2.58,2.69,1,2,-908.03,3.59,1
40,revenge_tilt,67.9,3.75,1.45,1,3,-2598.17,8.79,1
40,revenge_tilt,81.8,1.41,0.37,1,4,-4091.62,16.97,0
40,revenge_tilt,1026.9,1.11,0.79,0,0,1595.29,13.78,0
40,revenge_tilt,474.3,0.87,0.79,0,1,-1311.39,16.4,0
40,revenge_tilt,16.9,3.71,4.26,1,2,-915.38,18.23,1
40,revenge_tilt,492.6,0.84,0.23,0,0,4281.63,9.67,0
40,revenge_tilt,170.3,1.16,1.38,0,1,-964.45,11.6,0
40,revenge_tilt,27.7,3.72,3.21,1,2,-967.11,13.53,1
40,revenge_tilt,6.1,1.82,0.49,0,3,-3164.5,19.86,1
40,revenge_tilt,39.9,1.91,1.05,1,4,-1735.72,23.33,1
40,revenge_tilt,187.8,0.96,0.5,1,0,2816.71,17.7,0
40,revenge_tilt,212.5,1.54,1.6,0,1,-854.96,19.41,0
40,revenge_tilt,307.9,1.13,0.74,0,0,2121.18,15.17,0
40,revenge_tilt,132.4,0.88,0.78,1,0,1371.49,12.42,0
40,revenge_tilt,277.4,1.05,1.19,0,0,1295.36,9.83,0
40,revenge_tilt,271.3,0.89,0.85,0,1,-956.22,11.75,0
40,revenge_tilt,0.8,1.9,2.14,0,2,-869.89,13.49,1
40,revenge_tilt,6.2,2.44,1.28,1,3,-2251.58,17.99,1
40,revenge_tilt,19.1,1.04,0.43,0,0,2830.37,12.33,1
40,revenge_tilt,845.2,0.89,0.85,0,1,-1113.78,14.56,0
40,revenge_tilt,51.6,2.39,2.7,1,2,-738.4,16.03,1
40,revenge_tilt,548.2,1.02,0.43,0,0,2620.95,10.79,0
40,revenge_tilt,50.1,1.6,1.58,0,1,-840.59,12.47,0
40,revenge_tilt,612.9,1.5,0.93,0,2,-1441.46,15.35,0
40,revenge_tilt,250.3,0.99,0.66,0,0,2236.49,10.88,0
40,revenge_tilt,182.9,0.97,0.98,1,0,1080.99,8.72,0
40,revenge_tilt,685.1,0.94,0.96,1,1,-890.21,10.5,0
40,revenge_tilt,159.5,1.0,1.07,1,2,-994.37,12.49,0
40,revenge_tilt,145.2,0.91,0.9,0,0,1322.34,9.84,0
40,revenge_tilt,88.4,0.88,0.97,1,0,1307.15,7.23,0
40,revenge_tilt,881.8,1.05,1.19,1,1,-878.47,8.99,0
40,revenge_tilt,60.0,3.88,3.71,1,2,-915.51,10.82,1
40,revenge_tilt,36.2,1.03,0.26,0,3,-3271.87,17.36,1
40,revenge_tilt,660.7,0.96,0.94,0,0,1189.56,14.98,0
40,revenge_tilt,1168.9,0.82,0.85,1,0,1091.49,12.8,0
40,revenge_tilt,370.5,1.18,1.44,1,1,-668.6,14.14,0
40,revenge_tilt,3.0,1.06,0.91,0,0,1396.61,11.34,1
40,revenge_tilt,175.4,1.17,1.1,0,1,-1050.13,13.44,0
40,revenge_tilt,30.4,0.93,0.79,1,2,-1168.1,15.78,1
40,revenge_tilt,52.7,0.89,0.96,0,0,951.5,13.88,0
40,revenge_tilt,270.5,0.86,0.97,0,0,972.35,11.93,0
40,revenge_tilt,774.6,0.97,1.12,0,0,1125.51,9.68,0
40,revenge_tilt,332.6,1.19,1.23,0,1,-1005.49,11.69,0
40,revenge_tilt,382.1,0.9,0.76,0,0,1632.82,8.43,0
40,revenge_tilt,46.0,1.0,1.12,0,0,949.17,6.53,0
40,revenge_tilt,427.0,1.17,1.17,1,0,1235.45,4.06,0
40,revenge_tilt,210.5,1.55,1.32,1,1,-1181.79,6.42,0
40,revenge_tilt,636.4,3.43,2.22,1,2,-1580.41,9.58,0
40,revenge_tilt,234.6,0.87,0.25,0,0,4487.88,0.61,0
40,revenge_tilt,3.0,0.95,1.1,0,0,919.6,0.0,0
40,revenge_tilt,1167.4,1.06,1.11,0,1,-839.07,1.66,0
40,revenge_tilt,110.9,3.34,3.16,1,2,-952.42,3.54,1
40,revenge_tilt,102.4,3.7,1.11,1,3,-3543.32,10.54,1
40,revenge_tilt,3.9,1.39,0.38,0,4,-3231.85,16.92,1
40,revenge_tilt,39.7,2.68,1.93,1,5,-1441.92,19.77,1
40,revenge_tilt,8.0,1.37,0.51,0,6,-2413.14,24.54,1
40,revenge_tilt,898.8,0.88,0.64,0,0,1790.51,21.0,0
40,revenge_tilt,322.7,1.04,1.18,0,0,1047.93,18.93,0
40,revenge_tilt,124.8,0.97,0.94,1,0,1296.63,16.37,0
40,revenge_tilt,269.3,1.01,1.04,0,0,1305.1,13.79,0
40,revenge_tilt,553.7,1.04,1.02,0,0,1138.57,11.54,0
40,revenge_tilt,775.3,1.1,1.07,0,1,-1094.32,13.71,0
40,revenge_tilt,110.7,1.07,0.97,1,2,-1226.88,16.13,0
40,revenge_tilt,11.5,0.94,0.88,1,3,-962.39,18.03,1
40,revenge_tilt,91.1,3.51,3.76,1,4,-1121.44,20.25,1
40,revenge_tilt,437.4,1.07,0.3,0,0,4949.55,10.47,0
40,revenge_tilt,78.0,1.14,1.07,1,1,-968.73,12.38,0
40,revenge_tilt,12.9,3.8,3.32,1,2,-1190.29,14.73,1
40,revenge_tilt,2.5,0.92,0.24,1,3,-3202.95,21.06,1
40,revenge_tilt,14.5,3.13,3.42,1,4,-1088.2,23.21,1
40,revenge_tilt,9.4,1.09,0.35,0,5,-3039.26,29.22,1
40,revenge_tilt,185.7,2.12,1.95,0,6,-1254.83,31.69,0
40,revenge_tilt,5.8,3.62,1.71,1,7,-2160.78,35.96,1
40,revenge_tilt,5.9,2.82,0.78,0,8,-3016.76,41.92,1
40,revenge_tilt,89.4,3.0,1.06,1,9,-2510.26,46.88,1
40,revenge_tilt,160.1,2.75,0.92,1,10,-3543.2,53.88,1
40,revenge_tilt,17.2,2.66,0.97,1,11,-2554.52,58.93,1
40,revenge_tilt,9.4,3.42,1.29,1,12,-2423.25,63.72,1
40,revenge_tilt,44.7,2.08,0.61,1,13,-2845.7,69.34,1
40,revenge_tilt,437.1,0.82,0.4,0,0,2919.7,63.57,0
40,revenge_tilt,921.3,0.98,1.2,0,1,-899.24,65.35,0
40,revenge_tilt,24.7,1.31,1.33,0,2,-791.64,66.91,1
40,revenge_tilt,217.7,1.18,0.9,1,0,1650.16,63.65,0
40,revenge_tilt,13.7,1.18,1.0,1,1,-1060.04,65.75,1
40,revenge_tilt,60.7,0.82,0.69,0,0,1244.2,63.29,0
40,revenge_tilt,556.5,0.81,0.98,0,1,-874.09,65.01,0
40,revenge_tilt,53.4,1.01,1.26,1,0,1184.24,62.67,0
40,revenge_tilt,4.1,0.99,0.98,1,1,-955.03,64.56,1
40,revenge_tilt,16.4,1.43,1.44,1,2,-874.31,66.29,1
40,revenge_tilt,9.9,3.73,2.61,0,3,-1266.73,68.79,1
40,revenge_tilt,17.5,3.02,0.81,0,4,-3916.68,76.53,1
40,revenge_tilt,3.8,2.19,0.73,1,5,-3423.62,83.29,1
40,revenge_tilt,23.7,2.74,1.25,1,6,-2306.45,87.85,1
40,revenge_tilt,44.0,1.28,0.47,1,7,-3283.6,94.34,1
40,revenge_tilt,323.2,2.83,2.21,1,8,-1078.99,96.47,1
40,revenge_tilt,5.6,2.99,1.06,1,9,-3045.38,100.0,1
40,revenge_tilt,116.2,1.17,0.39,0,0,4014.94,92.07,0
40,revenge_tilt,151.0,1.57,1.35,0,0,1736.81,88.64,0
40,revenge_tilt,1148.0,1.05,0.67,0,1,-1479.23,91.56,0
40,revenge_tilt,21.8,1.88,1.79,1,2,-924.11,93.38,1
40,revenge_tilt,30.4,3.38,1.8,1,3,-1552.87,96.45,1
40,revenge_tilt,15.8,2.97,0.88,1,4,-3614.18,100.0,1
40,revenge_tilt,50.1,1.46,0.49,1,5,-3114.99,100.0,1
40,revenge_tilt,25.5,3.42,2.34,1,6,-1213.07,100.0,1
40,revenge_tilt,347.7,0.83,0.24,0,0,3641.01,92.81,0
40,revenge_tilt,148.8,1.09,1.31,0,0,1214.12,90.41,0
40,revenge_tilt,844.3,0.98,0.9,0,1,-1031.93,92.45,0
40,revenge_tilt,103.4,3.86,3.94,1,2,-978.68,94.38,1
40,revenge_tilt,106.3,2.08,0.54,0,3,-3216.54,100.0,1
40,revenge_tilt,708.6,1.13,0.54,0,0,2554.36,94.95,0
40,revenge_tilt,698.4,1.1,0.98,0,0,1483.53,92.02,0
40,revenge_tilt,254.1,0.92,0.84,0,1,-1092.55,94.18,0
40,revenge_tilt,274.6,0.81,0.88,1,0,967.04,92.27,0
40,revenge_tilt,410.6,0.9,1.11,0,1,-939.49,94.13,0
40,revenge_tilt,0.0,1.23,1.38,1,2,-1032.13,96.17,1
40,revenge_tilt,10.5,0.9,0.73,0,0,1478.4,93.24,1
40,revenge_tilt,31.4,1.05,1.17,0,1,-728.12,94.68,1
40,revenge_tilt,32.4,1.18,1.12,1,2,-923.25,96.51,1
40,revenge_tilt,1511.0,1.11,0.94,1,0,1191.53,94.15,0
40,revenge_tilt,1351.0,0.98,0.89,0,0,1170.83,91.84,0
40,revenge_tilt,140.2,1.17,1.19,1,1,-923.95,93.67,0
40,revenge_tilt,71.2,1.06,0.91,1,2,-1227.98,96.09,0
40,revenge_tilt,5.8,2.9,2.74,0,3,-1134.65,98.33,1
40,revenge_tilt,5.2,2.99,1.03,1,4,-2619.37,100.0,1
40,revenge_tilt,349.2,1.17,0.39,0,0,3021.39,94.03,0
40,revenge_tilt,244.7,1.05,0.9,0,1,-1043.54,96.09,0
40,revenge_tilt,259.4,3.77,3.58,1,2,-938.46,97.95,1
40,revenge_tilt,400.4,0.82,0.22,0,0,5256.64,87.56,0
40,revenge_tilt,47.4,1.17,1.43,0,1,-922.61,89.38,1
40,revenge_tilt,30.9,1.14,0.97,0,0,1474.75,86.47,1
40,revenge_tilt,314.1,0.81,0.71,0,1,-1198.19,88.84,0
40,revenge_tilt,0.5,1.1,1.36,0,0,891.37,87.08,1
40,revenge_tilt,65.3,0.96,0.87,0,0,1347.53,84.41,0
40,revenge_tilt,1005.0,0.84,0.87,1,1,-923.79,86.24,0
40,revenge_tilt,6.3,0.97,1.16,1,2,-911.86,88.04,1
40,revenge_tilt,2.4,3.52,3.63,1,3,-1101.83,90.22,1
40,revenge_tilt,74.3,1.29,0.37,1,4,-3419.33,96.97,0
40,revenge_tilt,649.6,1.12,0.87,0,0,1552.28,93.91,0
40,revenge_tilt,59.6,1.03,0.92,0,1,-1302.64,96.48,0
40,revenge_tilt,7.3,1.99,1.93,0,0,1313.67,93.88,1
40,revenge_tilt,36.2,0.93,0.47,0,1,-2143.14,98.12,1
40,revenge_tilt,5.6,1.31,1.4,0,2,-863.87,99.83,1
40,revenge_tilt,87.9,1.14,0.87,0,0,1658.95,96.55,0
40,revenge_tilt,245.5,1.58,1.38,1,1,-1166.11,98.85,0
40,revenge_tilt,24.3,3.38,2.15,1,2,-1534.54,100.0,1
40,revenge_tilt,427.3,1.0,0.29,1,0,3931.2,92.23,0
40,revenge_tilt,1315.2,0.93,0.93,1,0,1351.75,89.56,0
41,revenge_tilt,219.5,1.15,1.15,0,0,0.0,0.0,0
41,revenge_tilt,945.6,1.15,0.99,0,0,1479.45,0.0,0
41,revenge_tilt,153.2,0.95,0.83,1,0,1666.86,0.0,0
41,revenge_tilt,19.6,1.84,1.94,0,1,-777.54,1.46,0
41,revenge_tilt,23.8,3.45,1.87,1,2,-1604.22,4.48,1
41,revenge_tilt,1.7,2.77,0.8,1,3,-3199.24,10.5,1
41,revenge_tilt,10.5,2.88,1.04,1,4,-2482.48,15.17,1
41,revenge_tilt,100.4,0.95,0.33,1,0,2972.88,9.58,0
41,revenge_tilt,16.2,1.66,1.75,0,0,1300.23,7.13,0
41,revenge_tilt,165.9,1.0,0.6,0,0,1833.11,3.68,0
41,revenge_tilt,303.0,1.09,1.09,0,1,-1093.01,5.74,0
41,revenge_tilt,580.1,1.0,0.92,0,0,1454.75,3.0,0
41,revenge_tilt,60.9,1.19,1.19,1,1,-1017.86,4.92,0
41,revenge_tilt,3.8,3.07,2.59,1,2,-1195.63,7.17,1
41,revenge_tilt,455.9,2.45,0.8,1,3,-3150.47,13.09,1
41,revenge_tilt,10.1,2.28,0.93,0,4,-2287.71,17.4,1
41,revenge_tilt,21.5,1.09,0.48,1,5,-2400.9,21.92,1
41,revenge_tilt,30.5,1.08,0.99,0,0,1262.31,19.54,1
41,revenge_tilt,110.0,0.88,0.82,0,0,1266.65,17.16,0
41,revenge_tilt,313.3,1.07,1.22,0,1,-829.18,18.72,0
41,revenge_tilt,2.4,1.19,1.11,1,2,-1199.68,20.98,1
41,revenge_tilt,127.8,0.97,0.81,0,0,1718.86,17.74,0
41,revenge_tilt,301.4,0.83,0.86,1,1,-1050.59,19.72,0
41,revenge_tilt,147.7,0.97,1.16,0,0,1172.15,17.51,0
41,revenge_tilt,198.3,1.03,1.06,1,0,1141.99,15.36,0
41,revenge_tilt,1096.5,1.15,1.12,1,0,1295.62,12.93,0
41,revenge_tilt,90.0,1.04,0.91,1,1,-1219.53,15.22,1
41,revenge_tilt,66.3,2.94,2.83,1,2,-1069.7,17.23,1
41,revenge_tilt,107.5,1.83,0.62,1,3,-2401.35,21.75,1
41,revenge_tilt,46.0,1.38,0.75,1,4,-2031.22,25.57,0
41,revenge_tilt,19.9,2.09,1.51,1,5,-1168.4,27.77,1
41,revenge_tilt,6.6,1.96,0.94,1,6,-2311.33,32.12,1
41,revenge_tilt,28.8,2.83,1.44,1,7,-1825.94,35.56,1
41,revenge_tilt,69.1,1.43,0.51,1,8,-3384.38,41.93,0
41,revenge_tilt,33.4,1.03,0.72,1,9,-1317.22,44.4,1
41,revenge_tilt,272.6,2.67,2.58,1,10,-890.28,46.08,1
41,revenge_tilt,580.3,1.14,0.43,0,0,3178.23,40.1,0
41,revenge_tilt,1110.8,1.04,0.92,0,1,-1065.83,42.1,0
41,revenge_tilt,285.1,0.86,0.82,1,0,1142.47,39.95,0
41,revenge_tilt,71.3,1.64,1.91,0,1,-693.31,41.26,1
41,revenge_tilt,42.0,1.3,0.79,1,2,-1526.52,44.13,1
41,revenge_tilt,125.9,1.06,0.81,1,0,1837.75,40.67,0
41,revenge_tilt,0.7,1.14,1.07,1,1,-1121.9,42.78,1
41,revenge_tilt,16.6,0.86,0.76,0,0,1159.44,40.6,1
41,revenge_tilt,1664.5,1.99,2.3,0,1,-769.92,42.05,1
41,revenge_tilt,127.5,1.01,0.51,1,0,2630.79,37.1,0
41,revenge_tilt,203.4,0.86,0.86,0,0,1454.67,34.36,0
41,revenge_tilt,414.9,0.86,0.99,1,1,-912.96,36.08,0
41,revenge_tilt,1112.1,1.91,2.23,0,0,1191.76,33.84,1
41,revenge_tilt,842.9,0.81,0.42,0,1,-1551.19,36.76,0
41,revenge_tilt,1.7,0.86,1.06,0,0,1026.69,34.83,1
41,revenge_tilt,50.5,0.98,1.14,1,1,-687.57,36.12,0
41,revenge_tilt,25.7,1.82,1.86,1,2,-825.09,37.67,1
41,revenge_tilt,33.2,0.95,0.52,0,3,-2118.54,41.66,1
41,revenge_tilt,7.8,3.88,4.08,1,4,-829.9,43.22,1
41,revenge_tilt,223.2,1.05,0.27,1,0,5215.07,33.41,0
41,revenge_tilt,314.7,1.05,1.01,0,0,1148.69,31.25,0
41,revenge_tilt,665.9,0.81,0.76,0,0,1575.98,28.28,0
41,revenge_tilt,23.5,0.91,1.12,0,1,-662.49,29.53,1
41,revenge_tilt,18.1,3.92,4.33,1,2,-979.9,31.37,1
41,revenge_tilt,457.9,0.81,0.21,1,0,4987.84,21.99,0
41,revenge_tilt,73.1,1.17,1.44,1,0,1115.65,19.89,0
41,revenge_tilt,450.4,1.11,0.95,0,0,1610.02,16.86,0
41,revenge_tilt,238.0,0.91,0.82,0,0,1385.61,14.25,0
41,revenge_tilt,388.4,1.03,1.13,0,0,1221.49,11.95,0
41,revenge_tilt,203.8,0.98,0.95,0,0,1356.36,9.4,0
41,revenge_tilt,355.9,1.59,1.63,0,0,984.37,7.55,0
41,revenge_tilt,32.8,1.19,0.75,0,1,-1898.79,11.12,1
41,revenge_tilt,34.8,3.3,2.78,1,2,-1313.91,13.59,1
41,revenge_tilt,21.4,3.51,1.06,1,3,-2975.85,19.19,1
41,revenge_tilt,507.6,0.86,0.24,1,0,4605.35,10.53,0
41,revenge_tilt,7.4,1.2,1.4,0,0,1251.31,8.17,0
41,revenge_tilt,64.3,0.95,0.79,0,0,1378.95,5.58,0
41,revenge_tilt,463.6,0.99,1.05,0,1,-974.29,7.41,0
41,revenge_tilt,290.7,1.09,1.1,1,0,1376.11,4.82,0
41,revenge_tilt,426.7,1.07,0.98,0,1,-904.22,6.52,0
41,revenge_tilt,450.3,2.36,2.21,1,2,-936.79,8.29,1
41,revenge_tilt,641.9,2.27,0.96,1,3,-1972.48,12.0,1
41,revenge_tilt,3.1,2.89,1.28,0,4,-1859.2,15.5,1
41,revenge_tilt,43.7,1.9,0.66,1,5,-2551.44,20.3,1
41,revenge_tilt,468.5,3.64,1.91,1,6,-1549.63,23.21,1
41,revenge_tilt,10.2,2.31,0.63,0,7,-3702.76,30.18,1
41,revenge_tilt,0.9,3.65,1.58,1,8,-2580.83,35.04,1
41,revenge_tilt,39.5,0.99,0.27,1,9,-4232.73,43.0,1
41,revenge_tilt,18.6,0.97,0.98,0,0,1002.87,41.11,1
41,revenge_tilt,146.5,0.85,0.88,1,1,-1019.78,43.03,0
41,revenge_tilt,478.9,0.81,0.96,1,0,1224.37,40.73,0
41,revenge_tilt,716.4,0.97,1.19,0,1,-870.38,42.37,0
41,revenge_tilt,95.6,1.07,1.11,1,0,1389.47,39.75,0
41,revenge_tilt,222.2,1.17,1.09,0,0,1330.09,37.25,0
41,revenge_tilt,382.9,1.65,1.42,0,0,1209.63,34.97,0
41,revenge_tilt,180.5,0.9,0.55,0,1,-1805.57,38.37,0
41,revenge_tilt,20.5,3.66,4.07,0,2,-964.42,40.18,1
41,revenge_tilt,13.0,0.95,0.26,1,3,-3650.1,47.05,1
41,revenge_tilt,112.0,0.8,0.85,1,0,1408.28,44.4,0
41,revenge_tilt,3.5,0.84,1.05,0,0,915.6,42.68,1
41,revenge_tilt,531.5,1.13,1.35,0,1,-978.93,44.52,0
41,revenge_tilt,23.2,3.52,3.12,1,2,-1034.12,46.47,1
41,revenge_tilt,161.5,0.98,0.28,0,0,4950.58,37.15,0
41,revenge_tilt,716.0,1.07,1.09,0,0,1001.71,35.27,0
41,revenge_tilt,1103.5,0.99,0.93,0,1,-1031.67,37.21,0
41,revenge_tilt,68.8,2.01,2.02,1,2,-1069.1,39.22,1
41,revenge_tilt,32.0,2.73,1.36,1,3,-1762.61,42.54,1
41,revenge_tilt,172.6,1.16,0.42,0,0,3824.42,35.34,0
41,revenge_tilt,106.3,1.05,0.91,0,1,-1225.56,37.65,0
41,revenge_tilt,18.9,1.91,1.81,1,0,1122.74,35.53,1
41,revenge_tilt,244.8,1.19,0.63,0,1,-1527.45,38.41,0
41,revenge_tilt,6.2,2.46,2.06,1,2,-1368.39,40.98,1
41,revenge_tilt,15.2,2.75,1.12,1,3,-2193.78,45.11,1
41,revenge_tilt,77.0,1.11,0.4,0,0,4020.1,37.55,0
41,revenge_tilt,453.4,1.16,1.05,0,1,-917.1,39.27,0
41,revenge_tilt,4.2,2.34,2.02,1,2,-1112.17,41.37,1
41,revenge_tilt,1.9,0.98,0.42,1,3,-2118.27,45.35,1
41,revenge_tilt,6.7,1.36,1.39,1,4,-992.33,47.22,1
41,revenge_tilt,285.3,2.85,2.1,1,5,-1159.39,49.4,1
41,revenge_tilt,769.3,1.03,0.36,0,0,3088.71,43.59,0
41,revenge_tilt,341.6,0.85,0.82,0,0,1230.0,41.27,0
41,revenge_tilt,541.6,0.9,1.07,1,0,856.98,39.66,0
41,revenge_tilt,157.2,0.87,0.96,1,0,1216.91,37.37,0
41,revenge_tilt,515.4,1.77,2.03,1,1,-779.23,38.84,1
41,revenge_tilt,179.0,2.8,1.59,1,2,-1470.7,41.6,1
41,revenge_tilt,5.0,2.58,0.92,0,3,-3004.6,47.26,1
41,revenge_tilt,4.9,3.16,1.22,1,4,-2069.42,51.15,1
41,revenge_tilt,457.2,0.93,0.29,0,0,3607.28,44.36,0
41,revenge_tilt,645.9,1.14,1.22,0,1,-953.85,46.16,0
41,revenge_tilt,8.9,1.03,0.9,1,0,1282.36,43.75,1
41,revenge_tilt,80.8,0.81,0.78,0,1,-1186.85,45.98,0
41,revenge_tilt,23.5,1.3,1.62,1,2,-714.78,47.32,1
41,revenge_tilt,107.2,3.81,2.93,1,3,-1542.06,50.23,1
41,revenge_tilt,489.2,0.88,0.23,1,0,4686.1,41.41,0
41,revenge_tilt,89.0,0.86,0.98,0,0,1040.47,39.45,0
41,revenge_tilt,264.6,1.09,1.26,1,1,-1015.88,41.36,0
41,revenge_tilt,1037.2,0.88,0.81,0,0,1439.6,38.65,0
41,revenge_tilt,552.1,1.04,1.18,0,1,-949.99,40.44,0
41,revenge_tilt,0.9,1.01,0.98,0,0,1065.74,38.44,1
41,revenge_tilt,58.4,1.17,1.15,1,1,-847.29,40.03,0
41,revenge_tilt,115.6,2.15,1.84,1,2,-1170.01,42.23,1
41,revenge_tilt,111.9,1.18,0.55,0,0,2310.74,37.88,0
41,revenge_tilt,325.1,1.08,0.91,0,0,1620.44,34.83,0
41,revenge_tilt,99.0,0.82,0.76,0,0,1572.44,31.88,0
41,revenge_tilt,294.0,0.96,1.17,0,0,1077.99,29.85,0
41,revenge_tilt,856.9,1.65,1.71,0,0,1315.23,27.37,1
41,revenge_tilt,554.2,1.0,0.61,1,1,-1889.71,30.93,0
41,revenge_tilt,130.1,1.04,1.04,0,0,1126.05,28.81,0
41,revenge_tilt,281.0,1.1,1.06,0,1,-843.0,30.4,0
41,revenge_tilt,448.0,1.19,1.09,0,0,1568.96,27.44,0
41,revenge_tilt,88.9,0.82,0.69,0,0,1569.21,24.49,0
41,revenge_tilt,52.5,0.8,0.98,0,0,1226.04,22.18,0
41,revenge_tilt,310.4,1.01,1.26,0,1,-722.49,23.54,0
41,revenge_tilt,36.6,1.23,1.22,1,2,-920.24,25.28,1
42,revenge_tilt,345.7,1.05,1.05,0,0,0.0,0.0,0
42,revenge_tilt,424.5,1.02,0.97,1,1,-985.72,1.97,0
42,revenge_tilt,23.6,2.95,2.88,1,2,-1095.42,4.16,1
42,revenge_tilt,9.9,0.81,0.27,0,0,3380.89,0.0,0
42,revenge_tilt,635.6,0.84,1.05,0,0,916.11,0.0,0
42,revenge_tilt,91.1,0.82,0.98,0,0,1172.42,0.0,0
42,revenge_tilt,188.7,1.03,1.25,0,0,1012.89,0.0,0
42,revenge_tilt,157.8,0.92,0.89,0,1,-1012.74,1.86,0
42,revenge_tilt,271.8,1.16,1.26,0,0,1081.54,0.0,0
42,revenge_tilt,269.0,1.11,0.96,0,0,1161.34,0.0,0
42,revenge_tilt,826.6,1.08,0.98,0,0,1133.8,0.0,0
42,revenge_tilt,446.1,1.04,0.96,0,1,-1215.04,2.14,0
42,revenge_tilt,772.9,0.87,0.84,0,0,1358.33,0.0,0
42,revenge_tilt,310.8,0.91,1.04,1,0,1221.7,0.0,0
42,revenge_tilt,219.3,1.89,2.07,0,0,1316.43,0.0,0
42,revenge_tilt,47.5,1.13,0.6,0,0,1937.1,0.0,0
42,revenge_tilt,1524.1,1.06,0.94,0,1,-1016.23,1.66,0
42,revenge_tilt,68.5,1.17,1.11,0,0,1086.84,0.0,0
42,revenge_tilt,615.4,0.91,0.77,0,1,-1359.75,2.21,0
42,revenge_tilt,595.0,1.76,1.95,0,0,1033.22,0.53,0
42,revenge_tilt,776.4,0.95,0.54,1,0,1786.0,0.0,0
42,revenge_tilt,721.9,1.07,1.12,0,1,-959.93,1.53,1
42,revenge_tilt,18.8,3.47,3.24,0,2,-1073.71,3.23,1
42,revenge_tilt,35.4,0.91,0.26,0,0,3840.18,0.0,0
42,revenge_tilt,813.6,0.83,0.91,1,0,908.18,0.0,1
42,revenge_tilt,173.9,0.8,0.97,0,1,-751.93,1.15,0
42,revenge_tilt,22.4,2.21,2.76,1,2,-778.73,2.33,1
42,revenge_tilt,13.8,1.46,0.66,1,3,-2424.86,6.03,1
42,revenge_tilt,69.3,1.13,0.77,0,0,1694.62,3.44,0
42,revenge_tilt,312.9,1.06,0.94,1,1,-1121.69,5.15,0
42,revenge_tilt,44.8,1.9,1.79,0,2,-1111.87,6.85,1
42,revenge_tilt,36.3,1.17,0.62,0,0,2388.84,3.21,0
42,revenge_tilt,1718.4,0.89,0.76,0,1,-1377.12,5.31,0
42,revenge_tilt,755.2,1.16,1.31,0,0,1116.84,3.6,0
42,revenge_tilt,532.8,1.13,0.98,0,1,-996.9,5.12,0
42,revenge_tilt,150.9,1.18,1.04,1,0,1675.62,2.57,0
42,revenge_tilt,73.6,0.93,0.79,0,1,-1157.32,4.33,0
42,revenge_tilt,93.0,1.29,1.39,0,2,-928.59,5.75,0
42,revenge_tilt,34.5,3.14,2.44,1,3,-1205.69,7.59,1
42,revenge_tilt,60.0,3.22,1.03,1,4,-3271.94,12.57,1
42,revenge_tilt,27.5,1.94,0.6,1,5,-3443.28,17.82,1
42,revenge_tilt,59.6,2.82,1.45,1,6,-1861.79,20.66,1
42,revenge_tilt,7.3,3.05,1.08,1,7,-2405.73,24.32,1
42,revenge_tilt,38.0,1.37,0.45,1,8,-2839.28,28.65,1
42,revenge_tilt,81.7,1.17,0.86,0,0,1664.66,26.11,0
42,revenge_tilt,141.4,1.66,1.42,1,0,1563.29,23.73,0
42,revenge_tilt,596.6,1.13,0.68,0,1,-1413.37,25.88,0
42,revenge_tilt,190.1,0.93,0.82,0,0,1426.32,23.71,0
42,revenge_tilt,10.4,1.11,1.19,0,1,-1028.12,25.28,1
42,revenge_tilt,145.8,1.14,1.03,0,0,1420.92,23.11,0
42,revenge_tilt,54.8,1.13,0.99,0,0,1523.56,20.79,0
42,revenge_tilt,342.1,0.94,0.84,0,1,-1166.64,22.57,0
42,revenge_tilt,11.1,2.99,3.17,1,2,-918.77,23.97,1
42,revenge_tilt,7.5,1.04,0.35,0,0,3984.86,17.89,1
42,revenge_tilt,453.3,0.9,0.86,1,0,1202.31,16.06,0
42,revenge_tilt,348.6,0.87,0.97,0,0,905.92,14.68,0
42,revenge_tilt,1783.1,1.54,1.78,0,0,1002.26,13.16,1
42,revenge_tilt,136.3,0.89,0.58,0,0,1542.83,10.8,0
42,revenge_tilt,3.4,0.91,1.02,0,0,959.55,9.34,0
42,revenge_tilt,15.1,1.18,1.3,0,0,1330.37,7.32,0
42,revenge_tilt,9.5,0.95,0.8,0,1,-1228.84,9.19,0
42,revenge_tilt,8.2,1.47,1.56,1,2,-765.57,10.35,1
42,revenge_tilt,118.6,1.06,0.72,0,0,1596.89,7.92,0
42,revenge_tilt,384.0,0.98,0.93,0,1,-1085.42,9.57,0
42,revenge_tilt,89.1,1.11,1.13,0,0,1323.91,7.56,0
42,revenge_tilt,177.1,1.16,1.05,1,1,-1222.24,9.42,0
42,revenge_tilt,16.0,1.46,1.26,1,2,-955.42,10.88,1
42,revenge_tilt,112.9,1.02,0.7,0,0,1628.09,8.39,0
42,revenge_tilt,34.2,0.83,0.81,0,0,1504.24,6.1,0
42,revenge_tilt,39.4,0.81,0.98,0,1,-833.2,7.37,0
42,revenge_tilt,996.2,0.81,1.0,0,0,905.61,5.99,0
42,revenge_tilt,371.1,1.02,1.26,1,1,-834.97,7.26,0
42,revenge_tilt,13.8,1.28,1.25,1,2,-1033.56,8.84,1
42,revenge_tilt,164.9,2.34,1.82,1,3,-1333.11,10.87,1
42,revenge_tilt,14.8,3.11,1.33,1,4,-2678.88,14.95,1
42,revenge_tilt,4.9,1.19,0.38,1,5,-2957.8,19.46,1
42,revenge_tilt,475.0,3.15,2.66,1,6,-1057.97,21.07,1
42,revenge_tilt,4.2,2.47,0.78,1,7,-3618.7,26.59,1
42,revenge_tilt,0.0,2.89,1.17,1,8,-2892.87,30.99,1
42,revenge_tilt,24.7,1.43,0.49,1,9,-2465.71,34.75,1
42,revenge_tilt,6.5,2.07,1.44,1,10,-1310.33,36.75,1
42,revenge_tilt,96.3,1.13,0.55,0,0,2841.77,32.42,0
42,revenge_tilt,7.8,1.01,0.9,0,0,1431.64,30.24,1
42,revenge_tilt,202.8,0.84,0.83,0,1,-845.04,31.52,0
42,revenge_tilt,190.5,1.09,1.29,0,0,1245.38,29.63,0
42,revenge_tilt,241.8,0.97,0.89,0,0,1555.25,27.26,0
42,revenge_tilt,113.9,1.84,1.9,1,0,1331.19,25.23,1
42,revenge_tilt,608.9,1.19,0.65,1,0,1854.56,22.4,0
42,revenge_tilt,460.9,0.81,0.68,1,0,1645.54,19.89,0
42,revenge_tilt,70.0,0.99,1.21,1,0,1024.0,18.33,0
42,revenge_tilt,166.6,1.02,1.03,0,0,1033.82,16.76,0
42,revenge_tilt,6.0,1.19,1.17,0,0,1108.63,15.07,1
42,revenge_tilt,9.8,1.08,0.91,1,1,-1122.3,16.78,1
42,revenge_tilt,10.2,3.23,2.97,1,2,-885.0,18.13,1
42,revenge_tilt,492.0,1.11,0.34,0,0,3454.55,12.86,0
42,revenge_tilt,5.6,1.04,0.94,1,1,-906.57,14.25,1
42,revenge_tilt,8.6,1.06,1.02,1,2,-943.27,15.68,1
42,revenge_tilt,394.9,0.97,0.91,1,0,1524.72,13.36,0
42,revenge_tilt,463.2,1.01,1.05,0,1,-991.83,14.87,0
42,revenge_tilt,96.3,1.06,1.05,1,0,1493.65,12.6,0
42,revenge_tilt,99.7,1.04,0.98,1,0,1570.72,10.2,0
42,revenge_tilt,1654.8,0.96,0.92,0,1,-1144.08,11.94,0
42,revenge_tilt,22.4,3.67,3.81,1,2,-785.16,13.14,1
42,revenge_tilt,2.7,1.15,0.31,1,0,5004.19,5.52,0
42,revenge_tilt,964.7,0.92,0.8,0,0,1487.27,3.25,0
42,revenge_tilt,19.1,0.98,1.06,0,1,-1105.42,4.93,0
42,revenge_tilt,15.0,3.49,3.57,1,2,-812.41,6.17,1
42,revenge_tilt,5.2,1.28,0.37,1,3,-3807.85,11.97,1
42,revenge_tilt,81.1,1.05,0.82,0,0,1322.15,9.96,0
42,revenge_tilt,185.1,1.1,1.04,0,0,1215.82,8.11,0
42,revenge_tilt,14.7,0.85,0.78,1,0,1536.9,5.77,0
42,revenge_tilt,5.9,1.07,1.25,0,1,-695.26,6.82,0
42,revenge_tilt,17.7,1.41,1.33,1,2,-921.32,8.23,1
42,revenge_tilt,191.2,1.17,0.83,0,0,1969.01,5.23,0
42,revenge_tilt,111.8,0.97,0.83,0,0,1585.23,2.81,0
42,revenge_tilt,222.0,0.95,0.98,0,0,1317.32,0.81,0
42,revenge_tilt,666.0,0.83,0.88,0,0,1010.73,0.0,0
42,revenge_tilt,1180.8,0.83,1.0,1,0,1079.62,0.0,0
42,revenge_tilt,454.8,0.98,1.18,0,1,-958.89,1.43,0
42,revenge_tilt,64.5,0.97,1.0,1,2,-1103.57,3.07,0
42,revenge_tilt,476.2,0.87,0.89,0,0,1079.31,1.46,0
42,revenge_tilt,138.4,0.9,1.04,0,0,1288.07,0.0,0
42,revenge_tilt,791.5,1.17,1.3,0,1,-1051.31,1.56,0
42,revenge_tilt,10.3,3.94,3.36,1,2,-1377.43,3.6,1
42,revenge_tilt,1106.7,0.93,0.24,1,0,4756.69,0.0,0
42,revenge_tilt,500.6,0.93,0.99,0,0,1278.24,0.0,0
42,revenge_tilt,1078.3,1.12,1.21,1,0,1270.12,0.0,0
42,revenge_tilt,234.4,0.9,0.8,1,1,-1080.08,1.49,0
42,revenge_tilt,93.6,0.99,1.1,0,0,1038.66,0.06,0
42,revenge_tilt,52.5,0.86,0.86,0,0,1018.29,0.0,0
42,revenge_tilt,154.8,1.05,1.23,0,1,-869.27,1.19,0
42,revenge_tilt,178.3,1.13,1.07,1,0,1503.94,0.0,0
42,revenge_tilt,547.0,0.85,0.75,0,1,-1125.68,1.52,0
42,revenge_tilt,2.9,2.92,3.43,1,2,-891.5,2.73,1
42,revenge_tilt,6.3,2.31,0.79,1,3,-2773.87,6.48,1
42,revenge_tilt,745.7,0.98,0.42,0,0,2890.1,2.57,0
42,revenge_tilt,385.4,0.96,0.98,1,0,1450.25,0.61,0
42,revenge_tilt,25.0,0.93,0.97,0,1,-923.01,1.86,0
42,revenge_tilt,61.3,3.05,3.28,1,2,-881.96,3.05,1
42,revenge_tilt,8.4,1.07,0.35,1,3,-3556.48,7.86,1
42,revenge_tilt,208.3,1.16,1.08,1,0,1288.69,6.11,0
42,revenge_tilt,42.4,0.92,0.8,0,1,-1339.56,7.92,0
42,revenge_tilt,196.5,1.3,1.4,0,2,-1040.64,9.33,0
42,revenge_tilt,54.8,0.87,0.67,0,0,1629.14,7.13,0
42,revenge_tilt,452.7,0.89,1.02,0,0,1252.45,5.44,0
42,revenge_tilt,279.5,0.97,1.09,0,1,-744.43,6.44,0
42,revenge_tilt,51.2,1.29,1.33,1,2,-972.63,7.76,0
42,revenge_tilt,4.2,1.02,0.79,1,3,-1531.24,9.83,1
42,revenge_tilt,2497.7,0.93,0.91,0,0,1199.81,8.21,0
42,revenge_tilt,294.1,0.93,1.01,0,1,-898.39,9.42,0
43,revenge_tilt,589.5,1.08,1.08,1,0,0.0,0.0,0
43,revenge_tilt,1206.7,1.0,0.92,0,0,1621.36,0.0,0
43,revenge_tilt,46.8,0.91,0.92,0,1,-1087.61,2.11,0
43,revenge_tilt,8.7,2.3,2.51,0,2,-805.3,3.67,1
43,revenge_tilt,0.4,2.72,1.18,1,3,-2589.8,8.68,1
43,revenge_tilt,437.4,1.17,0.43,1,0,2796.72,3.27,0
43,revenge_tilt,222.5,1.12,0.96,0,0,1168.39,1.0,0
43,revenge_tilt,1161.2,1.08,0.96,0,1,-1325.36,3.57,0
43,revenge_tilt,23.0,1.84,1.71,1,2,-1194.63,5.88,1
43,revenge_tilt,9.1,2.09,1.14,1,3,-1539.77,8.87,1
43,revenge_tilt,118.4,3.92,1.87,0,4,-2431.28,13.58,1
43,revenge_tilt,75.5,1.96,0.5,0,5,-3610.26,20.57,1
43,revenge_tilt,736.1,0.98,0.5,0,0,2634.69,15.47,0
43,revenge_tilt,382.8,1.08,1.1,0,0,1049.19,13.43,0
43,revenge_tilt,17.5,1.18,1.09,0,0,1459.49,10.61,1
43,revenge_tilt,90.3,1.17,0.99,1,0,1642.41,7.43,0
43,revenge_tilt,376.1,1.18,1.01,0,0,1581.12,4.36,0
43,revenge_tilt,89.6,1.04,0.87,0,0,1762.54,0.95,0
43,revenge_tilt,1585.3,0.85,0.82,1,1,-968.68,2.82,0
43,revenge_tilt,19.8,2.97,3.5,1,2,-716.62,4.21,1
43,revenge_tilt,1.6,1.97,0.66,1,3,-3244.57,10.5,0
43,revenge_tilt,11.0,1.44,0.73,0,4,-2037.6,14.45,1
43,revenge_tilt,98.4,2.58,1.8,1,5,-1162.53,16.7,1
43,revenge_tilt,66.6,1.18,0.46,0,0,2773.86,11.32,0
43,revenge_tilt,29.7,1.2,1.01,0,0,1552.84,8.32,0
43,revenge_tilt,369.9,1.04,0.87,0,0,1669.7,5.08,0
43,revenge_tilt,310.9,1.12,1.07,0,1,-878.46,6.78,0
43,revenge_tilt,1217.3,0.95,0.85,0,0,1290.12,4.28,0
43,revenge_tilt,50.3,1.88,1.98,0,0,1077.21,2.2,0
43,revenge_tilt,14.2,0.81,0.43,0,1,-2126.2,6.32,0
43,revenge_tilt,127.7,1.01,1.25,0,0,923.55,4.53,0
43,revenge_tilt,262.5,1.16,1.16,1,0,1388.75,1.84,0
43,revenge_tilt,21.4,0.91,0.78,0,0,1708.52,0.0,0
43,revenge_tilt,816.2,1.02,1.13,1,0,912.16,0.0,0
43,revenge_tilt,330.1,1.12,1.1,0,1,-831.54,1.56,0
43,revenge_tilt,486.3,0.92,0.82,0,0,1130.65,0.0,0
43,revenge_tilt,54.7,1.63,1.78,0,1,-798.3,1.49,0
43,revenge_tilt,86.0,1.94,1.19,0,2,-1942.36,5.11,1
43,revenge_tilt,39.0,1.89,0.97,1,3,-1646.94,8.19,1
43,revenge_tilt,359.8,1.56,0.83,1,0,2532.6,3.46,0
43,revenge_tilt,219.6,1.15,0.74,0,1,-1716.37,6.66,0
43,revenge_tilt,429.0,1.11,0.97,0,0,1175.24,4.47,0
43,revenge_tilt,380.9,0.96,0.86,0,0,1121.4,2.38,0
43,revenge_tilt,133.9,0.99,1.03,1,0,1273.05,0.0,0
43,revenge_tilt,382.3,1.06,1.08,0,0,1465.83,0.0,0
43,revenge_tilt,684.4,1.14,1.07,0,0,1518.25,0.0,0
43,revenge_tilt,167.3,0.94,0.83,0,1,-1047.7,1.85,0
43,revenge_tilt,2.8,3.14,3.34,1,2,-992.71,3.61,1
43,revenge_tilt,2323.2,1.11,0.35,1,0,3734.09,0.0,0
43,revenge_tilt,219.0,0.92,0.83,1,1,-1026.14,1.76,0
43,revenge_tilt,73.4,3.16,3.45,0,2,-880.43,3.27,1
43,revenge_tilt,7.2,2.77,0.88,1,3,-3285.73,8.91,1
43,revenge_tilt,117.6,0.96,0.35,1,4,-2864.11,13.83,0
43,revenge_tilt,354.4,0.95,0.99,0,0,1300.31,11.59,0
43,revenge_tilt,82.9,1.12,1.18,0,0,1140.29,9.64,0
43,revenge_tilt,24.3,1.04,0.93,0,0,1510.25,7.05,0
43,revenge_tilt,35.2,0.99,0.95,0,1,-888.49,8.57,0
43,revenge_tilt,10.4,3.25,3.28,1,2,-859.96,10.05,1
43,revenge_tilt,28.9,1.0,0.31,1,3,-3727.3,16.44,1
43,revenge_tilt,17.6,3.42,3.44,1,4,-801.87,17.82,1
43,revenge_tilt,503.2,0.85,0.25,1,0,3442.85,11.91,0
43,revenge_tilt,1029.2,0.91,1.06,0,1,-693.74,13.1,0
43,revenge_tilt,185.3,0.88,0.97,0,0,1159.97,11.11,0
43,revenge_tilt,441.0,1.54,1.74,0,1,-859.23,12.59,1
43,revenge_tilt,54.9,2.53,1.65,1,2,-1249.51,14.73,1
43,revenge_tilt,33.3,1.19,0.47,0,0,3548.83,8.64,0
43,revenge_tilt,4.6,0.89,0.75,0,0,1760.02,5.62,0
43,revenge_tilt,124.5,1.14,1.28,1,1,-919.71,7.2,0
43,revenge_tilt,475.6,0.97,0.86,0,0,1605.77,4.44,0
43,revenge_tilt,769.6,1.14,1.17,1,0,1055.68,2.63,0
43,revenge_tilt,654.7,1.08,0.94,0,1,-1084.65,4.49,0
43,revenge_tilt,169.6,1.38,1.28,1,2,-1025.06,6.25,0
43,revenge_tilt,3.4,0.94,0.68,1,0,1705.23,3.32,0
43,revenge_tilt,104.3,1.03,1.1,1,1,-757.55,4.62,0
43,revenge_tilt,6.8,3.32,3.23,0,2,-1104.9,6.52,1
43,revenge_tilt,224.2,0.94,0.28,1,0,4009.6,0.0,0
43,revenge_tilt,957.9,1.06,1.13,1,1,-757.24,1.29,0
43,revenge_tilt,894.0,1.09,1.03,1,0,1341.43,0.0,0
43,revenge_tilt,476.1,0.95,0.87,0,1,-1068.64,1.81,0
43,revenge_tilt,7.4,1.12,1.18,0,0,1099.39,0.0,0
43,revenge_tilt,675.5,1.12,1.0,0,1,-1152.28,1.95,0
43,revenge_tilt,6.2,3.4,3.03,0,2,-915.79,3.5,1
43,revenge_tilt,749.7,1.03,0.3,1,0,4858.71,0.0,0
43,revenge_tilt,604.5,1.08,1.05,1,0,1362.13,0.0,0
43,revenge_tilt,21.6,0.94,0.87,0,1,-1057.71,1.67,0
43,revenge_tilt,336.6,0.92,0.98,0,0,1323.14,0.0,0
43,revenge_tilt,1110.5,1.11,1.21,0,1,-925.06,1.46,0
43,revenge_tilt,179.0,1.09,0.98,0,2,-1187.13,3.33,0
43,revenge_tilt,237.4,1.14,1.05,0,0,1376.53,1.16,0
43,revenge_tilt,31.2,1.76,1.54,0,0,1368.21,0.0,0
43,revenge_tilt,271.2,1.13,0.64,1,0,2118.04,0.0,0
43,revenge_tilt,234.4,0.85,0.75,0,1,-1264.93,1.91,0
43,revenge_tilt,23.9,2.76,3.25,1,2,-873.08,3.23,1
43,revenge_tilt,416.9,3.32,1.2,1,3,-2623.07,7.19,1
43,revenge_tilt,664.4,0.87,0.26,0,0,4665.1,0.14,0
43,revenge_tilt,448.6,1.18,1.35,0,0,1194.04,0.0,0
43,revenge_tilt,2.9,0.98,0.83,0,1,-1188.3,1.76,0
43,revenge_tilt,49.5,1.03,1.04,1,0,1113.31,0.11,0
43,revenge_tilt,36.1,0.97,0.95,1,0,1525.97,0.0,0
43,revenge_tilt,647.3,0.97,0.99,0,1,-1110.62,1.61,0
43,revenge_tilt,336.5,1.07,1.11,0,0,1056.93,0.08,0
43,revenge_tilt,12.7,1.04,0.97,0,0,1191.65,0.0,0
43,revenge_tilt,105.9,1.0,0.96,0,0,1122.3,0.0,0
43,revenge_tilt,486.7,0.83,0.83,0,1,-986.9,1.39,0
43,revenge_tilt,6.2,3.27,3.94,1,2,-729.2,2.41,1
43,revenge_tilt,460.9,1.19,0.36,0,0,4054.19,0.0,0
43,revenge_tilt,1.8,1.17,0.98,0,1,-962.47,1.31,0
43,revenge_tilt,1.2,1.36,1.16,1,2,-1177.52,2.92,1
43,revenge_tilt,11.7,3.42,2.52,0,3,-1186.61,4.53,1
43,revenge_tilt,47.7,1.37,0.4,1,4,-3604.22,9.44,0
43,revenge_tilt,57.0,2.52,1.84,1,5,-1160.01,11.02,1
43,revenge_tilt,675.2,0.87,0.35,0,0,3403.91,6.38,0
43,revenge_tilt,957.1,1.87,2.15,0,1,-839.27,7.53,0
43,revenge_tilt,345.9,0.99,0.53,0,0,2665.41,3.9,0
43,revenge_tilt,133.9,1.04,1.05,0,1,-1135.66,5.44,0
43,revenge_tilt,114.2,1.19,1.14,0,0,1229.64,3.77,0
43,revenge_tilt,172.1,1.14,0.96,1,0,1767.15,1.36,0
43,revenge_tilt,588.7,0.87,0.76,0,0,1662.71,0.0,0
43,revenge_tilt,1060.1,1.19,1.36,0,0,1158.53,0.0,0
43,revenge_tilt,13.6,1.08,0.91,0,0,1355.21,0.0,0
43,revenge_tilt,330.0,1.17,1.08,0,0,1219.51,0.0,0
43,revenge_tilt,933.2,0.86,0.74,0,0,1258.48,0.0,0
43,revenge_tilt,30.7,1.01,1.18,1,1,-873.7,1.11,0
43,revenge_tilt,227.3,3.74,3.69,1,2,-888.76,2.23,1
43,revenge_tilt,5.4,1.36,0.36,1,3,-3585.88,6.76,1
43,revenge_tilt,329.4,1.86,1.36,1,4,-1223.71,8.31,1
43,revenge_tilt,228.9,1.09,0.59,0,0,2652.5,4.96,0
43,revenge_tilt,294.6,1.18,1.08,0,1,-1089.74,6.34,0
43,revenge_tilt,122.8,1.21,1.03,1,2,-1397.4,8.1,0
43,revenge_tilt,5.1,0.96,0.8,0,0,1391.88,6.34,0
43,revenge_tilt,1066.5,1.04,1.09,0,1,-1001.42,7.61,0
43,revenge_tilt,106.8,1.07,1.02,1,2,-916.42,8.77,0
43,revenge_tilt,19.0,2.35,2.2,1,3,-1133.26,10.2,1
43,revenge_tilt,95.1,0.91,0.39,0,0,3210.88,6.14,0
43,revenge_tilt,1238.5,0.8,0.88,0,1,-1047.96,7.47,0
43,revenge_tilt,63.2,2.04,2.54,1,2,-932.99,8.65,1
43,revenge_tilt,426.8,0.97,0.48,0,0,2299.37,5.74,0
43,revenge_tilt,1144.1,0.88,0.91,0,1,-804.35,6.76,0
43,revenge_tilt,61.2,3.65,4.13,1,2,-742.37,7.69,1
43,revenge_tilt,56.2,1.87,0.51,0,3,-2926.24,11.4,1
43,revenge_tilt,571.3,0.87,0.46,0,0,2598.71,8.11,0
43,revenge_tilt,30.5,0.85,0.98,1,1,-774.03,9.09,0
43,revenge_tilt,5.7,3.39,3.98,1,2,-732.82,10.01,1
43,revenge_tilt,497.1,1.18,0.35,0,0,4191.15,4.71,0
43,revenge_tilt,824.0,1.16,0.99,0,0,1227.96,3.16,0
43,revenge_tilt,23.1,1.19,1.03,0,1,-1257.1,4.75,0
43,revenge_tilt,158.8,0.89,0.74,1,0,1728.27,2.56,0
43,revenge_tilt,355.8,1.05,1.18,0,1,-929.93,3.74,0
43,revenge_tilt,19.9,2.25,2.14,1,2,-892.7,4.87,1
43,revenge_tilt,176.2,1.14,0.51,0,0,2587.66,1.6,0
44,revenge_tilt,709.6,1.1,1.1,0,0,0.0,0.0,0
44,revenge_tilt,137.1,0.85,0.77,0,0,1534.31,0.0,0
44,revenge_tilt,33.1,0.99,1.17,0,0,1135.46,0.0,0
44,revenge_tilt,243.9,0.95,0.96,0,0,1414.21,0.0,0
44,revenge_tilt,628.3,0.89,0.94,0,1,-928.13,1.72,0
44,revenge_tilt,13.1,3.92,4.41,1,2,-941.58,3.46,1
44,revenge_tilt,25.1,3.16,0.81,1,3,-3178.87,9.33,1
44,revenge_tilt,32.1,2.77,0.88,1,4,-3517.59,15.84,1
44,revenge_tilt,127.9,2.42,0.87,1,5,-3215.04,21.78,1
44,revenge_tilt,10.7,2.26,0.93,1,6,-2260.56,25.96,1
44,revenge_tilt,25.7,1.9,0.84,1,7,-1941.59,29.55,1
44,revenge_tilt,27.8,2.21,1.16,1,8,-1734.46,32.76,1
44,revenge_tilt,15.6,2.64,1.2,1,9,-2257.73,36.93,1
44,revenge_tilt,31.7,1.02,0.39,0,0,3301.71,30.83,1
44,revenge_tilt,353.0,1.13,1.11,1,0,1231.7,28.55,0
44,revenge_tilt,35.9,0.88,0.78,0,0,1565.38,25.66,1
44,revenge_tilt,296.3,0.83,0.94,1,0,897.56,24.0,0
44,revenge_tilt,19.8,1.14,1.38,0,0,883.34,22.36,1
44,revenge_tilt,203.2,0.84,0.74,1,1,-1137.07,24.47,0
44,revenge_tilt,391.9,1.18,1.39,0,0,888.8,22.82,0
44,revenge_tilt,0.5,1.15,0.98,1,0,1240.04,20.53,1
44,revenge_tilt,604.0,1.09,0.95,0,1,-1219.84,22.79,0
44,revenge_tilt,57.2,3.12,2.86,1,2,-987.37,24.61,1
44,revenge_tilt,249.8,0.86,0.28,1,0,4430.69,16.42,0
44,revenge_tilt,777.4,0.95,1.1,0,0,1009.34,14.55,0
44,revenge_tilt,295.3,0.88,0.93,0,0,1018.21,12.67,0
44,revenge_tilt,418.1,1.06,1.2,0,0,982.47,10.85,0
44,revenge_tilt,120.5,0.9,0.85,0,1,-1167.34,13.01,0
44,revenge_tilt,170.4,0.92,1.02,1,0,1086.59,11.0,0
44,revenge_tilt,72.5,1.17,1.28,1,0,1037.89,9.08,0
44,revenge_tilt,1297.2,0.97,0.83,0,1,-1151.62,11.21,0
44,revenge_tilt,385.3,1.14,1.17,0,0,1001.88,9.36,0
44,revenge_tilt,546.7,1.02,0.9,1,0,1544.12,6.51,0
44,revenge_tilt,664.7,1.16,1.13,1,0,1373.6,3.97,0
44,revenge_tilt,319.7,0.92,0.8,0,1,-1093.38,5.99,0
44,revenge_tilt,3.1,1.1,1.19,1,0,980.53,4.18,0
44,revenge_tilt,530.0,0.82,0.74,1,0,1625.97,1.17,0
44,revenge_tilt,33.0,1.14,1.4,0,1,-698.11,2.46,0
44,revenge_tilt,128.9,1.76,1.54,0,0,1359.39,0.0,0
44,revenge_tilt,1302.8,1.06,0.6,0,1,-1469.61,2.72,0
44,revenge_tilt,88.5,0.85,0.8,0,0,1282.37,0.35,0
44,revenge_tilt,36.4,0.93,1.09,1,1,-806.15,1.84,0
44,revenge_tilt,12.0,2.97,3.21,0,2,-790.18,3.3,1
44,revenge_tilt,9.9,3.04,1.02,1,3,-2835.34,8.54,1
44,revenge_tilt,97.7,1.42,0.47,1,4,-2650.63,13.43,0
44,revenge_tilt,2.5,0.91,0.64,1,5,-1609.0,16.41,1
44,revenge_tilt,0.3,0.9,0.99,0,0,1253.36,14.09,1
44,revenge_tilt,26.0,1.13,1.26,0,1,-774.2,15.52,1
44,revenge_tilt,300.9,1.29,1.15,1,2,-907.01,17.2,0
44,revenge_tilt,156.7,1.12,0.87,0,0,1381.43,14.65,0
44,revenge_tilt,402.8,0.96,0.85,0,1,-996.94,16.49,0
44,revenge_tilt,1.4,2.22,2.32,1,2,-1107.18,18.53,1
44,revenge_tilt,25.7,3.53,1.59,0,3,-2183.34,22.57,1
44,revenge_tilt,6.0,3.16,0.9,1,4,-3994.62,29.95,1
44,revenge_tilt,27.3,3.39,1.07,1,5,-2553.69,34.67,1
44,revenge_tilt,1.8,3.96,1.17,1,6,-3609.13,41.34,1
44,revenge_tilt,1.8,3.0,0.76,1,7,-3178.82,47.21,1
44,revenge_tilt,40.0,3.67,1.22,1,8,-3467.4,53.62,1
44,revenge_tilt,43.0,3.03,0.83,1,9,-3372.54,59.85,1
44,revenge_tilt,747.3,1.14,0.38,0,0,3838.41,52.76,0
44,revenge_tilt,160.7,1.03,0.9,0,0,1221.84,50.5,0
44,revenge_tilt,47.0,1.16,1.13,0,0,1292.73,48.11,0
44,revenge_tilt,370.4,1.13,0.97,0,1,-1321.04,50.55,0
44,revenge_tilt,121.2,3.02,2.69,1,2,-941.03,52.29,1
44,revenge_tilt,15.7,2.37,0.79,1,3,-2905.8,57.66,1
44,revenge_tilt,7.5,2.99,1.26,1,4,-2376.31,62.06,1
44,revenge_tilt,84.3,1.16,0.39,0,0,3109.17,56.31,0
44,revenge_tilt,699.3,1.0,0.86,0,1,-1348.54,58.8,0
44,revenge_tilt,179.8,2.37,2.37,1,2,-919.14,60.5,1
44,revenge_tilt,1.1,1.48,0.63,1,3,-2808.42,65.69,1
44,revenge_tilt,29.1,3.03,2.05,1,4,-1349.8,68.18,1
44,revenge_tilt,37.5,3.19,1.05,1,5,-2805.12,73.37,1
44,revenge_tilt,38.2,0.97,0.31,1,0,3947.69,66.07,1
44,revenge_tilt,313.6,0.84,0.86,1,1,-925.23,67.78,0
44,revenge_tilt,475.2,1.13,1.35,0,0,1019.03,65.9,0
44,revenge_tilt,954.6,0.91,0.81,0,1,-1230.93,68.17,0
44,revenge_tilt,22.8,1.89,2.08,1,2,-781.9,69.62,1
44,revenge_tilt,2.5,1.41,0.74,1,3,-1706.19,72.77,1
44,revenge_tilt,34.0,2.84,2.02,1,4,-1350.99,75.27,1
44,revenge_tilt,512.9,1.73,0.61,1,0,3450.37,68.89,0
44,revenge_tilt,37.3,0.89,0.52,0,0,2489.94,64.29,1
44,revenge_tilt,9.9,1.13,1.27,0,0,960.07,62.52,1
44,revenge_tilt,126.5,0.84,0.74,0,1,-1004.12,64.37,0
44,revenge_tilt,1315.1,0.83,0.99,0,0,1137.53,62.27,0
44,revenge_tilt,452.8,1.05,1.28,1,1,-750.48,63.66,0
44,revenge_tilt,42.0,0.97,0.92,0,2,-1071.7,65.64,1
44,revenge_tilt,40.5,1.04,1.07,0,0,1317.58,63.2,1
44,revenge_tilt,654.5,1.16,1.11,0,1,-1177.16,65.38,0
44,revenge_tilt,115.6,1.04,0.9,1,0,1400.2,62.79,0
44,revenge_tilt,2432.1,1.55,1.49,1,0,1248.3,60.48,0
44,revenge_tilt,630.0,1.09,0.7,1,0,2164.71,56.48,0
44,revenge_tilt,156.3,0.95,0.87,1,0,1195.99,54.27,0
44,revenge_tilt,158.8,1.2,1.26,1,1,-930.22,55.99,0
44,revenge_tilt,10.0,2.27,1.89,1,2,-1383.92,58.55,1
44,revenge_tilt,75.7,3.47,1.53,1,3,-2177.34,62.57,1
44,revenge_tilt,86.7,1.65,0.48,0,0,3742.79,55.66,0
44,revenge_tilt,153.0,1.16,0.71,1,1,-1440.48,58.32,0
44,revenge_tilt,23.5,3.6,3.09,1,2,-1183.52,60.51,1
44,revenge_tilt,273.3,1.12,0.31,0,0,4363.8,52.44,0
44,revenge_tilt,22.4,1.19,1.06,0,1,-1003.66,54.3,1
44,revenge_tilt,134.1,3.99,3.34,1,2,-1064.72,56.26,1
44,revenge_tilt,422.5,1.18,0.3,0,0,5554.16,46.0,0
44,revenge_tilt,16.4,1.14,0.97,0,0,1472.15,43.28,1
44,revenge_tilt,391.7,1.06,0.93,0,1,-1282.54,45.65,0
44,revenge_tilt,19.2,3.35,3.15,1,2,-854.42,47.23,1
44,revenge_tilt,15.1,3.08,0.92,1,3,-3845.47,54.34,1
44,revenge_tilt,29.7,1.2,0.39,1,4,-3405.49,60.63,1
44,revenge_tilt,26.9,1.88,1.57,1,5,-1055.21,62.58,1
44,revenge_tilt,262.0,2.73,1.45,0,6,-1775.59,65.86,1
44,revenge_tilt,397.1,0.83,0.3,1,0,3058.65,60.21,0
44,revenge_tilt,2196.4,0.86,1.03,0,1,-718.64,61.54,0
44,revenge_tilt,826.3,0.96,1.12,1,0,1193.94,59.33,0
44,revenge_tilt,300.2,0.84,0.87,1,0,1420.26,56.7,0
44,revenge_tilt,3712.6,0.89,1.05,0,0,1247.35,54.4,0
44,revenge_tilt,707.8,0.98,1.11,1,1,-993.16,56.23,0
44,revenge_tilt,49.5,1.05,1.07,0,0,1074.81,54.25,0
44,revenge_tilt,58.2,1.18,1.12,0,1,-1162.13,56.4,0
44,revenge_tilt,68.6,3.35,2.84,0,2,-1393.15,58.97,1
44,revenge_tilt,610.5,3.51,1.05,1,3,-3346.87,65.16,1
44,revenge_tilt,26.1,1.37,0.39,1,4,-3506.79,71.64,1
44,revenge_tilt,646.7,0.94,0.68,1,0,1540.46,68.79,0
44,revenge_tilt,947.3,0.82,0.87,0,0,1378.74,66.24,0
44,revenge_tilt,156.0,0.95,1.16,0,0,1125.05,64.16,0
44,revenge_tilt,41.0,0.9,0.94,0,0,982.47,62.35,1
44,revenge_tilt,29.2,1.17,1.31,0,0,1185.69,60.16,0
44,revenge_tilt,206.3,1.03,0.88,1,1,-1099.41,62.19,0
44,revenge_tilt,16.0,1.4,1.37,1,2,-1011.42,64.06,1
44,revenge_tilt,613.9,1.15,0.82,0,0,1453.63,61.37,0
44,revenge_tilt,181.1,1.12,0.98,1,0,1438.98,58.71,0
44,revenge_tilt,1338.4,0.97,0.86,1,0,1469.94,55.99,0
44,revenge_tilt,163.3,1.96,2.02,0,0,1068.46,54.02,1
44,revenge_tilt,5.1,1.98,1.01,0,1,-1714.76,57.19,1
44,revenge_tilt,49.0,1.22,0.62,1,2,-2286.62,61.41,0
44,revenge_tilt,395.9,0.87,0.72,1,0,1436.69,58.76,0
44,revenge_tilt,412.6,1.11,1.27,0,0,1256.02,56.44,0
44,revenge_tilt,755.2,1.08,0.97,0,0,1313.82,54.01,0
44,revenge_tilt,620.5,1.06,0.99,0,0,1611.21,51.03,0
44,revenge_tilt,93.8,0.93,0.87,0,0,1199.23,48.82,0
44,revenge_tilt,92.4,1.63,1.76,0,1,-1106.32,50.86,1
44,revenge_tilt,3.6,3.78,2.32,0,2,-1460.53,53.56,1
44,revenge_tilt,7.1,2.97,0.79,1,3,-4427.07,61.74,1
44,revenge_tilt,352.7,1.13,0.38,0,0,4090.2,54.18,0
44,revenge_tilt,4.8,1.17,1.04,0,0,1569.3,51.28,1
44,revenge_tilt,4.2,1.02,0.87,0,0,1668.01,48.2,1
44,revenge_tilt,164.1,1.07,1.05,0,1,-1117.88,50.27,0
44,revenge_tilt,32.6,0.87,0.82,0,0,1521.8,47.45,1
44,revenge_tilt,1263.7,1.19,1.36,0,1,-863.13,49.05,0
44,revenge_tilt,310.8,3.28,2.75,1,2,-1129.03,51.14,1
44,revenge_tilt,13.3,0.95,0.29,1,3,-3762.94,58.09,1
44,revenge_tilt,16.7,2.34,2.45,1,4,-1050.48,60.03,1
45,revenge_tilt,7.2,0.84,0.84,0,0,0.0,0.0,0
45,revenge_tilt,2804.6,1.11,1.32,0,1,-901.44,1.8,0
45,revenge_tilt,3.4,3.79,3.42,1,2,-1240.07,4.28,1
45,revenge_tilt,4.2,1.84,0.49,0,3,-3148.65,10.58,0
45,revenge_tilt,27.7,2.88,1.57,0,4,-2114.85,14.81,1
45,revenge_tilt,18.4,2.17,0.75,1,5,-2537.4,19.88,1
45,revenge_tilt,2.5,3.64,1.68,1,6,-1873.04,23.63,1
45,revenge_tilt,489.6,0.81,0.22,0,0,3666.65,16.3,0
45,revenge_tilt,8.4,0.89,1.1,0,0,967.35,14.36,1
45,revenge_tilt,651.4,1.08,1.22,0,1,-773.59,15.91,0
45,revenge_tilt,4.7,2.89,2.67,0,2,-1192.42,18.29,1
45,revenge_tilt,29.3,3.87,1.34,1,3,-2676.35,23.65,1
45,revenge_tilt,11.5,0.89,0.23,0,0,4913.27,13.82,1
45,revenge_tilt,274.3,1.08,1.22,0,1,-869.99,15.56,0
45,revenge_tilt,1005.2,0.86,0.8,0,0,1620.65,12.32,0
45,revenge_tilt,45.6,1.18,1.37,0,0,908.49,10.5,0
45,revenge_tilt,63.2,1.05,0.89,0,1,-1330.27,13.16,0
45,revenge_tilt,502.7,0.87,0.83,0,0,1094.1,10.98,0
45,revenge_tilt,649.0,1.15,1.32,0,0,1108.2,8.76,0
45,revenge_tilt,505.1,0.81,0.7,0,0,1156.55,6.45,0
45,revenge_tilt,145.6,0.93,1.16,1,0,1016.8,4.41,0
45,revenge_tilt,1361.9,0.86,0.92,0,1,-869.84,6.15,0
45,revenge_tilt,13.1,1.08,1.26,0,0,1025.23,4.1,0
45,revenge_tilt,1032.9,0.87,0.81,0,0,1185.71,1.73,0
45,revenge_tilt,363.3,1.14,1.31,1,1,-726.49,3.18,0
45,revenge_tilt,74.8,1.04,0.91,0,0,1492.68,0.2,0
45,revenge_tilt,120.5,0.98,0.95,0,0,1207.2,0.0,0
45,revenge_tilt,209.3,0.93,0.95,0,1,-1130.71,2.21,0
45,revenge_tilt,403.6,1.12,1.21,0,0,1165.96,0.0,0
45,revenge_tilt,24.9,0.85,0.76,0,0,1611.4,0.0,0
45,revenge_tilt,193.3,0.88,1.03,0,1,-679.48,1.29,0
45,revenge_tilt,10.9,1.35,1.53,1,2,-760.16,2.73,1
45,revenge_tilt,4.2,2.87,2.13,0,3,-1130.48,4.87,1
45,revenge_tilt,147.2,1.15,0.4,0,0,3030.88,0.0,0
45,revenge_tilt,91.9,1.02,0.88,0,1,-1238.38,2.33,0
45,revenge_tilt,10.8,1.27,1.25,1,2,-1047.99,4.3,1
45,revenge_tilt,47.8,3.33,2.62,1,3,-1424.41,6.97,1
45,revenge_tilt,382.2,3.49,1.05,1,4,-3231.13,13.04,1
45,revenge_tilt,750.4,0.97,0.28,0,0,4152.53,5.24,0
45,revenge_tilt,73.0,1.16,1.2,1,1,-813.38,6.77,0
45,revenge_tilt,16.3,2.11,1.82,1,2,-1303.8,9.22,1
45,revenge_tilt,20.9,1.45,0.68,0,3,-2365.88,13.67,1
45,revenge_tilt,17.7,1.32,0.91,1,4,-1174.41,15.87,1
45,revenge_tilt,48.1,1.0,0.76,1,5,-1195.87,18.12,0
45,revenge_tilt,40.2,3.73,3.72,1,6,-1087.4,20.16,1
45,revenge_tilt,273.0,1.14,0.31,1,0,4066.6,12.52,0
45,revenge_tilt,8.2,1.02,0.89,0,0,1292.68,10.09,1
45,revenge_tilt,271.5,1.15,1.13,0,0,1321.03,7.61,0
45,revenge_tilt,1292.4,0.95,0.82,0,1,-1377.74,10.2,0
45,revenge_tilt,503.0,0.88,0.93,1,0,1099.26,8.13,0
45,revenge_tilt,132.0,0.82,0.93,0,0,1299.1,5.69,0
45,revenge_tilt,15.5,0.93,1.12,0,0,1017.53,3.78,0
45,revenge_tilt,161.7,1.18,1.27,0,0,935.46,2.02,1
45,revenge_tilt,394.6,0.96,0.81,1,1,-942.38,3.79,0
45,revenge_tilt,52.8,0.85,0.9,0,0,1212.9,1.51,0
45,revenge_tilt,398.0,1.1,1.28,0,0,1229.18,0.0,0
45,revenge_tilt,1153.6,1.15,1.05,0,0,1575.78,0.0,0
45,revenge_tilt,150.8,0.99,0.86,0,1,-1380.46,2.5,0
45,revenge_tilt,39.7,1.02,1.03,0,2,-848.81,4.04,1
45,revenge_tilt,125.3,1.48,1.45,1,3,-922.16,5.71,0
45,revenge_tilt,146.3,1.07,0.72,0,0,1551.19,2.9,1
45,revenge_tilt,870.0,1.13,1.05,0,1,-913.34,4.55,0
45,revenge_tilt,1446.3,1.15,1.02,1,0,1563.12,1.72,0
45,revenge_tilt,14.8,1.1,0.96,0,0,1445.26,0.0,0
45,revenge_tilt,711.8,0.92,0.83,0,1,-979.27,1.76,0
45,revenge_tilt,32.5,2.82,3.08,1,2,-1045.27,3.63,1
45,revenge_tilt,117.8,0.93,0.33,0,0,4223.57,0.0,0
45,revenge_tilt,1174.8,1.15,1.24,0,0,1081.64,0.0,0
45,revenge_tilt,187.6,1.12,0.97,0,1,-1290.16,2.19,0
45,revenge_tilt,1330.3,1.1,0.98,1,0,1316.39,0.0,0
45,revenge_tilt,8.3,0.89,0.8,0,1,-1151.33,1.95,0
45,revenge_tilt,12.1,1.21,1.36,1,2,-895.48,3.47,1
45,revenge_tilt,36.3,0.98,0.81,0,3,-1071.45,5.28,1
45,revenge_tilt,30.7,1.04,1.06,1,4,-964.88,6.92,1
45,revenge_tilt,43.5,3.23,3.1,1,5,-1013.6,8.64,1
45,revenge_tilt,120.3,2.21,0.68,1,6,-3337.5,14.29,1
45,revenge_tilt,23.5,0.81,0.37,0,0,3183.93,8.9,0
45,revenge_tilt,574.9,1.13,1.4,1,1,-786.99,10.23,0
45,revenge_tilt,10.4,0.96,0.84,1,0,1660.14,7.42,0
45,revenge_tilt,898.9,1.15,1.2,0,1,-1027.14,9.16,0
45,revenge_tilt,133.7,0.95,0.83,0,0,1205.12,7.12,0
45,revenge_tilt,714.2,1.04,1.1,0,1,-825.41,8.51,0
45,revenge_tilt,107.2,1.92,1.84,1,2,-1027.61,10.26,1
45,revenge_tilt,239.0,1.05,0.55,0,0,2638.08,5.78,0
45,revenge_tilt,1814.5,0.84,0.8,0,1,-1238.37,7.88,0
45,revenge_tilt,966.4,0.94,1.11,0,0,1070.82,6.07,0
45,revenge_tilt,112.4,0.95,1.01,0,0,1319.06,3.83,0
45,revenge_tilt,318.4,0.8,0.84,0,1,-1041.84,5.6,0
45,revenge_tilt,52.4,1.18,1.47,1,0,1095.53,3.74,0
45,revenge_tilt,1064.4,1.02,0.87,0,1,-1177.78,5.74,0
45,revenge_tilt,106.8,2.8,2.73,1,2,-1163.99,7.71,1
45,revenge_tilt,76.5,2.56,0.92,1,3,-2570.69,12.07,1
45,revenge_tilt,8.0,3.92,1.53,1,4,-2263.34,15.9,1
45,revenge_tilt,284.7,0.89,0.23,0,0,3960.2,9.19,0
45,revenge_tilt,1382.3,1.12,1.27,0,0,1040.99,7.43,0
45,revenge_tilt,201.4,1.84,1.64,0,0,1233.22,5.34,0
45,revenge_tilt,402.5,0.82,0.44,0,1,-1731.5,8.27,0
45,revenge_tilt,25.2,0.99,1.22,0,0,821.25,6.88,1
45,revenge_tilt,78.8,1.06,1.07,0,1,-1001.48,8.58,0
45,revenge_tilt,814.2,0.85,0.8,0,0,1525.63,5.99,0
45,revenge_tilt,881.3,1.05,1.24,0,1,-765.04,7.29,0
45,revenge_tilt,70.6,3.7,3.53,1,2,-863.92,8.75,1
45,revenge_tilt,11.6,2.91,0.79,1,3,-3545.82,14.76,1
45,revenge_tilt,50.8,1.1,0.38,1,4,-2630.17,19.22,0
45,revenge_tilt,36.7,1.01,0.92,1,5,-915.72,20.77,1
45,revenge_tilt,142.0,1.17,1.15,0,0,1411.13,18.38,0
45,revenge_tilt,324.4,0.87,0.74,0,0,1647.26,15.59,0
45,revenge_tilt,220.2,1.11,1.28,0,1,-938.08,17.18,0
45,revenge_tilt,192.0,1.2,1.08,0,0,1163.62,15.2,0
45,revenge_tilt,101.6,1.04,0.87,1,0,1488.75,12.68,0
45,revenge_tilt,454.8,1.13,1.09,0,0,1042.53,10.92,0
45,revenge_tilt,876.8,1.17,1.04,1,1,-935.99,12.5,0
45,revenge_tilt,902.6,1.07,0.91,0,0,1416.14,10.1,0
45,revenge_tilt,564.7,1.13,1.05,0,1,-1151.09,12.05,0
45,revenge_tilt,271.9,0.96,0.85,0,0,1403.76,9.67,0
45,revenge_tilt,256.3,0.94,0.98,0,1,-850.42,11.11,1
45,revenge_tilt,672.2,1.18,1.25,1,0,1157.81,9.15,0
45,revenge_tilt,502.4,1.12,0.95,1,0,1195.14,7.13,0
45,revenge_tilt,432.4,1.11,0.99,0,0,1397.24,4.76,0
45,revenge_tilt,183.3,0.86,0.78,1,1,-1318.28,6.99,0
45,revenge_tilt,222.8,0.96,1.11,0,0,1238.52,4.9,0
45,revenge_tilt,39.9,1.0,1.04,0,1,-965.45,6.53,0
45,revenge_tilt,22.5,3.43,3.43,1,2,-1151.5,8.48,1
45,revenge_tilt,3.2,1.16,0.34,1,3,-2921.31,13.43,1
45,revenge_tilt,30.8,1.02,0.88,0,0,1466.93,10.95,1
45,revenge_tilt,1513.5,1.02,1.01,0,1,-861.95,12.41,0
45,revenge_tilt,197.5,1.72,1.68,1,0,1347.86,10.12,0
45,revenge_tilt,365.8,0.97,0.57,1,1,-1663.68,12.94,0
45,revenge_tilt,30.2,1.01,1.04,1,2,-1027.14,14.68,1
45,revenge_tilt,323.6,1.11,1.1,0,0,1230.16,12.6,0
45,revenge_tilt,139.0,0.89,0.8,0,1,-914.35,14.15,0
45,revenge_tilt,111.0,0.97,1.09,0,0,1114.78,12.26,0
45,revenge_tilt,456.6,1.08,1.11,0,0,1034.37,10.51,0
45,revenge_tilt,130.4,1.1,1.01,0,0,1120.19,8.61,0
45,revenge_tilt,208.3,1.08,0.98,0,0,1567.18,5.95,0
45,revenge_tilt,49.3,0.94,0.88,0,0,1353.22,3.66,0
45,revenge_tilt,1247.5,0.85,0.9,0,1,-769.85,4.96,0
45,revenge_tilt,0.0,1.25,1.47,1,2,-723.95,6.19,1
45,revenge_tilt,23.3,1.13,0.9,0,0,1642.71,3.41,0
45,revenge_tilt,39.3,1.17,1.04,0,1,-1085.24,5.25,0
45,revenge_tilt,142.7,1.13,0.97,1,0,1315.24,3.02,0
45,revenge_tilt,784.4,1.0,0.88,0,1,-973.17,4.67,0
45,revenge_tilt,12.2,2.89,2.89,1,2,-1038.71,6.43,1
45,revenge_tilt,96.1,1.28,0.44,1,3,-2430.64,10.54,0
45,revenge_tilt,83.6,1.18,0.92,0,0,1353.08,8.25,0
45,revenge_tilt,12.5,0.93,0.79,0,0,1763.99,5.26,0
45,revenge_tilt,794.3,0.98,1.05,1,1,-1019.34,6.99,0
45,revenge_tilt,669.2,0.92,0.94,0,0,1226.41,4.91,0
45,revenge_tilt,104.2,1.11,1.21,0,1,-918.8,6.47,0
45,revenge_tilt,354.5,1.15,1.04,0,0,1283.77,4.29,0
46,revenge_tilt,407.9,1.19,1.19,0,0,0.0,0.0,0
46,revenge_tilt,10.8,1.12,0.94,0,0,1203.45,0.0,0
46,revenge_tilt,649.8,0.85,0.76,1,0,1530.17,0.0,0
46,revenge_tilt,339.3,0.87,1.03,0,0,1265.09,0.0,0
46,revenge_tilt,1107.9,0.92,1.06,0,0,870.49,0.0,0
46,revenge_tilt,757.3,1.18,1.28,0,1,-789.9,1.44,0
46,revenge_tilt,345.1,0.91,0.77,0,0,1269.51,0.0,0
46,revenge_tilt,99.9,1.15,1.26,0,1,-1048.1,1.89,0
46,revenge_tilt,101.0,1.06,0.92,0,0,1650.75,0.0,0
46,revenge_tilt,97.6,1.12,1.06,0,0,1109.7,0.0,0
46,revenge_tilt,195.1,0.86,0.77,0,1,-1293.19,2.27,0
46,revenge_tilt,200.6,1.13,1.31,0,0,1124.85,0.3,0
46,revenge_tilt,7.9,0.83,0.73,0,1,-1046.95,2.13,0
46,revenge_tilt,16.8,3.28,3.97,1,2,-944.81,3.79,1
46,revenge_tilt,28.2,1.04,0.32,0,0,4271.47,0.0,0
46,revenge_tilt,253.6,1.17,1.13,0,0,1195.08,0.0,0
46,revenge_tilt,754.3,1.1,0.94,0,0,1170.97,0.0,0
46,revenge_tilt,292.0,0.85,0.77,0,1,-1085.6,1.76,0
46,revenge_tilt,73.0,1.18,1.39,1,2,-808.81,3.08,0
46,revenge_tilt,970.9,2.0,1.69,0,0,1437.58,0.74,0
46,revenge_tilt,52.4,0.86,0.43,0,0,2459.2,0.0,0
46,revenge_tilt,28.3,0.83,0.96,0,1,-881.76,1.39,0
46,revenge_tilt,33.8,1.84,2.22,1,2,-686.33,2.47,1
46,revenge_tilt,4.5,3.59,1.95,0,3,-1599.93,4.99,1
46,revenge_tilt,57.8,2.05,0.57,0,4,-3813.55,10.99,1
46,revenge_tilt,122.6,1.12,0.55,1,0,2715.2,6.71,0
46,revenge_tilt,2.6,0.95,0.85,1,1,-1020.97,8.32,0
46,revenge_tilt,2279.0,1.17,1.23,0,0,1178.61,6.47,0
46,revenge_tilt,36.2,1.1,0.94,0,1,-1388.46,8.65,0
46,revenge_tilt,270.0,1.17,1.06,0,0,1210.63,6.75,0
46,revenge_tilt,115.9,0.93,0.79,1,0,1543.4,4.32,0
46,revenge_tilt,146.7,1.13,1.22,0,1,-894.61,5.73,0
46,revenge_tilt,158.0,3.33,2.95,1,2,-988.96,7.28,1
46,revenge_tilt,7.1,2.27,0.68,0,3,-3257.15,12.41,1
46,revenge_tilt,11.2,2.64,1.16,1,4,-2498.72,16.34,1
46,revenge_tilt,15.3,2.85,1.08,1,5,-2633.97,20.49,1
46,revenge_tilt,10.1,3.75,1.32,1,6,-3100.93,25.37,1
46,revenge_tilt,27.5,1.92,0.51,1,7,-3803.18,31.35,1
46,revenge_tilt,11.5,2.6,1.36,1,8,-2272.73,34.93,1
46,revenge_tilt,40.3,0.91,0.35,1,9,-2251.62,38.47,1
46,revenge_tilt,7.3,0.91,1.0,0,10,-926.3,39.93,1
46,revenge_tilt,1294.5,1.6,1.76,0,0,1216.3,38.01,1
46,revenge_tilt,374.7,1.2,0.75,0,1,-1433.54,40.27,0
46,revenge_tilt,20.3,1.15,0.96,1,2,-1113.97,42.02,1
46,revenge_tilt,904.0,1.01,0.88,0,0,1530.43,39.62,0
46,revenge_tilt,27.0,0.91,0.91,1,0,1239.85,37.66,1
46,revenge_tilt,49.3,1.16,1.27,0,1,-1023.27,39.27,0
46,revenge_tilt,541.3,0.93,0.8,0,0,1675.64,36.64,0
46,revenge_tilt,1067.4,0.84,0.91,0,0,1081.6,34.94,0
46,revenge_tilt,849.0,0.84,1.0,0,0,1077.94,33.24,1
46,revenge_tilt,1050.3,1.12,1.33,0,0,1045.59,31.59,0
46,revenge_tilt,582.9,1.01,0.9,0,0,1543.48,29.16,0
46,revenge_tilt,343.8,1.16,1.15,1,0,1098.98,27.43,0
46,revenge_tilt,128.6,1.19,1.02,0,0,1234.93,25.49,0
46,revenge_tilt,732.0,0.96,0.81,1,1,-1120.71,27.25,1
46,revenge_tilt,72.0,3.97,4.13,1,2,-955.26,28.76,1
46,revenge_tilt,67.0,1.42,0.36,1,3,-4424.52,35.72,0
46,revenge_tilt,185.9,0.84,0.59,0,0,1862.38,32.79,0
46,revenge_tilt,2576.6,0.98,1.18,0,1,-983.5,34.34,0
46,revenge_tilt,10.2,1.07,1.09,0,0,1283.0,32.32,1
46,revenge_tilt,168.2,0.96,0.89,0,1,-956.02,33.82,0
46,revenge_tilt,9.1,1.03,1.08,0,0,1284.06,31.8,1
46,revenge_tilt,167.0,0.85,0.82,0,0,1370.83,29.65,1
46,revenge_tilt,116.7,1.14,1.35,0,1,-752.84,30.83,0
46,revenge_tilt,31.7,3.1,2.71,1,2,-1323.54,32.91,1
46,revenge_tilt,14.5,3.95,1.27,1,3,-2764.89,37.26,1
46,revenge_tilt,235.8,1.14,0.29,0,0,4797.64,29.71,0
46,revenge_tilt,46.5,0.87,0.76,0,1,-1128.31,31.49,0
46,revenge_tilt,868.3,1.17,1.34,0,0,1086.58,29.78,0
46,revenge_tilt,625.1,0.87,0.74,0,0,1740.38,27.04,0
46,revenge_tilt,40.1,0.83,0.96,0,1,-801.42,28.3,1
46,revenge_tilt,14.3,2.33,2.79,1,2,-783.33,29.54,1
46,revenge_tilt,54.0,1.06,0.45,0,3,-2717.52,33.81,0
46,revenge_tilt,1172.2,1.14,1.08,0,0,1536.79,31.39,0
46,revenge_tilt,14.9,0.91,0.8,0,1,-977.42,32.93,1
46,revenge_tilt,1057.9,1.03,1.13,0,0,1032.94,31.31,0
46,revenge_tilt,2081.1,0.83,0.8,0,0,1224.49,29.38,0
46,revenge_tilt,136.3,0.94,1.13,0,1,-988.04,30.93,0
46,revenge_tilt,373.0,1.08,1.15,0,0,1025.41,29.32,0
46,revenge_tilt,90.3,0.81,0.75,0,0,1422.85,27.08,0
46,revenge_tilt,38.0,1.17,1.45,0,1,-898.02,28.49,1
46,revenge_tilt,16.6,3.75,3.2,1,2,-1290.33,30.52,1
46,revenge_tilt,2.0,2.88,0.77,1,3,-3630.33,36.24,1
46,revenge_tilt,3.8,1.49,0.52,0,4,-2680.39,40.46,1
46,revenge_tilt,233.9,1.02,0.69,0,0,1605.19,37.93,0
46,revenge_tilt,72.2,0.86,0.84,0,1,-1181.36,39.79,0
46,revenge_tilt,149.5,3.08,3.58,1,2,-823.66,41.09,1
46,revenge_tilt,214.0,0.93,0.3,1,0,3642.54,35.35,0
46,revenge_tilt,20.9,1.0,1.08,0,0,972.17,33.82,1
46,revenge_tilt,465.8,0.96,0.96,1,1,-891.47,35.23,0
46,revenge_tilt,443.3,0.9,0.95,1,0,972.14,33.7,0
46,revenge_tilt,464.8,0.81,0.9,1,0,1273.88,31.69,0
46,revenge_tilt,624.8,0.99,1.22,0,1,-941.42,33.17,0
46,revenge_tilt,40.6,2.41,2.45,0,2,-1165.31,35.01,1
46,revenge_tilt,54.4,2.52,1.05,1,3,-1946.87,38.07,1
46,revenge_tilt,237.7,2.61,1.04,1,4,-2892.39,42.62,1
46,revenge_tilt,68.9,3.93,1.5,1,5,-2416.29,46.43,1
46,revenge_tilt,64.4,0.98,0.25,0,0,4124.22,39.93,0
46,revenge_tilt,150.7,0.94,0.96,0,1,-958.93,41.44,0
46,revenge_tilt,28.2,3.93,4.17,1,2,-838.41,42.76,1
46,revenge_tilt,755.8,1.2,0.3,0,0,4312.83,35.98,0
46,revenge_tilt,432.3,1.14,0.95,1,0,1755.58,33.21,0
46,revenge_tilt,66.4,0.8,0.71,0,0,1259.4,31.23,0
46,revenge_tilt,57.2,0.96,1.2,1,1,-738.8,32.39,0
46,revenge_tilt,11.9,1.8,1.87,0,0,1399.1,30.19,1
46,revenge_tilt,18.8,1.2,0.67,0,1,-1554.71,32.64,1
46,revenge_tilt,11.8,3.82,3.19,0,2,-1023.96,34.25,1
46,revenge_tilt,19.9,2.0,0.52,0,3,-4019.08,40.58,1
46,revenge_tilt,33.0,3.13,1.57,1,4,-2030.83,43.77,1
46,revenge_tilt,24.5,2.4,0.77,1,5,-2746.33,48.09,1
46,revenge_tilt,19.8,3.85,1.61,0,6,-2002.21,51.24,1
46,revenge_tilt,3.8,1.48,0.39,1,7,-3935.46,57.44,1
46,revenge_tilt,25.7,1.55,1.04,0,0,1512.28,55.06,1
46,revenge_tilt,186.6,1.17,0.75,0,1,-1314.45,57.13,0
46,revenge_tilt,0.6,1.02,0.87,0,0,1712.37,54.43,1
46,revenge_tilt,48.7,1.1,1.08,0,1,-1024.01,56.04,0
46,revenge_tilt,337.2,1.11,1.01,0,0,1097.29,54.32,0
46,revenge_tilt,92.9,1.01,0.91,0,1,-1252.0,56.29,0
46,revenge_tilt,4.4,1.86,1.84,0,2,-930.19,57.75,1
46,revenge_tilt,327.3,0.83,0.45,1,0,2607.7,53.65,0
46,revenge_tilt,3.7,1.16,1.39,0,0,1116.81,51.89,1
46,revenge_tilt,1251.8,1.01,0.87,0,0,1448.02,49.61,0
46,revenge_tilt,27.3,1.14,1.13,0,1,-970.12,51.14,1
46,revenge_tilt,182.2,3.4,2.98,1,2,-1012.81,52.73,1
46,revenge_tilt,6.5,3.35,0.98,0,3,-3539.94,58.3,1
46,revenge_tilt,127.2,1.15,0.34,1,4,-3568.43,63.92,0
46,revenge_tilt,16.7,1.02,0.89,1,5,-1051.01,65.57,1
46,revenge_tilt,45.8,1.29,1.26,0,6,-857.44,66.92,0
46,revenge_tilt,325.2,3.01,2.34,1,7,-1338.67,69.03,1
46,revenge_tilt,7.3,1.35,0.45,1,8,-3083.24,73.88,1
46,revenge_tilt,0.9,0.92,0.68,1,9,-1279.59,75.89,1
46,revenge_tilt,1.7,2.15,2.34,1,10,-975.82,77.43,1
46,revenge_tilt,12.8,2.79,1.3,1,11,-2484.68,81.34,1
46,revenge_tilt,340.1,1.02,0.36,0,0,2919.45,76.75,0
46,revenge_tilt,524.8,1.13,1.11,0,1,-907.26,78.17,0
46,revenge_tilt,108.7,0.91,0.81,0,0,1482.32,75.84,0
46,revenge_tilt,233.7,0.88,0.97,0,0,1286.22,73.82,0
46,revenge_tilt,159.0,0.87,0.98,0,1,-986.95,75.37,0
46,revenge_tilt,463.9,1.05,1.21,0,0,1175.69,73.52,0
46,revenge_tilt,172.8,1.04,0.99,1,0,1246.41,71.56,0
46,revenge_tilt,384.3,0.88,0.84,0,1,-1087.71,73.27,0
46,revenge_tilt,34.3,1.14,1.29,1,0,1177.48,71.42,1
46,revenge_tilt,121.3,1.0,0.88,0,0,1172.57,69.57,0
46,revenge_tilt,74.5,0.84,0.84,0,1,-1022.74,71.18,0
46,revenge_tilt,23.5,0.97,1.15,0,0,1023.8,69.57,1
46,revenge_tilt,845.4,1.12,1.16,0,1,-793.84,70.82,0
46,revenge_tilt,219.5,0.9,0.8,0,0,1473.49,68.5,0
46,revenge_tilt,164.9,0.88,0.99,0,0,1020.68,66.89,0
46,revenge_tilt,691.0,1.13,1.28,0,1,-1032.91,68.52,0
46,revenge_tilt,334.6,1.04,0.92,0,0,1246.42,66.56,0
47,revenge_tilt,1005.8,1.2,1.2,0,0,0.0,0.0,0
47,revenge_tilt,152.6,0.91,0.76,0,1,-1236.26,2.47,0
47,revenge_tilt,11.9,3.31,3.63,0,2,-733.6,3.94,1
47,revenge_tilt,14.9,2.16,0.65,0,3,-3637.97,11.22,1
47,revenge_tilt,15.4,2.19,1.02,0,4,-2411.28,16.04,1
47,revenge_tilt,125.2,1.0,0.46,1,5,-2432.65,20.9,0
47,revenge_tilt,32.3,1.05,1.05,0,0,1237.29,18.43,1
47,revenge_tilt,93.0,1.05,1.0,0,1,-883.09,20.2,0
47,revenge_tilt,12.5,1.94,1.84,1,2,-1074.97,22.35,1
47,revenge_tilt,309.6,2.31,1.19,1,3,-2184.75,26.71,1
47,revenge_tilt,95.2,2.13,0.92,0,4,-2606.59,31.93,0
47,revenge_tilt,33.2,0.93,0.44,0,0,2741.92,26.44,1
47,revenge_tilt,281.4,0.81,0.86,0,1,-1043.09,28.53,0
47,revenge_tilt,41.6,3.73,4.63,1,2,-860.94,30.25,1
47,revenge_tilt,328.8,0.93,0.25,1,3,-4373.53,39.0,0
47,revenge_tilt,358.2,0.97,1.04,0,0,987.84,37.02,0
47,revenge_tilt,770.1,0.91,0.94,0,0,1230.63,34.56,0
47,revenge_tilt,1161.9,1.15,1.27,0,0,1153.93,32.25,0
47,revenge_tilt,84.6,0.83,0.73,1,1,-1010.4,34.28,0
47,revenge_tilt,6.9,2.11,2.53,1,2,-960.55,36.2,1
47,revenge_tilt,837.5,0.99,0.47,1,0,2852.96,30.49,0
47,revenge_tilt,752.5,1.04,1.06,0,0,1193.15,28.1,0
47,revenge_tilt,314.0,1.0,0.96,0,0,1263.98,25.58,0
47,revenge_tilt,256.6,1.63,1.64,1,0,1393.23,22.79,0
47,revenge_tilt,237.4,0.8,0.49,1,0,1676.34,19.44,0
47,revenge_tilt,87.6,1.13,1.41,0,1,-958.0,21.35,0
47,revenge_tilt,60.4,3.79,3.36,0,2,-1068.49,23.49,1
47,revenge_tilt,235.3,1.0,0.26,0,0,5408.6,12.67,0
47,revenge_tilt,17.3,0.93,0.92,1,1,-929.99,14.53,1
47,revenge_tilt,3.0,1.21,1.3,1,2,-873.49,16.28,1
47,revenge_tilt,1.4,1.42,1.18,1,3,-1143.87,18.57,1
47,revenge_tilt,431.3,1.75,1.23,0,0,1929.71,14.71,0
47,revenge_tilt,65.7,0.84,0.48,0,1,-1429.33,17.57,0
47,revenge_tilt,44.4,3.26,3.89,1,2,-762.15,19.09,1
47,revenge_tilt,9.7,3.38,1.04,1,3,-2677.78,24.45,1
47,revenge_tilt,243.3,1.18,0.35,0,0,3406.09,17.63,0
47,revenge_tilt,704.1,1.02,0.86,1,1,-1041.66,19.72,0
47,revenge_tilt,53.7,1.17,1.14,1,2,-883.58,21.48,0
47,revenge_tilt,0.3,1.33,1.14,0,3,-1363.48,24.21,1
47,revenge_tilt,579.2,0.88,0.66,0,0,1760.02,20.69,0
47,revenge_tilt,755.1,1.12,1.27,0,1,-824.73,22.34,0
47,revenge_tilt,18.7,0.84,0.75,0,0,1299.0,19.74,1
47,revenge_tilt,33.3,1.18,1.4,0,1,-935.19,21.61,1
47,revenge_tilt,1239.6,0.93,0.78,0,0,1606.57,18.4,0
47,revenge_tilt,99.7,0.94,1.02,1,1,-930.51,20.26,0
47,revenge_tilt,1180.1,0.99,1.05,0,0,1178.34,17.9,0
47,revenge_tilt,10.8,0.8,0.81,0,0,1298.6,15.31,1
47,revenge_tilt,14.2,0.99,1.23,0,1,-913.53,17.13,1
47,revenge_tilt,68.1,1.43,1.44,1,2,-972.19,19.08,0
47,revenge_tilt,18.2,2.57,1.8,1,3,-1457.38,21.99,1
47,revenge_tilt,11.0,1.42,0.55,1,4,-2161.18,26.32,1
47,revenge_tilt,34.8,0.9,0.63,0,0,1974.79,22.37,1
47,revenge_tilt,1714.1,0.97,1.08,0,1,-961.59,24.29,0
47,revenge_tilt,679.5,0.86,0.89,0,0,1095.86,22.1,0
47,revenge_tilt,95.4,1.11,1.29,0,1,-735.15,23.57,0
47,revenge_tilt,1.8,3.34,3.0,1,2,-1125.05,25.82,1
47,revenge_tilt,104.7,3.05,0.91,1,3,-2861.25,31.54,1
47,revenge_tilt,22.2,2.05,0.67,1,4,-3652.12,38.85,1
47,revenge_tilt,1294.2,1.05,0.51,0,0,2575.49,33.69,0
47,revenge_tilt,30.3,1.08,1.03,0,1,-976.98,35.65,1
47,revenge_tilt,269.1,3.32,3.06,1,2,-1086.93,37.82,1
47,revenge_tilt,3.9,2.84,0.86,1,3,-3399.35,44.62,1
47,revenge_tilt,974.3,0.87,0.31,1,0,3634.26,37.35,0
47,revenge_tilt,391.3,1.18,1.36,1,0,1272.37,34.81,0
47,revenge_tilt,14.1,1.02,0.87,0,1,-1252.39,37.31,1
47,revenge_tilt,89.6,3.18,3.12,1,2,-1036.78,39.39,1
47,revenge_tilt,951.5,0.97,0.3,0,0,3812.27,31.76,0
47,revenge_tilt,29.3,1.06,1.09,1,1,-914.7,33.59,1
47,revenge_tilt,324.8,3.61,3.4,1,2,-918.1,35.43,1
47,revenge_tilt,261.5,0.86,0.24,0,0,3748.24,27.93,0
47,revenge_tilt,535.2,1.93,2.25,1,1,-736.93,29.4,1
47,revenge_tilt,15.9,2.73,1.42,1,2,-2034.43,33.47,1
47,revenge_tilt,2.2,1.15,0.42,1,3,-2215.35,37.9,1
47,revenge_tilt,31.7,2.14,1.86,1,4,-1345.76,40.6,1
47,revenge_tilt,9.3,1.39,0.65,1,5,-2002.61,44.6,1
47,revenge_tilt,153.5,1.13,0.82,1,6,-1196.87,46.99,0
47,revenge_tilt,9.1,1.25,1.11,1,7,-1067.56,49.13,1
47,revenge_tilt,68.5,1.02,0.81,1,0,1505.75,46.12,0
47,revenge_tilt,104.8,0.9,0.89,0,1,-1097.02,48.31,0
47,revenge_tilt,12.0,0.97,1.07,0,0,1156.16,46.0,1
47,revenge_tilt,657.1,1.04,1.08,0,0,1401.65,43.2,0
47,revenge_tilt,201.8,1.03,0.99,0,1,-945.28,45.09,0
47,revenge_tilt,476.5,1.19,1.15,0,0,1143.82,42.8,0
47,revenge_tilt,250.7,1.06,0.9,0,0,1427.12,39.94,0
47,revenge_tilt,1.6,1.16,1.09,1,0,1471.25,37.0,1
47,revenge_tilt,476.9,1.04,0.9,0,0,1347.91,34.31,0
47,revenge_tilt,117.5,1.2,1.15,0,1,-1128.45,36.56,0
47,revenge_tilt,25.4,1.9,1.59,0,2,-1423.17,39.41,1
47,revenge_tilt,58.7,1.95,1.03,1,3,-2025.86,43.46,1
47,revenge_tilt,39.8,1.09,0.56,1,4,-1698.29,46.86,1
47,revenge_tilt,3.1,3.55,3.25,1,5,-981.43,48.82,1
47,revenge_tilt,284.2,1.08,0.3,0,0,4321.68,40.18,0
47,revenge_tilt,576.8,0.87,0.8,0,1,-1210.46,42.6,0
47,revenge_tilt,7.1,1.98,2.29,1,2,-820.81,44.24,1
47,revenge_tilt,15.3,1.06,0.53,1,3,-2057.24,48.35,1
47,revenge_tilt,440.5,1.13,1.07,1,0,1555.34,45.24,0
47,revenge_tilt,732.2,0.88,0.78,0,1,-1177.91,47.6,0
47,revenge_tilt,52.9,0.92,1.04,0,2,-758.78,49.12,0
47,revenge_tilt,295.8,1.08,1.17,1,0,1085.21,46.95,0
47,revenge_tilt,165.3,0.97,0.9,0,0,1527.31,43.89,0
47,revenge_tilt,520.8,0.96,0.99,1,1,-995.18,45.88,0
47,revenge_tilt,0.9,3.38,3.52,1,2,-771.0,47.42,1
47,revenge_tilt,52.0,1.06,0.31,0,0,4954.98,37.51,0
47,revenge_tilt,0.3,0.97,0.91,1,1,-1099.44,39.71,1
47,revenge_tilt,690.8,1.05,1.08,0,0,1072.64,37.57,0
47,revenge_tilt,56.0,1.03,0.99,0,0,1328.25,34.91,0
47,revenge_tilt,204.7,0.87,0.85,0,1,-1016.96,36.95,0
47,revenge_tilt,30.4,1.29,1.48,0,2,-879.76,38.71,1
47,revenge_tilt,4.6,2.62,2.03,1,3,-1445.27,41.6,1
47,revenge_tilt,1.9,0.96,0.37,1,4,-2203.67,46.0,1
47,revenge_tilt,39.9,1.16,1.2,1,5,-928.69,47.86,1
47,revenge_tilt,404.8,1.06,0.91,0,0,1520.29,44.82,0
47,revenge_tilt,65.8,0.9,0.85,0,1,-1185.51,47.19,0
47,revenge_tilt,4.3,3.82,4.26,1,2,-805.45,48.8,1
47,revenge_tilt,254.5,3.77,0.99,1,3,-4165.67,57.13,1
47,revenge_tilt,86.8,0.85,0.23,0,0,4159.33,48.81,0
47,revenge_tilt,36.7,0.87,1.02,0,1,-726.37,50.27,0
47,revenge_tilt,391.6,3.63,4.19,1,2,-976.28,52.22,1
47,revenge_tilt,32.2,1.24,0.34,0,3,-3142.57,58.5,1
47,revenge_tilt,14.2,1.44,1.16,1,4,-1052.47,60.61,1
47,revenge_tilt,24.3,3.61,2.51,1,5,-1155.02,62.92,1
47,revenge_tilt,22.3,1.4,0.39,1,6,-3500.61,69.92,1
47,revenge_tilt,483.6,0.84,0.6,1,0,1465.62,66.99,0
47,revenge_tilt,507.3,1.09,1.29,0,1,-967.61,68.93,0
47,revenge_tilt,8.7,3.94,3.62,1,2,-1141.59,71.21,1
47,revenge_tilt,409.5,0.87,0.22,0,0,3947.55,63.31,0
47,revenge_tilt,1543.7,0.93,1.06,0,0,1181.77,60.95,0
47,revenge_tilt,324.9,1.12,1.2,0,1,-866.69,62.68,0
47,revenge_tilt,6.2,1.15,1.03,0,0,1134.32,60.41,1
47,revenge_tilt,691.8,1.15,0.99,0,0,1574.02,57.27,0
47,revenge_tilt,212.7,1.02,0.89,1,0,1322.18,54.62,0
47,revenge_tilt,349.8,1.58,1.55,1,0,1362.84,51.9,0
47,revenge_tilt,122.1,1.11,0.7,1,0,2328.34,47.24,0
47,revenge_tilt,1097.1,1.11,1.0,0,0,1429.59,44.38,0
47,revenge_tilt,87.2,1.12,1.01,0,1,-1248.27,46.88,0
47,revenge_tilt,37.8,3.24,2.9,1,2,-1254.34,49.39,1
47,revenge_tilt,6.2,3.88,1.2,1,3,-3402.57,56.19,1
47,revenge_tilt,958.7,0.99,0.26,1,0,4700.03,46.79,0
47,revenge_tilt,449.5,1.14,1.15,0,0,1171.75,44.45,0
47,revenge_tilt,581.3,1.0,0.87,0,1,-1276.65,47.0,0
47,revenge_tilt,13.6,3.27,3.28,1,2,-966.74,48.93,1
47,revenge_tilt,232.2,1.1,0.34,0,0,3282.3,42.37,0
47,revenge_tilt,579.0,1.16,1.05,0,1,-1203.09,44.78,0
47,revenge_tilt,117.3,0.84,0.72,0,0,1412.48,41.95,0
47,revenge_tilt,450.9,0.91,1.09,0,1,-986.86,43.92,0
47,revenge_tilt,236.3,1.07,1.17,0,0,1246.62,41.43,0
47,revenge_tilt,178.9,1.01,0.94,1,0,1350.34,38.73,0
47,revenge_tilt,665.7,1.03,1.03,0,0,1390.9,35.95,0
47,revenge_tilt,482.8,1.08,1.05,0,1,-959.8,37.87,0
47,revenge_tilt,145.2,0.98,0.9,1,0,1478.32,34.91,0
48,revenge_tilt,55.4,1.11,1.11,0,0,0.0,0.0,0
48,revenge_tilt,143.3,1.19,1.07,1,1,-1044.09,2.09,0
48,revenge_tilt,115.3,0.94,0.79,1,0,1245.93,0.0,0
48,revenge_tilt,217.5,1.1,1.17,0,1,-803.04,1.6,0
48,revenge_tilt,34.9,3.5,3.18,1,2,-924.82,3.44,1
48,revenge_tilt,318.6,1.09,0.31,1,0,3646.71,0.0,0
48,revenge_tilt,413.9,1.18,1.08,1,1,-874.44,1.68,0
48,revenge_tilt,89.8,1.04,0.89,1,2,-1280.26,4.13,0
48,revenge_tilt,8.0,0.86,0.83,0,0,1408.96,1.43,0
48,revenge_tilt,476.4,0.96,1.11,0,0,1220.68,0.0,0
48,revenge_tilt,337.9,0.92,0.96,0,1,-818.7,1.56,0
48,revenge_tilt,5.6,1.19,1.29,0,0,1338.02,0.0,0
48,revenge_tilt,591.2,0.92,0.78,0,1,-961.44,1.81,0
48,revenge_tilt,843.5,0.89,0.97,0,0,1255.84,0.0,0
48,revenge_tilt,1612.4,0.85,0.95,0,0,1213.19,0.0,0
48,revenge_tilt,556.2,0.84,0.98,0,1,-1013.13,1.85,0
48,revenge_tilt,44.3,2.76,3.3,1,2,-926.73,3.55,1
48,revenge_tilt,247.8,1.13,0.41,1,3,-2208.95,7.6,0
48,revenge_tilt,189.5,0.94,0.83,1,0,1341.56,5.14,0
48,revenge_tilt,585.7,1.14,1.21,1,1,-888.15,6.77,0
48,revenge_tilt,391.9,1.16,1.02,1,0,1257.87,4.46,0
48,revenge_tilt,146.1,0.99,0.85,0,1,-1192.68,6.65,0
48,revenge_tilt,699.7,0.84,0.85,0,0,1231.95,4.39,0
48,revenge_tilt,160.0,1.11,1.33,0,0,1214.16,2.17,0
48,revenge_tilt,6.5,1.05,0.94,0,0,1379.97,0.0,0
48,revenge_tilt,37.0,0.96,0.92,0,1,-995.76,1.82,0
48,revenge_tilt,183.8,0.84,0.87,0,0,1417.23,0.0,0
48,revenge_tilt,1034.7,0.9,1.07,0,0,1110.99,0.0,0
48,revenge_tilt,39.2,1.0,1.12,0,1,-726.94,1.29,0
48,revenge_tilt,184.3,0.85,0.85,0,0,1312.34,0.0,0
48,revenge_tilt,633.1,1.04,1.22,0,1,-857.21,1.51,0
48,revenge_tilt,11.3,2.67,2.57,0,2,-849.73,3.0,1
48,revenge_tilt,108.6,3.12,1.17,1,3,-2676.39,7.7,1
48,revenge_tilt,189.8,1.11,0.35,1,4,-3316.9,13.52,0
48,revenge_tilt,10.5,1.1,1.0,1,5,-987.63,15.26,1
48,revenge_tilt,1282.2,1.08,0.98,0,0,1140.85,13.26,0
48,revenge_tilt,0.2,1.03,0.95,0,0,1277.31,11.01,1
48,revenge_tilt,321.2,0.83,0.81,0,1,-1142.11,13.02,0
48,revenge_tilt,376.3,1.13,1.35,1,0,1202.04,10.91,0
48,revenge_tilt,1064.9,0.94,0.83,0,0,1574.43,8.14,0
48,revenge_tilt,0.6,0.87,0.93,0,0,938.8,6.49,0
48,revenge_tilt,77.8,1.55,1.79,0,0,924.16,4.87,0
48,revenge_tilt,444.8,0.81,0.52,0,0,2001.55,1.35,0
48,revenge_tilt,1013.0,1.1,1.36,0,1,-752.76,2.68,0
48,revenge_tilt,1.8,1.45,1.32,1,2,-1218.42,4.82,1
48,revenge_tilt,115.5,3.41,2.35,1,3,-1543.72,7.53,1
48,revenge_tilt,40.8,3.87,1.14,1,4,-3940.58,14.45,1
48,revenge_tilt,93.1,3.46,0.89,1,5,-4110.03,21.67,1
48,revenge_tilt,11.1,1.16,0.34,1,6,-3088.48,27.09,1
48,revenge_tilt,6.5,2.18,1.87,0,7,-1189.05,29.18,1
48,revenge_tilt,268.9,0.89,0.41,1,0,2611.84,24.59,0
48,revenge_tilt,91.3,0.83,0.94,0,0,1005.63,22.83,0
48,revenge_tilt,777.4,1.55,1.85,0,1,-680.56,24.02,1
48,revenge_tilt,19.2,3.35,2.17,1,2,-1331.11,26.36,1
48,revenge_tilt,44.4,3.52,1.05,1,3,-2696.77,31.1,1
48,revenge_tilt,3.5,1.28,0.36,1,4,-4029.96,38.17,1
48,revenge_tilt,259.8,1.04,0.81,1,0,1886.07,34.86,0
48,revenge_tilt,174.4,0.94,0.9,1,1,-1193.92,36.96,0
48,revenge_tilt,0.4,1.41,1.51,1,2,-1039.45,38.78,1
48,revenge_tilt,258.1,2.42,1.72,1,3,-1483.31,41.39,1
48,revenge_tilt,447.2,2.0,0.82,0,0,2967.86,36.18,1
48,revenge_tilt,3.5,0.87,0.43,0,1,-1853.16,39.43,1
48,revenge_tilt,200.2,1.11,1.28,0,0,930.37,37.8,0
48,revenge_tilt,502.0,1.15,1.03,1,1,-915.5,39.41,0
48,revenge_tilt,577.0,1.15,1.01,0,0,1586.54,36.62,0
48,revenge_tilt,833.8,0.98,0.85,1,0,1278.11,34.37,0
48,revenge_tilt,38.2,1.07,1.1,0,0,1316.35,32.06,1
48,revenge_tilt,55.3,1.06,0.99,0,0,1487.67,29.45,0
48,revenge_tilt,573.5,0.96,0.9,1,1,-962.52,31.14,0
48,revenge_tilt,8.0,0.98,1.03,0,2,-850.58,32.63,1
48,revenge_tilt,11.4,2.56,2.6,1,3,-1123.43,34.61,1
48,revenge_tilt,33.0,3.08,1.2,0,4,-2627.3,39.22,1
48,revenge_tilt,232.6,1.16,0.38,1,5,-3456.5,45.29,0
48,revenge_tilt,87.7,3.83,3.29,0,6,-1310.78,47.59,1
48,revenge_tilt,19.1,0.95,0.25,1,7,-4042.65,54.69,1
48,revenge_tilt,224.0,2.59,2.72,1,8,-1092.31,56.61,1
48,revenge_tilt,96.0,1.18,0.45,1,0,3023.6,51.3,0
48,revenge_tilt,416.4,1.13,0.96,0,0,1207.32,49.18,0
48,revenge_tilt,728.7,1.11,0.98,0,0,1603.95,46.36,0
48,revenge_tilt,704.4,0.8,0.72,0,1,-1016.14,48.15,0
48,revenge_tilt,316.4,0.91,1.14,0,0,937.61,46.5,0
48,revenge_tilt,662.6,1.08,1.19,0,0,1352.58,44.13,0
48,revenge_tilt,52.1,0.86,0.8,0,0,1397.6,41.67,0
48,revenge_tilt,1103.5,1.06,1.23,0,1,-779.21,43.04,0
48,revenge_tilt,43.5,2.95,2.78,1,2,-1178.51,45.11,1
48,revenge_tilt,74.1,2.36,0.8,1,3,-3119.48,50.59,1
48,revenge_tilt,35.0,3.63,1.54,1,4,-2512.07,55.0,1
48,revenge_tilt,37.1,1.22,0.33,1,5,-4319.29,62.59,1
48,revenge_tilt,411.7,1.14,0.94,0,0,1294.5,60.31,0
48,revenge_tilt,4.6,0.87,0.76,0,1,-1291.51,62.58,1
48,revenge_tilt,336.2,1.01,1.16,1,0,1300.89,60.3,0
48,revenge_tilt,10.1,1.02,1.01,0,1,-989.16,62.04,1
48,revenge_tilt,921.5,1.55,1.52,0,0,1207.54,59.91,0
48,revenge_tilt,32.6,0.85,0.55,1,0,1907.43,56.56,1
48,revenge_tilt,292.6,1.13,1.34,0,1,-818.35,58.0,0
48,revenge_tilt,14.3,3.5,3.09,1,2,-1077.01,59.89,1
48,revenge_tilt,16.0,2.95,0.84,0,3,-3894.54,66.73,1
48,revenge_tilt,108.6,1.18,0.4,0,0,4338.94,59.11,0
48,revenge_tilt,678.4,1.19,1.01,0,1,-1055.57,60.97,0
48,revenge_tilt,31.2,2.27,1.92,1,2,-1083.09,62.87,1
48,revenge_tilt,4.7,3.58,1.57,1,3,-2443.92,67.16,1
48,revenge_tilt,153.8,2.04,0.57,1,4,-3863.48,73.95,1
48,revenge_tilt,113.8,2.79,1.37,0,5,-2262.21,77.92,1
48,revenge_tilt,15.8,1.18,0.42,0,0,3529.64,71.72,1
48,revenge_tilt,83.5,1.17,0.99,0,0,1667.75,68.79,0
48,revenge_tilt,571.8,0.94,0.81,0,0,1458.66,66.23,0
48,revenge_tilt,696.1,0.81,0.86,1,1,-1073.72,68.12,0
48,revenge_tilt,49.7,1.14,1.4,0,0,1203.82,66.0,0
48,revenge_tilt,751.2,0.94,0.82,0,0,1382.35,63.57,0
48,revenge_tilt,124.7,1.96,2.09,0,1,-1057.52,65.43,0
48,revenge_tilt,677.8,1.14,0.58,1,0,2184.69,61.59,0
48,revenge_tilt,438.3,0.89,0.78,1,1,-1093.02,63.51,0
48,revenge_tilt,3.1,0.97,1.09,0,0,1286.17,61.25,1
48,revenge_tilt,185.7,0.97,1.0,0,1,-796.06,62.65,0
48,revenge_tilt,18.1,1.24,1.28,1,2,-816.8,64.09,1
48,revenge_tilt,23.5,1.04,0.83,1,3,-1476.2,66.68,1
48,revenge_tilt,16.8,3.69,3.56,1,4,-1054.08,68.53,1
48,revenge_tilt,50.0,3.3,0.9,0,5,-3916.05,75.41,1
48,revenge_tilt,418.3,1.0,0.3,0,0,4442.1,67.61,0
48,revenge_tilt,23.3,0.82,0.82,0,0,1243.41,65.42,1
48,revenge_tilt,351.6,0.94,1.16,1,1,-934.13,67.06,0
48,revenge_tilt,49.5,3.23,3.42,0,2,-1002.88,68.83,1
48,revenge_tilt,693.7,0.97,0.3,0,0,4334.97,61.21,0
48,revenge_tilt,185.5,1.12,1.15,0,0,1376.06,58.79,0
48,revenge_tilt,301.2,1.01,0.9,0,1,-934.25,60.44,0
48,revenge_tilt,18.4,0.94,0.93,1,2,-1124.89,62.41,1
48,revenge_tilt,711.7,3.39,3.6,1,3,-867.82,63.94,1
48,revenge_tilt,12.2,3.59,1.06,1,4,-3162.24,69.49,1
48,revenge_tilt,289.5,0.9,0.25,1,0,4935.77,60.82,0
48,revenge_tilt,74.9,0.99,1.1,1,0,1194.08,58.72,0
48,revenge_tilt,208.5,1.07,1.08,0,1,-1135.98,60.72,0
48,revenge_tilt,18.4,3.37,3.16,1,2,-1275.21,62.96,1
48,revenge_tilt,39.9,1.0,0.3,1,3,-3685.22,69.43,1
48,revenge_tilt,6.2,1.04,1.04,1,4,-956.15,71.11,1
48,revenge_tilt,25.2,0.82,0.79,0,0,1196.5,69.01,1
48,revenge_tilt,2004.9,1.14,1.39,1,1,-864.19,70.53,0
48,revenge_tilt,86.4,0.82,0.72,0,0,1288.69,68.26,0
48,revenge_tilt,107.4,1.11,1.35,0,1,-966.83,69.96,0
48,revenge_tilt,60.0,0.98,0.88,0,0,1185.88,67.88,0
48,revenge_tilt,57.7,1.19,1.22,0,0,1195.16,65.78,0
48,revenge_tilt,15.5,0.97,0.81,0,0,1237.96,63.61,1
48,revenge_tilt,1011.4,0.99,1.03,0,0,1158.91,61.57,0
48,revenge_tilt,949.4,1.17,1.18,0,1,-1187.53,63.66,0
48,revenge_tilt,619.2,1.87,1.6,0,0,1337.42,61.31,1
48,revenge_tilt,576.2,0.9,0.48,0,1,-1747.36,64.38,0
48,revenge_tilt,91.2,1.8,2.0,1,2,-872.21,65.91,1
48,revenge_tilt,531.8,1.18,0.66,0,0,2537.46,61.45,0
48,revenge_tilt,14.3,0.82,0.69,0,1,-1025.19,63.25,1
48,revenge_tilt,0.3,2.6,3.18,1,2,-825.7,64.7,1
48,revenge_tilt,49.1,1.04,0.4,1,3,-2487.53,69.07,0
49,revenge_tilt,27.2,1.08,1.08,0,0,0.0,0.0,0
49,revenge_tilt,223.2,1.14,1.05,0,0,1330.82,0.0,0
49,revenge_tilt,70.3,1.75,1.54,0,0,1582.98,0.0,0
49,revenge_tilt,195.8,0.85,0.48,0,1,-1857.08,3.51,0
49,revenge_tilt,8.8,0.96,1.13,0,0,1158.43,1.32,0
49,revenge_tilt,283.4,1.07,1.11,0,1,-876.53,2.98,0
49,revenge_tilt,42.9,1.11,1.04,0,0,1282.99,0.55,0
49,revenge_tilt,367.7,0.85,0.77,1,1,-924.44,2.3,0
49,revenge_tilt,179.1,0.91,1.08,0,0,1106.27,0.21,0
49,revenge_tilt,2133.2,0.9,0.98,0,1,-888.9,1.89,0
49,revenge_tilt,33.8,0.97,1.08,0,0,1269.32,0.0,0
49,revenge_tilt,21.5,1.05,1.08,1,1,-982.96,1.85,0
49,revenge_tilt,17.8,2.7,2.57,1,2,-1092.55,3.9,1
49,revenge_tilt,926.6,0.88,0.33,0,0,3201.05,0.0,0
49,revenge_tilt,352.0,1.12,1.27,0,1,-914.39,1.68,0
49,revenge_tilt,461.4,1.17,1.05,0,0,1155.18,0.0,0
49,revenge_tilt,606.0,1.14,0.97,1,1,-1173.09,2.15,0
49,revenge_tilt,0.8,3.02,2.65,1,2,-1150.05,4.26,1
49,revenge_tilt,112.6,0.82,0.27,1,0,3992.01,0.0,0
49,revenge_tilt,384.3,0.83,1.02,0,0,1203.88,0.0,0
49,revenge_tilt,130.1,1.55,1.86,0,0,1187.68,0.0,0
49,revenge_tilt,951.7,0.92,0.6,1,0,1803.1,0.0,0
49,revenge_tilt,32.3,1.14,1.23,0,1,-1013.58,1.68,0
49,revenge_tilt,498.5,0.9,0.79,0,0,1320.95,0.0,0
49,revenge_tilt,782.6,1.17,1.3,0,1,-800.78,1.32,0
49,revenge_tilt,108.7,1.1,0.94,0,0,1173.79,0.0,0
49,revenge_tilt,339.7,0.96,0.87,0,0,1618.05,0.0,0
49,revenge_tilt,1034.7,0.91,0.95,0,1,-1114.39,1.78,0
49,revenge_tilt,217.9,1.92,2.11,0,0,948.62,0.26,0
49,revenge_tilt,128.5,1.09,0.57,1,1,-2060.17,3.55,0
49,revenge_tilt,984.9,0.89,0.82,0,0,1511.78,1.14,0
49,revenge_tilt,52.5,1.08,1.22,0,1,-730.75,2.3,0
49,revenge_tilt,1237.1,1.03,0.95,1,0,1176.6,0.43,0
49,revenge_tilt,14.9,1.2,1.16,0,1,-905.45,1.87,0
49,revenge_tilt,78.1,0.9,0.75,1,2,-990.56,3.45,0
49,revenge_tilt,129.4,1.19,1.32,0,0,1160.4,1.6,0
49,revenge_tilt,409.6,1.13,0.95,0,0,1426.96,0.0,0
49,revenge_tilt,156.8,0.96,0.85,0,0,1147.28,0.0,0
49,revenge_tilt,518.8,1.14,1.19,0,0,1115.24,0.0,0
49,revenge_tilt,2.6,1.12,0.98,0,0,1196.18,0.0,0
49,revenge_tilt,202.6,0.84,0.75,0,0,1347.03,0.0,0
49,revenge_tilt,210.6,0.89,1.07,1,0,1061.91,0.0,0
49,revenge_tilt,188.0,0.95,1.06,0,1,-918.1,1.33,0
49,revenge_tilt,1207.7,0.87,0.91,1,0,1385.69,0.0,0
49,revenge_tilt,1294.0,1.07,1.23,1,1,-879.9,1.27,1
49,revenge_tilt,518.3,0.99,0.93,1,0,1203.59,0.0,0
49,revenge_tilt,916.3,1.01,1.01,0,1,-949.1,1.36,0
49,revenge_tilt,292.4,1.09,1.09,0,0,1501.13,0.0,0
49,revenge_tilt,760.9,0.84,0.77,0,1,-1238.4,1.76,0
49,revenge_tilt,429.9,1.04,1.23,0,0,1138.4,0.14,0
49,revenge_tilt,86.6,0.83,0.81,0,1,-939.43,1.48,0
49,revenge_tilt,554.6,0.96,1.15,1,0,1025.02,0.02,0
49,revenge_tilt,352.6,0.94,0.99,0,0,1196.62,0.0,0
49,revenge_tilt,176.6,1.07,1.14,0,1,-1003.88,1.4,0
49,revenge_tilt,206.5,0.83,0.77,1,0,1207.05,0.0,0
49,revenge_tilt,616.0,1.05,1.27,0,1,-970.3,1.35,0
49,revenge_tilt,10.4,3.96,3.77,1,2,-1140.54,2.94,1
49,revenge_tilt,226.7,2.16,0.55,1,3,-4426.6,9.11,1
49,revenge_tilt,1.2,1.12,0.52,1,4,-2251.06,12.25,1
49,revenge_tilt,522.0,3.52,3.14,1,5,-1128.46,13.83,1
49,revenge_tilt,38.3,3.17,0.9,1,6,-3642.61,18.9,1
49,revenge_tilt,65.9,1.11,0.35,0,0,4729.45,12.31,0
49,revenge_tilt,1590.4,1.0,0.9,1,1,-1126.98,13.88,0
49,revenge_tilt,658.2,0.87,0.87,0,0,1174.46,12.24,0
49,revenge_tilt,150.0,1.01,1.17,0,1,-793.7,13.35,0
49,revenge_tilt,8.1,1.13,1.11,1,2,-908.17,14.62,1
49,revenge_tilt,232.7,0.9,0.8,0,0,1218.02,12.92,0
49,revenge_tilt,16.1,1.09,1.21,1,0,1241.27,11.19,1
49,revenge_tilt,581.3,0.88,0.81,1,0,1247.86,9.45,0
49,revenge_tilt,634.8,1.13,1.28,1,1,-855.65,10.64,0
49,revenge_tilt,26.4,2.94,2.61,0,2,-1201.84,12.32,1
49,revenge_tilt,6.2,1.47,0.5,1,3,-3173.99,16.74,1
49,revenge_tilt,204.8,1.18,0.8,0,0,2193.42,13.68,0
49,revenge_tilt,10.1,1.95,1.65,0,1,-1230.17,15.4,1
49,revenge_tilt,15.2,2.34,1.2,1,2,-1584.32,17.61,1
49,revenge_tilt,31.1,1.15,0.49,0,3,-1992.78,20.39,1
49,revenge_tilt,9.6,2.11,1.82,1,4,-1251.95,22.13,1
49,revenge_tilt,5.5,1.42,0.68,1,5,-1834.77,24.69,1
49,revenge_tilt,3.3,0.99,0.7,1,6,-1399.91,26.64,1
49,revenge_tilt,64.2,1.05,1.06,1,7,-849.64,27.82,0
49,revenge_tilt,167.3,0.8,0.76,1,0,1117.24,26.27,0
49,revenge_tilt,607.1,0.93,1.16,1,0,966.87,24.92,0
49,revenge_tilt,18.1,0.81,0.87,0,0,942.96,23.6,1
49,revenge_tilt,78.3,1.13,1.39,1,0,1104.76,22.06,0
49,revenge_tilt,33.9,0.89,0.78,1,1,-1317.99,23.9,1
49,revenge_tilt,10.5,1.38,1.55,0,2,-931.79,25.2,1
49,revenge_tilt,225.2,1.05,0.76,0,0,1776.27,22.72,0
49,revenge_tilt,367.2,0.89,0.85,0,0,1090.36,21.2,0
49,revenge_tilt,53.2,0.81,0.91,0,1,-1053.1,22.67,0
49,revenge_tilt,333.0,2.62,3.23,1,2,-686.47,23.63,1
49,revenge_tilt,1320.9,1.01,0.38,0,0,3713.7,18.45,0
49,revenge_tilt,228.7,1.17,1.16,0,1,-1078.14,19.96,0
49,revenge_tilt,10.3,1.12,0.96,1,0,1501.09,17.86,1
49,revenge_tilt,1602.9,1.06,0.95,1,0,1651.23,15.56,0
49,revenge_tilt,21.7,1.07,1.01,1,1,-1192.32,17.22,1
49,revenge_tilt,42.0,1.17,1.09,1,0,1324.17,15.38,1
49,revenge_tilt,435.9,0.84,0.71,1,1,-1065.92,16.86,0
49,revenge_tilt,135.4,3.95,4.72,0,2,-791.03,17.97,1
49,revenge_tilt,31.3,1.31,0.33,1,3,-3294.41,22.56,1
49,revenge_tilt,549.0,1.06,0.81,0,0,1741.5,20.13,0
49,revenge_tilt,228.5,0.98,0.93,0,0,1377.27,18.21,0
49,revenge_tilt,319.2,1.14,1.16,0,1,-834.72,19.37,0
49,revenge_tilt,522.3,1.05,0.93,0,0,1231.77,17.66,0
49,revenge_tilt,50.7,0.81,0.77,1,0,1275.1,15.88,0
49,revenge_tilt,410.0,1.05,1.29,0,1,-748.28,16.92,0
49,revenge_tilt,424.5,1.2,1.15,0,0,1379.13,15.0,0
49,revenge_tilt,444.6,1.17,0.98,1,0,1767.67,12.54,0
49,revenge_tilt,1386.3,0.97,0.82,1,1,-1171.79,14.17,0
49,revenge_tilt,10.7,2.73,2.82,1,2,-875.61,15.39,1
49,revenge_tilt,372.4,0.93,0.34,0,0,3368.13,10.69,0
49,revenge_tilt,84.0,0.82,0.88,0,0,1339.94,8.83,0
49,revenge_tilt,19.1,1.09,1.34,0,1,-849.15,10.01,0
49,revenge_tilt,2.8,1.2,1.1,1,2,-1191.69,11.67,1
49,revenge_tilt,148.6,1.01,0.84,1,3,-1410.44,13.64,0
49,revenge_tilt,13.4,0.99,0.98,1,0,1252.33,11.89,1
49,revenge_tilt,261.2,0.92,0.93,0,0,1076.65,10.39,0
49,revenge_tilt,341.1,0.91,1.0,0,1,-962.69,11.73,0
49,revenge_tilt,165.0,0.93,1.02,0,0,1263.56,9.97,0
49,revenge_tilt,4.3,1.17,1.26,1,1,-1070.88,11.46,1
49,revenge_tilt,502.3,0.94,0.8,0,0,1267.83,9.7,0
49,revenge_tilt,1551.2,1.05,1.12,1,0,1390.23,7.76,0
49,revenge_tilt,522.0,1.12,1.07,1,0,1285.74,5.97,0
49,revenge_tilt,239.1,0.81,0.72,0,0,1217.65,4.27,0
49,revenge_tilt,163.1,1.14,1.4,1,0,1195.43,2.6,0
49,revenge_tilt,392.1,1.08,0.95,0,0,1406.67,0.64,0
49,revenge_tilt,117.0,1.17,1.08,0,1,-886.99,1.88,0
49,revenge_tilt,467.2,1.11,0.95,0,0,1671.86,0.0,0
49,revenge_tilt,1681.9,0.88,0.79,0,0,1579.61,0.0,0
49,revenge_tilt,35.3,0.99,1.12,0,0,1018.64,0.0,0
49,revenge_tilt,124.9,0.96,0.97,1,1,-985.47,1.32,0
49,revenge_tilt,413.4,0.91,0.95,0,0,1391.94,0.0,0
49,revenge_tilt,1677.1,1.12,1.23,0,0,1318.55,0.0,0
49,revenge_tilt,36.6,1.19,1.06,1,1,-1230.58,1.61,0
49,revenge_tilt,578.3,0.94,0.79,0,0,1670.4,0.0,0
49,revenge_tilt,940.4,1.13,1.2,0,0,1130.45,0.0,0
49,revenge_tilt,116.0,0.83,0.74,0,0,1676.78,0.0,0
49,revenge_tilt,34.0,1.04,1.26,0,1,-880.62,1.11,0
49,revenge_tilt,14.8,1.1,1.05,0,0,1230.01,0.0,0
49,revenge_tilt,726.7,0.86,0.78,0,0,1298.15,0.0,0
49,revenge_tilt,526.7,1.18,1.38,0,1,-903.02,1.11,0
49,revenge_tilt,182.5,1.0,0.84,0,0,1365.91,0.0,0
49,revenge_tilt,1077.0,1.09,1.09,0,0,1461.01,0.0,0
49,revenge_tilt,473.2,1.04,0.96,0,1,-1140.13,1.37,0
49,revenge_tilt,415.9,1.36,1.31,0,2,-1233.54,2.85,0
49,revenge_tilt,10.0,2.11,1.55,1,3,-1171.04,4.26,1
49,revenge_tilt,6.6,3.1,1.47,1,4,-2500.31,7.27,1
49,revenge_tilt,25.4,2.83,0.91,1,5,-3056.5,10.94,1
49,revenge_tilt,0.3,0.83,0.29,0,0,3347.51,6.92,0
49,revenge_tilt,459.0,0.89,1.07,0,1,-729.78,7.79,0
49,revenge_tilt,1027.7,0.92,1.03,0,0,949.04,6.65,0
50,revenge_tilt,476.8,0.96,0.96,1,0,0.0,0.0,0
50,revenge_tilt,20.5,1.0,1.05,0,0,1185.75,0.0,0
50,revenge_tilt,1084.9,1.01,1.01,0,1,-1094.14,2.14,0
50,revenge_tilt,992.0,1.14,1.12,0,0,1412.83,0.0,0
50,revenge_tilt,230.2,1.2,1.05,1,0,1561.14,0.0,0
50,revenge_tilt,614.1,0.97,0.81,0,0,1263.13,0.0,0
50,revenge_tilt,49.6,0.9,0.93,0,0,1243.9,0.0,0
50,revenge_tilt,130.5,0.87,0.96,0,0,1003.93,0.0,0
50,revenge_tilt,360.4,1.03,1.19,0,0,1069.09,0.0,0
50,revenge_tilt,1931.9,1.17,1.14,0,1,-1073.81,1.86,0
50,revenge_tilt,10.7,0.91,0.78,1,2,-1092.78,3.76,1
50,revenge_tilt,56.1,0.82,0.9,1,0,1141.64,1.78,0
50,revenge_tilt,413.1,1.02,1.24,0,0,877.58,0.26,1
50,revenge_tilt,1667.3,0.82,0.8,0,0,1023.38,0.0,0
50,revenge_tilt,136.7,0.95,1.16,0,0,942.37,0.0,0
50,revenge_tilt,235.0,0.9,0.95,0,1,-806.36,1.36,0
50,revenge_tilt,1213.1,1.0,1.11,0,0,904.74,0.0,0
50,revenge_tilt,297.1,1.12,1.12,0,1,-1128.55,1.89,0
50,revenge_tilt,87.7,2.04,1.83,1,2,-1180.61,3.88,1
50,revenge_tilt,108.2,1.82,0.89,0,3,-1932.98,7.12,1
50,revenge_tilt,231.5,1.0,0.55,1,0,1842.65,4.03,0
50,revenge_tilt,72.8,1.78,1.77,1,1,-1052.22,5.8,0
50,revenge_tilt,7.6,2.53,1.42,1,2,-1516.18,8.34,1
50,revenge_tilt,20.6,1.14,0.45,1,3,-3006.35,13.39,1
50,revenge_tilt,12.7,3.29,2.89,1,4,-1241.93,15.47,1
50,revenge_tilt,246.4,1.03,0.31,1,0,4775.82,7.45,0
50,revenge_tilt,173.3,1.0,0.97,1,1,-975.74,9.09,0
50,revenge_tilt,142.0,1.16,1.17,1,2,-1039.5,10.84,0
50,revenge_tilt,1777.8,1.07,0.92,0,0,1653.34,8.06,0
50,revenge_tilt,205.5,0.94,0.88,0,0,1350.59,5.8,0
50,revenge_tilt,32.6,0.87,0.92,1,0,1219.17,3.75,0
50,revenge_tilt,554.9,1.18,1.36,0,1,-874.02,5.22,0
50,revenge_tilt,8.3,3.71,3.13,1,2,-1262.01,7.33,1
50,revenge_tilt,6.0,3.89,1.05,1,3,-3412.02,13.06,1
50,revenge_tilt,4.5,3.87,0.99,0,4,-4469.86,20.57,1
50,revenge_tilt,318.7,3.19,0.83,1,5,-4456.56,28.05,1
50,revenge_tilt,36.5,3.29,1.03,1,6,-3351.68,33.68,1
50,revenge_tilt,26.7,1.08,0.33,1,7,-3104.84,38.89,1
50,revenge_tilt,1154.2,0.86,0.8,0,0,1425.17,36.5,0
50,revenge_tilt,381.1,1.17,1.35,1,1,-700.94,37.67,0
50,revenge_tilt,52.7,3.67,3.14,1,2,-981.03,39.32,1
50,revenge_tilt,13.8,3.14,0.86,1,3,-4208.45,46.39,1
50,revenge_tilt,99.2,2.45,0.78,1,4,-2898.59,51.25,1
50,revenge_tilt,0.8,3.11,1.27,1,5,-2812.63,55.97,1
50,revenge_tilt,51.0,3.13,1.01,1,6,-2894.3,60.83,1
50,revenge_tilt,12.4,0.83,0.26,1,0,4229.04,53.73,1
50,revenge_tilt,413.2,0.88,1.06,1,1,-906.9,55.26,0
50,revenge_tilt,61.5,3.91,4.46,0,2,-985.21,56.91,1
50,revenge_tilt,64.0,3.53,0.9,1,3,-3304.95,62.46,1
50,revenge_tilt,34.2,0.92,0.26,1,0,4036.46,55.68,1
50,revenge_tilt,543.5,0.84,0.92,1,1,-772.68,56.98,0
50,revenge_tilt,189.7,1.15,1.37,0,0,1166.99,55.02,0
50,revenge_tilt,865.6,1.08,0.94,0,0,1534.3,52.44,0
50,revenge_tilt,732.3,1.19,1.11,0,0,1350.65,50.18,0
50,revenge_tilt,273.4,0.9,0.76,0,1,-1140.39,52.09,0
50,revenge_tilt,79.1,1.07,1.18,0,0,1119.03,50.21,0
50,revenge_tilt,550.6,1.13,1.06,0,1,-1215.5,52.25,0
50,revenge_tilt,179.5,0.95,0.84,0,0,1384.84,49.93,0
50,revenge_tilt,96.4,1.05,1.11,0,1,-974.57,51.56,0
50,revenge_tilt,5.6,1.16,1.1,0,2,-1148.98,53.49,1
50,revenge_tilt,17.9,1.1,0.95,0,0,1215.9,51.45,1
50,revenge_tilt,1665.0,0.99,0.9,0,0,1398.33,49.1,0
50,revenge_tilt,399.6,0.97,0.98,0,1,-879.18,50.58,0
50,revenge_tilt,143.4,1.12,1.15,0,0,1289.45,48.42,0
50,revenge_tilt,2157.8,1.11,0.99,0,0,1661.22,45.63,0
50,revenge_tilt,47.8,1.04,0.93,0,0,1436.0,43.22,0
50,revenge_tilt,632.7,1.2,1.15,0,1,-1222.46,45.27,0
50,revenge_tilt,345.4,1.04,0.87,0,0,1722.38,42.38,0
50,revenge_tilt,24.9,1.08,1.04,1,1,-1181.26,44.36,1
50,revenge_tilt,25.4,1.01,0.94,0,2,-1229.67,46.42,1
50,revenge_tilt,668.3,1.0,0.99,0,0,1213.3,44.39,0
50,revenge_tilt,301.8,0.8,0.8,0,1,-810.2,45.75,0
50,revenge_tilt,475.6,1.15,1.44,0,0,858.82,44.31,0
50,revenge_tilt,321.6,1.07,0.93,0,1,-1378.32,46.62,0
50,revenge_tilt,29.6,0.96,0.9,0,0,1392.76,44.28,1
50,revenge_tilt,165.9,1.51,1.57,1,1,-958.0,45.89,0
50,revenge_tilt,116.9,0.91,0.6,0,0,1952.15,42.61,0
50,revenge_tilt,152.3,1.05,1.16,0,0,1247.17,40.52,0
50,revenge_tilt,220.9,1.0,0.95,0,1,-940.66,42.1,0
50,revenge_tilt,772.5,1.12,1.13,0,0,1304.43,39.91,0
50,revenge_tilt,477.4,0.87,0.77,0,1,-1086.48,41.73,0
50,revenge_tilt,58.7,1.15,1.32,0,0,947.43,40.14,0
50,revenge_tilt,190.8,1.09,0.95,0,1,-1188.05,42.14,0
50,revenge_tilt,14.7,3.89,3.55,1,2,-964.61,43.76,1
50,revenge_tilt,18.0,2.51,0.65,0,3,-3170.23,49.08,1
50,revenge_tilt,422.0,1.15,0.46,0,0,3500.9,43.2,0
50,revenge_tilt,478.1,1.17,1.02,0,1,-1041.13,44.95,0
50,revenge_tilt,671.7,1.19,1.01,1,0,1357.41,42.67,0
50,revenge_tilt,459.9,0.84,0.7,0,1,-961.34,44.28,0
50,revenge_tilt,820.7,0.95,1.14,0,0,1243.39,42.2,0
50,revenge_tilt,2.5,1.0,1.05,0,0,1150.54,40.26,1
50,revenge_tilt,381.8,1.09,1.09,0,1,-1156.84,42.21,0
50,revenge_tilt,215.0,1.11,1.02,1,0,1169.76,40.24,0
50,revenge_tilt,63.2,0.84,0.76,1,0,1602.97,37.55,0
50,revenge_tilt,350.5,0.82,0.97,0,1,-937.22,39.12,0
50,revenge_tilt,317.1,1.13,1.38,0,0,901.18,37.61,0
50,revenge_tilt,27.4,1.19,1.05,0,0,1538.49,35.03,1
50,revenge_tilt,170.9,0.96,0.81,0,0,1217.22,32.98,0
50,revenge_tilt,1038.2,0.9,0.93,0,1,-1141.12,34.9,0
50,revenge_tilt,405.1,1.09,1.22,0,0,1342.89,32.65,0
50,revenge_tilt,372.3,0.96,0.88,0,0,1480.85,30.16,0
50,revenge_tilt,254.5,1.0,1.05,0,0,1158.04,28.22,0
50,revenge_tilt,126.6,0.92,0.91,0,1,-1194.03,30.22,0
50,revenge_tilt,21.6,0.81,0.89,1,0,955.36,28.62,1
50,revenge_tilt,756.6,0.99,1.23,0,1,-952.97,30.22,0
50,revenge_tilt,0.3,3.5,3.52,1,2,-1089.37,32.05,1
50,revenge_tilt,45.4,3.87,1.11,0,3,-3128.49,37.3,1
50,revenge_tilt,126.5,1.14,0.3,0,0,4570.33,29.62,0
50,revenge_tilt,47.0,1.16,1.02,1,0,1519.01,27.07,0
50,revenge_tilt,866.9,1.18,1.01,1,0,1340.13,24.82,0
50,revenge_tilt,421.4,1.06,0.9,0,0,1632.93,22.08,0
50,revenge_tilt,258.9,0.96,0.91,1,1,-889.52,23.58,0
50,revenge_tilt,219.9,3.27,3.42,1,2,-1010.97,25.27,1
50,revenge_tilt,323.1,1.13,0.34,0,0,3689.96,19.08,0
50,revenge_tilt,346.5,0.88,0.78,0,1,-1107.21,20.94,0
50,revenge_tilt,39.9,2.14,2.43,1,2,-932.33,22.5,1
50,revenge_tilt,177.8,1.87,0.87,1,3,-2183.99,26.17,1
50,revenge_tilt,599.1,1.1,0.59,0,0,2560.68,21.87,0
50,revenge_tilt,163.8,1.18,1.06,0,0,1346.62,19.61,0
50,revenge_tilt,20.0,1.07,0.91,0,0,1363.06,17.32,1
50,revenge_tilt,431.2,0.84,0.79,0,0,1559.74,14.7,0
50,revenge_tilt,120.1,0.83,0.99,0,0,947.03,13.11,0
50,revenge_tilt,89.4,0.93,1.11,0,1,-940.9,14.69,0
50,revenge_tilt,7.6,2.62,2.83,1,2,-1052.85,16.46,1
50,revenge_tilt,132.2,1.08,0.41,0,0,3218.0,11.06,0
50,revenge_tilt,436.4,1.1,1.02,0,1,-1101.39,12.91,0
50,revenge_tilt,2498.8,1.07,0.97,1,0,1444.32,10.48,0
50,revenge_tilt,213.0,1.04,0.98,1,1,-1002.62,12.16,0
50,revenge_tilt,26.9,2.18,2.09,1,2,-1195.55,14.17,1
50,revenge_tilt,36.8,1.07,0.49,1,0,3168.4,8.85,0
50,revenge_tilt,27.4,0.89,0.83,0,0,1576.46,6.21,0
50,revenge_tilt,7.8,1.03,1.15,0,1,-1009.95,7.9,0
50,revenge_tilt,6.5,3.3,3.21,1,2,-900.07,9.41,1
50,revenge_tilt,2.3,2.76,0.84,1,3,-3860.18,15.89,1
50,revenge_tilt,73.6,2.77,1.0,0,4,-2843.12,20.67,1
50,revenge_tilt,77.7,3.91,1.41,1,5,-2801.65,25.37,1
50,revenge_tilt,4.3,3.93,1.0,1,6,-3202.59,30.75,1
50,revenge_tilt,6.3,3.15,0.8,1,7,-3610.72,36.81,1
50,revenge_tilt,1122.1,0.89,0.28,0,0,3551.14,30.85,0
50,revenge_tilt,1082.8,0.98,1.09,0,1,-945.4,32.43,0
50,revenge_tilt,13.0,2.82,2.88,0,2,-796.13,33.77,1
50,revenge_tilt,343.7,0.87,0.31,0,0,3006.67,28.72,0
50,revenge_tilt,864.3,1.14,1.31,1,1,-771.49,30.02,0
50,revenge_tilt,18.6,1.01,0.89,0,0,1364.86,27.73,1
50,revenge_tilt,10.9,1.04,1.03,0,1,-1002.53,29.41,1
50,revenge_tilt,76.5,2.58,2.48,0,2,-1050.51,31.17,1
50,revenge_tilt,444.0,1.16,0.45,0,0,2596.05,26.82,0
50,revenge_tilt,1648.3,1.1,0.95,0,0,1424.75,24.42,0
50,revenge_tilt,1237.7,0.94,0.85,0,1,-920.41,25.97,1
50,revenge_tilt,24.9,2.4,2.56,1,2,-762.58,27.25,1
51,revenge_tilt,33.3,1.18,1.18,0,0,0.0,0.0,0
51,revenge_tilt,1074.9,1.6,1.36,0,0,1655.03,0.0,0
51,revenge_tilt,593.1,1.14,0.71,0,0,1988.54,0.0,0
51,revenge_tilt,448.6,1.59,1.4,0,0,1435.11,0.0,0
51,revenge_tilt,488.4,0.86,0.54,0,1,-1754.47,3.19,0
51,revenge_tilt,1107.3,0.88,1.02,0,0,962.64,1.44,0
51,revenge_tilt,495.9,1.17,1.33,1,0,1121.3,0.0,0
51,revenge_tilt,27.6,0.97,0.83,0,0,1650.04,0.0,0
51,revenge_tilt,1230.5,1.01,1.04,0,0,1304.86,0.0,0
51,revenge_tilt,419.4,0.81,0.8,1,0,1133.72,0.0,0
51,revenge_tilt,568.2,0.95,1.17,0,1,-912.07,1.53,0
51,revenge_tilt,34.9,3.24,3.42,1,2,-991.33,3.2,1
51,revenge_tilt,3.9,2.24,0.69,1,3,-3335.43,8.81,1
51,revenge_tilt,126.0,1.04,0.46,0,0,2605.21,4.43,0
51,revenge_tilt,334.2,0.82,0.79,0,0,1381.58,2.1,0
51,revenge_tilt,374.8,1.15,1.4,0,0,971.94,0.47,0
51,revenge_tilt,2209.4,1.15,1.0,0,1,-1127.87,2.37,0
51,revenge_tilt,176.7,1.03,0.9,0,0,1219.57,0.32,0
51,revenge_tilt,949.9,0.98,0.95,1,0,1271.86,0.0,0
51,revenge_tilt,57.1,0.89,0.91,0,1,-795.86,1.31,0
51,revenge_tilt,118.9,3.8,4.28,1,2,-937.21,2.86,1
51,revenge_tilt,21.8,3.86,1.02,1,3,-4299.8,9.96,1
51,revenge_tilt,745.6,1.08,0.28,0,0,4231.77,2.97,0
51,revenge_tilt,238.1,0.92,0.86,0,1,-920.43,4.49,0
51,revenge_tilt,119.6,0.82,0.89,0,0,1383.37,2.21,0
51,revenge_tilt,1031.1,1.17,1.42,0,1,-688.02,3.34,0
51,revenge_tilt,172.9,2.8,2.4,0,2,-985.78,4.97,1
51,revenge_tilt,11.3,1.1,0.39,1,3,-2560.41,9.2,1
51,revenge_tilt,36.9,3.92,3.56,1,4,-1016.41,10.88,1
51,revenge_tilt,589.8,1.05,0.27,1,0,5586.84,1.65,0
51,revenge_tilt,301.0,1.12,1.07,0,1,-1133.72,3.53,0
51,revenge_tilt,216.3,1.14,1.02,0,0,1191.76,1.56,0
51,revenge_tilt,148.7,1.11,0.97,0,1,-1075.78,3.33,0
51,revenge_tilt,65.7,2.91,2.62,1,2,-1022.8,5.02,1
51,revenge_tilt,3.8,2.0,0.69,0,3,-3186.61,10.28,1
51,revenge_tilt,15.8,1.2,0.6,1,4,-2180.07,13.88,1
51,revenge_tilt,917.6,1.09,0.91,0,0,1631.72,11.19,0
51,revenge_tilt,815.1,1.7,1.56,0,0,1345.96,8.97,1
51,revenge_tilt,981.4,1.19,0.7,0,1,-1536.39,11.5,0
51,revenge_tilt,35.3,2.55,2.15,1,2,-1069.42,13.27,1
51,revenge_tilt,28.2,2.28,0.9,1,3,-2415.89,17.26,1
51,revenge_tilt,0.6,3.07,1.34,1,4,-2650.63,21.63,1
51,revenge_tilt,11.8,2.21,0.72,1,5,-3205.18,26.92,1
51,revenge_tilt,31.3,3.42,1.55,1,6,-2036.25,30.28,1
51,revenge_tilt,6.3,3.03,0.89,1,7,-2906.07,35.08,1
51,revenge_tilt,166.4,3.7,1.22,0,8,-3178.45,40.33,1
51,revenge_tilt,294.2,1.79,0.48,0,0,3906.89,33.88,0
51,revenge_tilt,621.3,0.93,0.52,1,0,2678.93,29.46,0
51,revenge_tilt,319.6,1.16,1.25,0,0,1136.71,27.58,0
51,revenge_tilt,44.4,0.96,0.82,0,0,1550.79,25.02,1
51,revenge_tilt,86.9,1.19,1.25,0,0,1410.22,22.69,0
51,revenge_tilt,8.6,1.12,0.94,1,1,-1110.95,24.52,1
51,revenge_tilt,27.3,3.78,3.36,1,2,-1219.09,26.54,1
51,revenge_tilt,36.3,0.99,0.26,1,3,-4173.94,33.43,1
51,revenge_tilt,75.0,3.01,3.05,1,4,-1004.5,35.09,1
51,revenge_tilt,128.2,3.05,1.01,1,5,-2444.37,39.12,1
51,revenge_tilt,11.7,2.4,0.79,1,6,-3203.03,44.41,1
51,revenge_tilt,21.3,1.82,0.76,1,7,-2269.49,48.15,1
51,revenge_tilt,438.4,0.83,0.46,0,0,1876.42,45.06,0
51,revenge_tilt,1.5,0.8,0.96,1,0,1244.0,43.0,1
51,revenge_tilt,127.1,0.82,1.02,1,1,-868.27,44.44,0
51,revenge_tilt,488.2,1.03,1.25,1,0,1139.44,42.56,0
51,revenge_tilt,20.3,0.91,0.88,0,0,1286.92,40.43,1
51,revenge_tilt,340.1,1.19,1.31,0,0,1027.37,38.73,0
51,revenge_tilt,198.4,0.96,0.81,0,1,-1130.73,40.6,0
51,revenge_tilt,664.2,0.82,0.85,0,0,1240.85,38.55,0
51,revenge_tilt,258.9,0.89,1.09,0,1,-744.95,39.78,0
51,revenge_tilt,19.1,2.52,2.83,1,2,-942.08,41.34,1
51,revenge_tilt,4.9,3.4,1.35,1,3,-2731.11,45.85,1
51,revenge_tilt,158.2,0.98,0.29,0,0,3453.58,40.15,1
51,revenge_tilt,196.2,1.07,1.1,1,1,-886.08,41.61,0
51,revenge_tilt,981.1,0.96,0.9,0,0,1237.72,39.56,0
51,revenge_tilt,87.5,1.19,1.23,0,1,-1156.73,41.47,0
51,revenge_tilt,224.8,1.18,0.99,0,0,1659.3,38.74,0
51,revenge_tilt,179.7,1.0,0.84,0,0,1613.03,36.07,0
51,revenge_tilt,1128.3,0.9,0.9,0,0,1210.97,34.07,0
51,revenge_tilt,136.7,1.1,1.22,1,1,-942.04,35.63,0
51,revenge_tilt,288.6,1.08,0.98,1,0,1612.58,32.97,0
51,revenge_tilt,257.1,1.06,0.98,1,1,-1072.27,34.74,0
51,revenge_tilt,133.4,1.03,0.97,1,0,1136.85,32.86,0
51,revenge_tilt,405.7,1.03,1.0,0,1,-1020.03,34.54,0
51,revenge_tilt,185.0,1.36,1.32,1,2,-1064.22,36.3,0
51,revenge_tilt,59.7,0.98,0.72,0,0,1606.08,33.65,0
51,revenge_tilt,1290.7,1.16,1.18,0,0,1272.05,31.55,0
51,revenge_tilt,12.4,1.11,0.96,0,1,-1231.16,33.58,1
51,revenge_tilt,43.0,3.71,3.33,1,2,-1203.07,35.57,1
51,revenge_tilt,25.9,2.57,0.69,1,3,-3766.81,41.79,1
51,revenge_tilt,221.4,1.04,0.4,1,0,2808.21,37.15,0
51,revenge_tilt,174.1,0.93,0.89,0,1,-1044.02,38.87,0
51,revenge_tilt,274.3,0.91,0.98,1,0,1347.33,36.65,1
51,revenge_tilt,329.9,0.91,1.0,0,0,1307.55,34.49,0
51,revenge_tilt,745.0,1.12,1.23,0,1,-799.86,35.81,0
51,revenge_tilt,704.2,1.92,1.71,1,0,1398.23,33.5,1
51,revenge_tilt,239.8,1.16,0.6,0,1,-1848.37,36.55,0
51,revenge_tilt,109.0,1.16,1.0,1,0,1713.96,33.73,0
51,revenge_tilt,164.1,0.91,0.79,1,0,1216.25,31.72,0
51,revenge_tilt,215.4,1.16,1.28,0,1,-862.51,33.14,0
51,revenge_tilt,468.2,1.03,0.89,0,0,1359.77,30.9,0
51,revenge_tilt,534.4,1.03,0.99,0,0,1327.57,28.71,0
51,revenge_tilt,506.7,1.09,1.06,1,1,-1102.51,30.53,0
51,revenge_tilt,278.2,1.05,0.96,0,0,1382.67,28.24,0
51,revenge_tilt,120.3,0.89,0.85,0,0,1298.44,26.1,0
51,revenge_tilt,1034.6,0.89,1.0,0,0,1300.8,23.95,0
51,revenge_tilt,18.7,0.84,0.95,1,0,1312.04,21.79,1
51,revenge_tilt,267.6,0.81,0.96,0,1,-926.61,23.32,0
51,revenge_tilt,474.9,1.09,1.34,0,0,828.19,21.95,0
51,revenge_tilt,177.4,0.86,0.79,0,0,1555.67,19.38,0
51,revenge_tilt,1377.0,1.09,1.26,0,0,993.33,17.74,0
51,revenge_tilt,512.3,1.09,1.0,0,0,1169.62,15.81,0
51,revenge_tilt,176.6,1.02,0.94,0,1,-997.08,17.46,0
51,revenge_tilt,108.1,1.68,1.65,0,0,1353.33,15.22,0
51,revenge_tilt,178.7,1.06,0.63,0,1,-1422.93,17.57,0
51,revenge_tilt,85.3,1.11,1.05,0,0,1172.11,15.64,0
51,revenge_tilt,103.2,1.0,0.9,1,0,1341.9,13.42,0
51,revenge_tilt,1491.9,0.95,0.95,0,0,1419.89,11.08,0
51,revenge_tilt,855.5,0.81,0.85,1,0,1317.05,8.9,0
51,revenge_tilt,46.0,1.15,1.42,0,0,1209.1,6.91,0
51,revenge_tilt,270.4,0.83,0.73,0,0,1609.13,4.25,0
51,revenge_tilt,883.7,0.86,1.03,1,1,-704.25,5.41,0
51,revenge_tilt,64.9,1.18,1.38,0,0,885.93,3.95,0
51,revenge_tilt,11.0,1.02,0.87,1,0,1229.09,1.92,0
51,revenge_tilt,32.8,1.09,1.07,0,0,1395.05,0.0,0
51,revenge_tilt,230.1,1.79,1.64,0,0,1174.54,0.0,0
51,revenge_tilt,468.1,0.8,0.45,0,1,-1900.89,3.07,0
51,revenge_tilt,15.5,1.76,2.19,0,0,1059.3,1.36,0
51,revenge_tilt,583.9,1.05,0.6,0,1,-1585.6,3.92,0
51,revenge_tilt,1282.0,0.82,0.78,0,0,1297.49,1.82,0
51,revenge_tilt,322.2,1.09,1.32,0,0,898.75,0.37,0
51,revenge_tilt,297.1,1.16,1.07,0,1,-1143.71,2.22,0
51,revenge_tilt,22.5,1.14,0.98,1,0,1439.86,0.0,0
51,revenge_tilt,536.5,0.91,0.8,0,0,1281.85,0.0,0
51,revenge_tilt,363.8,1.1,1.21,0,1,-837.05,1.32,0
51,revenge_tilt,780.8,0.93,0.85,0,0,1268.2,0.0,0
51,revenge_tilt,816.2,0.97,1.04,0,1,-863.12,1.35,0
51,revenge_tilt,16.5,0.87,0.9,1,0,1220.13,0.0,0
51,revenge_tilt,612.4,1.09,1.24,0,1,-760.16,1.19,0
51,revenge_tilt,21.8,1.01,0.93,1,2,-1271.93,3.17,1
51,revenge_tilt,152.5,1.12,1.11,0,3,-970.81,4.68,0
51,revenge_tilt,14.2,1.16,1.04,1,0,1648.18,2.11,0
51,revenge_tilt,167.3,0.85,0.73,0,0,1224.41,0.2,0
51,revenge_tilt,235.6,1.96,2.31,1,0,1086.44,0.0,0
51,revenge_tilt,119.3,1.15,0.59,0,1,-1741.15,2.68,0
51,revenge_tilt,5.4,1.05,0.91,0,0,1153.93,0.9,0
51,revenge_tilt,640.0,0.92,0.88,0,1,-904.26,2.29,0
51,revenge_tilt,61.1,1.07,1.16,1,0,1100.07,0.6,0
51,revenge_tilt,1592.7,0.88,0.83,0,0,1534.55,0.0,0
51,revenge_tilt,122.9,0.99,1.12,1,1,-879.47,1.33,0
51,revenge_tilt,0.8,1.17,1.19,1,2,-967.66,2.79,1
51,revenge_tilt,6.9,3.45,2.94,1,3,-1144.78,4.52,1
51,revenge_tilt,22.3,2.49,0.72,0,4,-3239.56,9.41,1
52,revenge_tilt,568.1,1.03,1.03,0,0,0.0,0.0,0
52,revenge_tilt,812.1,0.88,0.85,0,0,1538.2,0.0,0
52,revenge_tilt,19.9,1.06,1.21,0,0,959.44,0.0,0
52,revenge_tilt,39.4,1.04,0.98,0,1,-1059.41,2.02,0
52,revenge_tilt,259.1,3.16,3.02,1,2,-1086.66,4.09,1
52,revenge_tilt,95.1,2.38,0.75,1,3,-2655.2,9.15,1
52,revenge_tilt,34.8,2.7,1.13,1,4,-2271.18,13.47,1
52,revenge_tilt,8.3,3.22,1.19,0,5,-2627.78,18.48,1
52,revenge_tilt,78.2,0.94,0.29,1,6,-2694.6,23.61,0
52,revenge_tilt,11.1,1.07,1.14,0,0,1139.34,21.44,1
52,revenge_tilt,103.9,1.13,1.05,0,0,1449.62,18.68,0
52,revenge_tilt,441.1,1.18,1.05,0,0,1427.97,15.96,0
52,revenge_tilt,54.4,1.18,1.0,0,0,1357.49,13.37,0
52,revenge_tilt,323.1,0.97,0.82,0,0,1252.85,10.99,0
52,revenge_tilt,170.8,0.87,0.9,1,1,-824.81,12.56,0
52,revenge_tilt,11.0,2.64,3.03,1,2,-767.7,14.02,1
52,revenge_tilt,76.5,1.34,0.51,1,3,-3036.13,19.8,0
52,revenge_tilt,65.8,2.38,1.78,1,4,-1407.78,22.48,1
52,revenge_tilt,4.1,1.02,0.43,0,0,3532.34,15.76,1
52,revenge_tilt,750.6,0.97,0.95,0,1,-840.94,17.36,0
52,revenge_tilt,49.5,2.12,2.18,0,2,-1070.97,19.4,1
52,revenge_tilt,1242.6,0.96,0.45,0,0,2312.02,14.99,0
52,revenge_tilt,266.9,0.91,0.95,1,1,-1079.14,17.05,0
52,revenge_tilt,29.4,3.96,4.34,1,2,-939.7,18.84,1
52,revenge_tilt,588.7,1.06,0.27,1,3,-4217.61,26.87,0
52,revenge_tilt,36.0,1.19,1.12,0,0,1147.15,24.69,1
52,revenge_tilt,397.3,1.17,0.99,0,1,-951.51,26.5,0
52,revenge_tilt,389.5,0.92,0.79,1,0,1440.46,23.76,0
52,revenge_tilt,1357.0,1.05,1.14,0,0,1074.75,21.71,0
52,revenge_tilt,77.6,0.98,0.93,0,1,-1144.59,23.89,0
52,revenge_tilt,78.5,1.25,1.27,1,2,-1032.25,25.86,0
52,revenge_tilt,10.6,3.04,2.44,1,3,-1411.13,28.54,1
52,revenge_tilt,140.5,0.94,0.31,0,0,4136.31,20.67,0
52,revenge_tilt,93.8,0.89,0.95,0,0,1266.78,18.25,0
52,revenge_tilt,306.5,1.17,1.32,0,1,-982.75,20.12,0
52,revenge_tilt,1258.4,1.08,0.92,0,0,1524.47,17.22,0
52,revenge_tilt,78.9,1.02,0.94,1,0,1534.53,14.3,0
52,revenge_tilt,552.4,0.86,0.85,0,0,1184.48,12.04,0
52,revenge_tilt,47.8,1.18,1.37,0,0,871.47,10.38,0
52,revenge_tilt,311.6,1.98,1.68,0,1,-1131.2,12.54,1
52,revenge_tilt,6.7,3.44,1.74,1,2,-1779.27,15.93,1
52,revenge_tilt,68.5,1.06,0.31,1,0,4361.55,7.62,0
52,revenge_tilt,867.3,0.95,0.89,1,0,1378.83,4.99,0
52,revenge_tilt,1043.7,0.94,0.99,1,0,1288.73,2.54,0
52,revenge_tilt,69.2,0.83,0.89,1,1,-776.65,4.02,0
52,revenge_tilt,10.2,1.17,1.41,1,2,-700.31,5.35,1
52,revenge_tilt,100.7,1.11,0.95,0,0,1414.15,2.66,0
52,revenge_tilt,608.4,1.03,0.93,1,0,1512.91,0.0,0
52,revenge_tilt,1113.8,0.87,0.85,0,1,-1144.24,2.17,0
52,revenge_tilt,1290.0,0.91,1.04,1,0,995.66,0.28,0
52,revenge_tilt,232.4,0.83,0.91,0,1,-991.88,2.17,0
52,revenge_tilt,32.2,3.44,4.15,1,2,-752.58,3.6,1
52,revenge_tilt,35.7,0.97,0.28,0,0,3812.69,0.0,0
52,revenge_tilt,16.9,0.94,0.97,0,1,-954.01,1.75,0
52,revenge_tilt,48.3,0.98,1.04,1,0,1044.37,0.0,0
52,revenge_tilt,260.6,0.83,0.84,1,0,1201.92,0.0,0
52,revenge_tilt,59.5,1.06,1.29,0,1,-938.17,1.68,0
52,revenge_tilt,54.1,3.61,3.39,1,2,-1082.36,3.62,1
52,revenge_tilt,5.2,2.24,0.62,0,3,-3988.14,10.76,1
52,revenge_tilt,31.5,3.95,1.77,1,4,-2105.02,14.53,1
52,revenge_tilt,88.6,2.75,0.7,1,5,-4689.27,22.93,1
52,revenge_tilt,11.6,3.83,1.39,1,6,-2214.96,26.9,1
52,revenge_tilt,138.6,1.07,0.28,1,0,5664.43,16.75,1
52,revenge_tilt,218.9,0.97,0.91,0,1,-1119.81,18.76,0
52,revenge_tilt,1089.4,1.09,1.12,1,0,1268.45,16.49,0
52,revenge_tilt,2063.2,1.07,0.99,0,1,-1166.2,18.58,0
52,revenge_tilt,102.4,3.43,3.21,1,2,-878.57,20.15,1
52,revenge_tilt,430.8,0.91,0.27,0,0,4851.48,11.46,0
52,revenge_tilt,998.3,1.09,1.19,0,0,1275.6,9.18,0
52,revenge_tilt,37.9,0.97,0.89,0,0,1111.3,7.18,0
52,revenge_tilt,179.2,0.96,0.99,1,0,1021.42,5.36,0
52,revenge_tilt,871.4,1.76,1.83,0,0,1173.47,3.25,0
52,revenge_tilt,356.5,0.91,0.52,1,0,1920.93,0.0,0
52,revenge_tilt,166.3,1.18,1.3,1,1,-1026.2,1.83,0
52,revenge_tilt,115.3,1.14,0.97,0,2,-1180.15,3.94,0
52,revenge_tilt,173.8,0.89,0.78,0,0,1446.42,1.36,0
52,revenge_tilt,877.4,0.92,1.03,1,0,1041.93,0.0,0
52,revenge_tilt,1.7,1.08,1.17,0,0,1074.58,0.0,0
52,revenge_tilt,94.0,0.84,0.78,1,0,1440.83,0.0,0
52,revenge_tilt,942.1,1.13,1.34,0,0,1157.84,0.0,0
52,revenge_tilt,938.7,1.61,1.42,0,1,-1183.12,1.98,0
52,revenge_tilt,66.1,2.02,1.26,1,2,-1540.64,4.55,1
52,revenge_tilt,3.1,0.92,0.46,0,3,-2039.37,7.95,1
52,revenge_tilt,762.8,1.05,1.13,0,0,976.5,6.32,0
52,revenge_tilt,9.9,1.01,0.96,1,1,-1029.19,8.04,0
52,revenge_tilt,152.7,1.18,1.17,1,2,-966.47,9.66,0
52,revenge_tilt,49.4,3.79,3.2,1,3,-951.45,11.24,1
52,revenge_tilt,8.9,3.62,0.96,1,4,-3903.28,17.76,1
52,revenge_tilt,798.1,0.86,0.24,1,0,5005.6,9.4,0
52,revenge_tilt,262.3,1.09,1.27,1,1,-1001.68,11.08,0
52,revenge_tilt,70.3,3.59,3.29,1,2,-1136.36,12.97,1
52,revenge_tilt,22.5,2.04,0.57,0,3,-3927.8,19.53,1
52,revenge_tilt,261.8,0.92,0.45,0,0,3001.86,14.52,0
52,revenge_tilt,353.8,0.89,0.97,1,1,-1057.43,16.29,0
52,revenge_tilt,50.9,3.74,4.2,1,2,-987.62,17.93,1
52,revenge_tilt,30.4,1.17,0.31,1,3,-4229.64,25.0,1
52,revenge_tilt,122.4,2.25,1.92,1,4,-1063.1,26.77,1
52,revenge_tilt,5.0,2.21,0.98,1,5,-1898.02,29.94,0
52,revenge_tilt,142.6,1.12,0.51,0,0,2648.52,25.52,0
52,revenge_tilt,41.8,1.08,0.96,0,0,1432.58,23.13,1
52,revenge_tilt,96.5,1.03,0.96,1,1,-1143.73,25.04,0
52,revenge_tilt,0.9,3.07,2.97,1,2,-866.88,26.48,1
52,revenge_tilt,38.0,2.82,0.92,1,3,-2711.85,31.01,1
52,revenge_tilt,310.2,0.94,0.33,0,0,3265.44,25.56,0
52,revenge_tilt,427.5,0.92,0.97,1,1,-868.81,27.01,0
52,revenge_tilt,658.1,1.05,1.14,0,0,1102.42,25.17,0
52,revenge_tilt,340.5,0.92,0.87,1,1,-1158.92,27.1,0
52,revenge_tilt,118.3,1.15,1.25,0,0,1134.17,25.21,0
52,revenge_tilt,689.0,0.91,0.79,0,0,1657.03,22.44,0
52,revenge_tilt,59.6,1.08,1.19,1,0,982.41,20.8,0
52,revenge_tilt,401.3,0.93,0.86,0,0,1308.1,18.62,0
52,revenge_tilt,24.0,0.95,1.03,0,0,999.33,16.95,1
52,revenge_tilt,151.3,0.9,0.94,1,0,1103.06,15.11,0
52,revenge_tilt,109.0,1.1,1.22,0,1,-926.75,16.66,0
52,revenge_tilt,107.6,1.04,0.95,0,0,1319.23,14.45,0
52,revenge_tilt,113.5,1.03,0.99,1,0,1236.99,12.39,1
52,revenge_tilt,54.1,0.99,0.96,0,1,-970.33,14.01,0
52,revenge_tilt,28.1,3.94,4.0,0,2,-1115.08,15.87,1
52,revenge_tilt,83.6,0.84,0.21,0,0,4878.25,7.72,0
52,revenge_tilt,391.3,0.89,1.06,1,0,1019.72,6.02,0
52,revenge_tilt,98.2,1.13,1.27,0,0,1151.94,4.1,0
52,revenge_tilt,847.2,1.13,1.0,0,0,1213.51,2.07,0
52,revenge_tilt,199.0,1.06,0.94,1,0,1461.72,0.0,0
52,revenge_tilt,227.8,1.02,0.96,0,0,1516.33,0.0,0
52,revenge_tilt,142.7,1.07,1.05,1,0,1176.82,0.0,0
52,revenge_tilt,317.7,0.98,0.91,0,1,-920.43,1.47,0
52,revenge_tilt,349.8,1.39,1.43,1,2,-996.34,3.05,0
52,revenge_tilt,515.5,0.87,0.62,1,0,1961.5,0.0,0
52,revenge_tilt,50.7,0.96,1.1,0,1,-937.14,1.49,0
52,revenge_tilt,608.0,0.83,0.87,0,0,1366.84,0.0,0
52,revenge_tilt,69.5,0.96,1.15,0,0,843.0,0.0,0
52,revenge_tilt,37.9,1.04,1.09,0,1,-901.87,1.41,0
52,revenge_tilt,159.3,0.91,0.88,1,0,1199.56,0.0,0
52,revenge_tilt,361.1,0.86,0.94,0,0,1209.75,0.0,0
52,revenge_tilt,503.1,0.91,1.05,0,1,-899.78,1.37,0
52,revenge_tilt,474.1,0.92,1.01,0,0,1269.01,0.0,0
52,revenge_tilt,77.6,0.85,0.93,0,1,-767.97,1.16,0
52,revenge_tilt,216.1,3.53,4.16,1,2,-834.83,2.43,1
52,revenge_tilt,182.6,1.12,0.32,0,0,5126.41,0.0,0
52,revenge_tilt,66.9,0.83,0.74,0,0,1423.36,0.0,0
52,revenge_tilt,467.3,1.12,1.35,0,1,-963.9,1.36,0
52,revenge_tilt,32.6,1.07,0.95,1,2,-1076.48,2.88,1
52,revenge_tilt,755.4,1.1,1.03,1,0,1472.33,0.8,0
52,revenge_tilt,11.3,1.14,1.03,0,1,-1297.81,2.63,0
52,revenge_tilt,1338.7,1.08,0.95,0,0,1485.78,0.54,0
52,revenge_tilt,59.9,0.84,0.78,0,1,-1130.32,2.13,0
52,revenge_tilt,685.2,1.1,1.31,0,0,920.77,0.83,0
52,revenge_tilt,645.4,0.93,0.85,1,1,-1252.62,2.6,0
52,revenge_tilt,39.8,1.03,1.11,1,2,-1044.51,4.07,1
52,revenge_tilt,529.5,0.85,0.82,0,0,1327.78,2.2,0
53,revenge_tilt,1261.4,0.9,0.9,0,0,0.0,0.0,0
53,revenge_tilt,26.9,0.87,0.97,0,0,987.7,0.0,0
53,revenge_tilt,63.5,1.06,1.21,0,1,-813.0,1.59,0
53,revenge_tilt,42.9,1.17,1.11,0,0,1260.6,0.0,0
53,revenge_tilt,332.9,0.84,0.72,0,1,-1309.6,2.55,0
53,revenge_tilt,10.2,3.15,3.76,1,2,-957.12,4.41,1
53,revenge_tilt,2.0,3.08,0.98,1,3,-3731.53,11.66,1
53,revenge_tilt,1732.9,1.0,0.32,0,0,3462.35,4.93,0
53,revenge_tilt,607.0,0.88,0.88,0,0,1348.5,2.31,0
53,revenge_tilt,176.3,1.16,1.32,0,0,1085.14,0.2,0
53,revenge_tilt,167.1,0.94,0.81,0,0,1465.68,0.0,0
53,revenge_tilt,236.2,0.94,0.99,0,0,981.53,0.0,0
53,revenge_tilt,93.2,1.13,1.2,0,0,1232.95,0.0,0
53,revenge_tilt,59.1,0.91,0.81,0,1,-1249.66,2.27,0
53,revenge_tilt,494.5,1.03,1.13,1,0,1366.72,0.0,0
53,revenge_tilt,6.2,0.96,0.94,0,1,-929.37,1.69,0
53,revenge_tilt,113.5,2.28,2.37,0,2,-991.46,3.48,1
53,revenge_tilt,340.0,0.99,0.43,1,0,2825.66,0.0,0
53,revenge_tilt,193.3,0.84,0.85,0,0,1436.06,0.0,0
53,revenge_tilt,47.0,1.09,1.3,0,1,-854.41,1.49,0
53,revenge_tilt,19.9,3.54,3.24,1,2,-1064.16,3.34,1
53,revenge_tilt,19.4,1.39,0.39,1,3,-4149.9,10.56,1
53,revenge_tilt,342.8,1.12,0.8,0,0,1761.03,7.49,0
53,revenge_tilt,696.1,1.1,0.99,1,0,1120.12,5.55,0
53,revenge_tilt,861.4,0.95,0.86,0,0,1440.7,3.04,0
53,revenge_tilt,277.6,0.82,0.86,1,0,1320.18,0.74,0
53,revenge_tilt,27.6,0.94,1.16,0,0,961.64,0.0,0
53,revenge_tilt,174.7,0.81,0.86,0,1,-994.3,1.71,0
53,revenge_tilt,3.4,1.01,1.23,0,0,1015.41,0.0,0
53,revenge_tilt,1402.8,0.85,0.85,0,1,-933.48,1.61,0
53,revenge_tilt,20.7,1.16,1.36,1,2,-769.41,2.93,1
53,revenge_tilt,33.8,3.88,3.35,1,3,-1299.1,5.17,1
53,revenge_tilt,33.9,3.25,0.84,1,4,-4328.42,12.63,1
53,revenge_tilt,6.6,1.07,0.33,1,5,-3215.21,18.17,1
53,revenge_tilt,11.0,1.91,1.79,1,6,-1025.74,19.94,1
53,revenge_tilt,165.9,0.97,0.51,0,0,2430.53,15.75,0
53,revenge_tilt,31.3,1.07,1.1,0,1,-1101.38,17.65,1
53,revenge_tilt,0.8,2.84,2.66,1,2,-1100.42,19.55,1
53,revenge_tilt,54.4,0.82,0.29,0,0,3818.87,12.97,0
53,revenge_tilt,1030.8,0.86,1.04,0,1,-967.56,14.63,0
53,revenge_tilt,344.8,1.19,1.39,0,0,943.15,13.01,0
53,revenge_tilt,23.0,1.11,0.94,0,0,1691.19,10.09,1
53,revenge_tilt,5.7,0.9,0.81,0,0,1570.66,7.39,0
53,revenge_tilt,404.3,0.96,1.07,0,1,-869.32,8.88,0
53,revenge_tilt,20.6,2.28,2.37,1,2,-907.97,10.45,1
53,revenge_tilt,1231.3,0.82,0.36,0,0,2885.62,5.48,0
53,revenge_tilt,365.5,0.96,1.17,0,1,-805.83,6.87,0
53,revenge_tilt,364.0,0.91,0.95,0,0,1142.54,4.9,0
53,revenge_tilt,210.1,1.17,1.28,0,1,-1001.75,6.62,0
53,revenge_tilt,193.1,1.1,0.94,0,0,1606.34,3.85,0
53,revenge_tilt,8.1,1.18,1.08,1,1,-1138.91,5.82,0
53,revenge_tilt,1.8,3.22,2.72,0,2,-1029.63,7.59,1
53,revenge_tilt,109.1,1.0,0.31,0,0,3654.5,1.29,0
53,revenge_tilt,61.7,1.08,1.08,1,1,-914.71,2.87,0
53,revenge_tilt,992.2,0.99,0.92,0,0,1179.79,0.84,0
53,revenge_tilt,343.9,0.81,0.81,0,0,1235.83,0.0,0
53,revenge_tilt,60.6,1.07,1.33,0,1,-769.99,1.31,0
53,revenge_tilt,15.7,1.21,1.12,1,2,-1036.34,3.07,1
53,revenge_tilt,114.5,2.01,1.66,1,3,-1128.15,4.99,1
53,revenge_tilt,1248.5,0.95,0.47,0,0,2661.72,0.46,0
53,revenge_tilt,1393.4,1.2,1.26,0,1,-840.86,1.89,0
53,revenge_tilt,0.7,2.78,2.32,1,2,-1341.46,4.18,1
53,revenge_tilt,159.5,1.16,0.42,0,0,3090.66,0.0,0
53,revenge_tilt,31.0,1.18,1.02,1,0,1699.33,0.0,0
53,revenge_tilt,521.0,0.97,0.82,0,1,-1079.54,1.77,0
53,revenge_tilt,1295.8,1.09,1.12,0,0,1054.04,0.04,0
53,revenge_tilt,85.0,0.82,0.75,0,1,-1052.13,1.76,0
53,revenge_tilt,8.0,3.27,4.0,1,2,-946.73,3.31,1
53,revenge_tilt,46.3,1.07,0.33,1,3,-2994.38,8.21,0
53,revenge_tilt,37.9,2.16,2.02,0,4,-1202.31,10.18,1
53,revenge_tilt,7.1,3.13,1.45,0,5,-2427.63,14.15,1
53,revenge_tilt,6.4,2.35,0.75,1,6,-3306.6,19.56,1
53,revenge_tilt,482.6,2.64,1.12,1,7,-2225.05,23.2,1
53,revenge_tilt,63.7,2.88,1.09,1,8,-2284.54,26.94,1
53,revenge_tilt,572.3,1.04,0.36,1,0,3022.31,22.0,0
53,revenge_tilt,886.3,1.7,1.63,1,1,-930.5,23.52,1
53,revenge_tilt,0.6,3.92,2.31,0,2,-1583.47,26.11,1
53,revenge_tilt,7.3,2.53,0.65,1,3,-3465.51,31.78,1
53,revenge_tilt,2.8,3.68,1.45,1,4,-2992.05,36.68,1
53,revenge_tilt,528.2,1.16,0.31,0,0,4921.72,28.62,0
53,revenge_tilt,404.7,0.94,0.82,0,0,1686.91,25.86,0
53,revenge_tilt,106.1,1.03,1.09,1,1,-938.28,27.4,0
53,revenge_tilt,53.6,2.03,1.98,1,2,-858.63,28.8,1
53,revenge_tilt,411.3,0.83,0.41,1,0,2596.19,24.55,0
53,revenge_tilt,22.0,1.13,1.35,0,1,-674.45,25.66,1
53,revenge_tilt,865.1,1.08,0.95,0,0,1672.29,22.92,0
53,revenge_tilt,752.4,1.16,1.08,0,1,-1225.65,24.93,0
53,revenge_tilt,18.6,1.96,1.7,1,2,-1325.64,27.1,1
53,revenge_tilt,2351.4,0.91,0.46,0,0,2183.64,23.52,0
53,revenge_tilt,824.9,1.09,1.2,0,0,1239.63,21.5,0
53,revenge_tilt,521.1,0.94,0.87,1,0,1261.54,19.43,0
53,revenge_tilt,242.8,0.91,0.96,0,0,953.85,17.87,0
53,revenge_tilt,197.0,1.1,1.21,0,0,1079.57,16.1,0
53,revenge_tilt,1846.3,1.02,0.93,0,0,1595.47,13.49,0
53,revenge_tilt,610.0,0.94,0.92,0,0,1166.48,11.58,0
53,revenge_tilt,51.0,1.01,1.08,0,0,1108.92,9.77,0
53,revenge_tilt,18.4,1.04,1.03,0,1,-924.79,11.28,1
53,revenge_tilt,1372.2,0.92,0.88,0,0,1361.95,9.05,0
53,revenge_tilt,705.9,0.81,0.88,1,0,958.23,7.49,0
53,revenge_tilt,253.4,1.04,1.28,1,1,-647.61,8.55,0
53,revenge_tilt,66.5,0.97,0.94,0,0,1420.67,6.22,0
53,revenge_tilt,435.7,1.0,1.03,0,0,1285.15,4.12,0
53,revenge_tilt,4.2,0.93,0.93,0,1,-1053.33,5.84,0
53,revenge_tilt,118.4,0.99,1.06,1,0,1246.05,3.8,0
53,revenge_tilt,425.1,1.15,1.16,1,1,-1055.87,5.53,0
53,revenge_tilt,27.7,1.24,1.08,1,2,-1249.58,7.58,1
53,revenge_tilt,529.5,2.93,2.36,1,3,-1255.37,9.63,1
53,revenge_tilt,5.9,1.48,0.51,1,4,-3119.73,14.73,1
53,revenge_tilt,5.0,3.46,2.34,1,5,-1321.89,16.9,1
53,revenge_tilt,271.7,0.83,0.24,1,0,4132.39,10.14,0
53,revenge_tilt,248.6,1.19,1.44,0,1,-895.82,11.6,0
53,revenge_tilt,4.7,3.89,3.26,0,2,-1015.24,13.26,1
53,revenge_tilt,70.8,1.12,0.29,0,0,5563.47,4.16,0
53,revenge_tilt,357.4,1.06,0.95,0,1,-1111.74,5.98,0
53,revenge_tilt,1141.8,0.85,0.81,0,0,1169.82,4.06,0
53,revenge_tilt,508.0,0.94,1.1,0,0,1106.2,2.25,0
53,revenge_tilt,263.3,1.02,1.08,0,0,1284.11,0.15,0
53,revenge_tilt,96.7,1.12,1.1,0,1,-1103.02,1.96,0
53,revenge_tilt,19.6,1.83,1.64,0,2,-1072.97,3.71,1
53,revenge_tilt,24.9,0.81,0.44,0,0,1959.68,0.51,0
53,revenge_tilt,785.7,0.85,1.05,0,0,1031.2,0.0,0
53,revenge_tilt,103.0,1.19,1.4,0,1,-771.34,1.25,0
53,revenge_tilt,1167.8,1.08,0.91,0,0,1763.4,0.0,0
53,revenge_tilt,308.0,0.84,0.78,0,0,1332.26,0.0,0
53,revenge_tilt,511.5,1.12,1.34,1,0,1139.77,0.0,0
53,revenge_tilt,113.3,0.92,0.82,0,0,1309.45,0.0,0
53,revenge_tilt,83.4,1.13,1.22,0,0,1134.8,0.0,0
53,revenge_tilt,41.4,0.98,0.86,0,0,1467.16,0.0,0
53,revenge_tilt,255.1,1.03,1.06,0,0,1268.79,0.0,0
53,revenge_tilt,981.0,1.05,1.02,0,1,-1222.86,1.74,0
53,revenge_tilt,5.8,0.98,0.93,1,2,-1056.07,3.23,1
53,revenge_tilt,33.6,2.62,2.67,1,3,-967.5,4.61,1
53,revenge_tilt,43.8,3.84,1.46,1,4,-2277.23,7.84,1
53,revenge_tilt,19.0,2.01,0.52,1,5,-3218.58,12.4,1
53,revenge_tilt,34.3,0.82,0.41,0,0,3005.93,8.14,0
53,revenge_tilt,1584.7,1.05,1.29,0,0,1147.86,6.51,0
53,revenge_tilt,532.1,0.94,0.89,0,0,1528.71,4.34,1
53,revenge_tilt,481.1,0.87,0.93,0,0,1215.26,2.62,1
53,revenge_tilt,939.0,0.84,0.96,0,0,1191.49,0.93,0
53,revenge_tilt,139.8,1.11,1.32,0,0,1025.98,0.0,0
53,revenge_tilt,702.3,0.91,0.81,0,0,1242.08,0.0,0
53,revenge_tilt,135.9,1.18,1.3,1,1,-862.05,1.2,0
53,revenge_tilt,446.5,1.6,1.36,1,0,1610.76,0.0,0
53,revenge_tilt,852.3,1.04,0.65,1,0,2021.71,0.0,0
53,revenge_tilt,908.7,1.19,1.14,0,1,-883.58,1.18,0
53,revenge_tilt,293.0,1.26,1.06,0,2,-1417.28,3.07,0
53,revenge_tilt,69.3,2.33,1.85,1,3,-1316.38,4.83,1
53,revenge_tilt,98.4,0.94,0.41,0,0,3245.87,0.5,0
53,revenge_tilt,30.4,1.2,1.27,0,1,-982.79,1.81,0
53,revenge_tilt,5.4,2.75,2.3,1,2,-1297.33,3.54,1
54,revenge_tilt,119.9,0.96,0.96,0,0,0.0,0.0,0
54,revenge_tilt,46.0,1.13,1.18,0,0,1053.38,0.0,0
54,revenge_tilt,53.3,1.09,0.96,0,1,-1329.07,2.6,0
54,revenge_tilt,63.8,1.07,0.98,0,0,1445.05,0.0,0
54,revenge_tilt,211.7,1.15,1.08,0,0,1365.49,0.0,0
54,revenge_tilt,23.3,1.06,0.92,0,0,1681.78,0.0,0
54,revenge_tilt,1471.9,0.94,0.89,1,0,1345.94,0.0,0
54,revenge_tilt,487.2,0.87,0.92,1,1,-1061.35,1.91,0
54,revenge_tilt,1029.9,1.19,1.36,0,0,1044.53,0.03,0
54,revenge_tilt,776.6,0.83,0.7,0,0,1515.59,0.0,0
54,revenge_tilt,58.3,1.08,1.3,0,0,898.02,0.0,0
54,revenge_tilt,102.0,1.11,1.03,1,1,-1060.95,1.83,0
54,revenge_tilt,4.8,3.31,2.98,1,2,-1180.08,3.87,1
54,revenge_tilt,44.8,1.42,0.43,1,3,-2934.08,8.93,1
54,revenge_tilt,64.2,3.01,2.12,1,4,-1316.23,11.2,1
54,revenge_tilt,3.3,0.98,0.33,0,5,-3229.1,16.77,1
54,revenge_tilt,39.0,1.16,1.18,1,6,-1012.19,18.52,1
54,revenge_tilt,37.6,3.61,3.12,1,7,-1237.94,20.65,1
54,revenge_tilt,211.3,3.73,1.04,1,8,-2995.94,25.82,1
54,revenge_tilt,24.5,0.88,0.23,1,0,4020.82,18.89,1
54,revenge_tilt,583.3,1.99,2.27,0,0,1021.58,17.12,1
54,revenge_tilt,1149.0,1.19,0.6,0,0,2247.11,13.25,0
54,revenge_tilt,242.7,1.15,0.97,0,0,1754.34,10.22,0
54,revenge_tilt,1316.8,0.8,0.7,0,1,-1087.35,12.09,0
54,revenge_tilt,1224.9,0.81,1.01,0,0,1054.76,10.27,0
54,revenge_tilt,1405.7,0.86,1.07,0,1,-751.18,11.57,0
54,revenge_tilt,109.3,0.93,1.08,0,0,1056.09,9.75,0
54,revenge_tilt,885.0,1.04,1.12,0,1,-988.87,11.45,0
54,revenge_tilt,16.4,3.17,3.04,1,2,-1071.37,13.3,1
54,revenge_tilt,261.4,0.92,0.29,0,0,3394.38,7.45,0
54,revenge_tilt,447.8,0.94,1.02,0,1,-934.99,9.06,0
54,revenge_tilt,23.2,3.37,3.57,1,2,-1057.28,10.88,1
54,revenge_tilt,265.0,1.05,0.31,1,0,4329.16,3.41,0
54,revenge_tilt,163.7,0.93,0.89,0,0,1346.58,1.09,0
54,revenge_tilt,81.9,1.11,1.19,0,1,-1016.45,2.85,0
54,revenge_tilt,1363.8,1.12,1.0,1,0,1515.14,0.23,0
54,revenge_tilt,473.3,1.05,0.94,1,1,-943.64,1.86,0
54,revenge_tilt,196.2,0.82,0.78,0,0,1105.06,0.0,0
54,revenge_tilt,1165.7,0.86,1.04,0,1,-825.84,1.42,0
54,revenge_tilt,3.8,0.92,1.08,0,0,1032.72,0.0,0
54,revenge_tilt,77.3,1.09,1.19,0,0,1090.32,0.0,0
54,revenge_tilt,305.5,1.17,1.08,1,0,1243.25,0.0,0
54,revenge_tilt,1083.9,1.18,1.01,0,1,-951.54,1.57,0
54,revenge_tilt,233.1,0.86,0.73,0,0,1734.47,0.0,0
54,revenge_tilt,46.2,0.87,1.01,0,0,1068.98,0.0,0
54,revenge_tilt,964.4,1.17,1.34,0,1,-885.61,1.42,0
54,revenge_tilt,11.8,3.42,2.92,1,2,-1221.24,3.38,1
54,revenge_tilt,7.1,1.15,0.34,1,3,-2899.91,8.03,1
54,revenge_tilt,283.7,1.46,1.27,1,4,-1315.95,10.14,0
54,revenge_tilt,631.3,1.94,1.33,1,5,-1580.63,12.67,1
54,revenge_tilt,26.1,0.96,0.49,0,6,-1617.51,15.26,1
54,revenge_tilt,28.8,3.74,3.91,1,7,-964.03,16.81,1
54,revenge_tilt,224.1,0.94,0.25,0,0,4775.55,9.15,0
54,revenge_tilt,1224.8,1.12,1.19,0,0,1230.56,7.18,0
54,revenge_tilt,86.9,1.11,0.99,0,0,1630.04,4.57,0
54,revenge_tilt,344.2,1.16,1.04,0,1,-909.0,6.02,0
54,revenge_tilt,67.6,1.47,1.27,0,2,-1312.73,8.13,0
54,revenge_tilt,35.9,0.98,0.67,0,0,1503.85,5.72,0
54,revenge_tilt,139.3,0.92,0.94,1,0,1360.23,3.54,0
54,revenge_tilt,503.8,0.89,0.96,1,0,1268.9,1.5,0
54,revenge_tilt,69.3,1.06,1.2,0,0,1154.31,0.0,0
54,revenge_tilt,553.5,0.96,0.91,0,0,1179.06,0.0,0
54,revenge_tilt,821.1,1.02,1.06,1,1,-1133.75,1.78,0
54,revenge_tilt,57.9,2.63,2.58,1,2,-1058.99,3.44,1
54,revenge_tilt,45.9,3.85,1.46,1,3,-2257.84,6.98,1
54,revenge_tilt,61.4,3.99,1.03,1,4,-4455.48,13.96,1
54,revenge_tilt,13.8,1.24,0.31,1,5,-3367.79,19.25,1
54,revenge_tilt,359.1,1.47,1.18,1,6,-1031.13,20.86,0
54,revenge_tilt,42.7,1.29,0.88,1,7,-1712.36,23.55,1
54,revenge_tilt,97.9,1.45,1.12,1,8,-1540.4,25.96,0
54,revenge_tilt,59.7,1.48,1.02,1,9,-1382.98,28.13,1
54,revenge_tilt,112.9,1.9,1.29,0,10,-1682.91,30.77,1
54,revenge_tilt,493.7,1.18,0.62,1,0,2043.69,27.57,0
54,revenge_tilt,185.2,0.83,0.7,0,1,-1164.03,29.39,0
54,revenge_tilt,348.1,0.93,1.13,0,0,1236.53,27.45,0
54,revenge_tilt,11.5,1.01,1.08,0,1,-993.6,29.01,1
54,revenge_tilt,321.6,1.03,1.02,0,0,1227.78,27.08,0
54,revenge_tilt,397.3,0.86,0.83,0,1,-1135.73,28.87,0
54,revenge_tilt,20.3,1.37,1.6,0,2,-796.63,30.11,1
54,revenge_tilt,14.6,0.9,0.66,1,3,-1192.03,31.98,1
54,revenge_tilt,135.8,3.45,3.83,1,4,-750.86,33.16,1
54,revenge_tilt,600.7,0.88,0.25,1,0,4582.94,25.98,0
54,revenge_tilt,777.4,1.13,1.28,0,1,-1007.26,27.55,0
54,revenge_tilt,376.4,1.0,0.89,1,2,-1212.76,29.46,0
54,revenge_tilt,149.1,1.11,1.11,1,0,1435.58,27.21,0
54,revenge_tilt,90.8,1.09,0.98,0,1,-1154.76,29.02,0
54,revenge_tilt,11.4,2.8,2.57,1,2,-1001.87,30.59,1
54,revenge_tilt,40.0,3.15,1.13,1,3,-2649.78,34.74,1
54,revenge_tilt,2.7,3.22,1.02,1,4,-2768.03,39.08,1
54,revenge_tilt,15.8,3.78,1.17,1,5,-3213.23,44.12,1
54,revenge_tilt,65.3,3.41,0.9,0,6,-3137.77,49.04,1
54,revenge_tilt,120.5,3.03,0.89,1,7,-2981.91,53.72,1
54,revenge_tilt,84.4,3.39,1.12,0,8,-3321.87,58.92,1
54,revenge_tilt,18.6,0.82,0.24,1,0,4777.69,51.43,1
54,revenge_tilt,314.4,1.01,1.24,0,0,1151.94,49.63,0
54,revenge_tilt,775.1,1.12,1.11,0,0,1233.72,47.69,0
54,revenge_tilt,572.7,0.84,0.75,0,0,1305.64,45.65,0
54,revenge_tilt,1132.5,1.01,1.21,0,0,1193.31,43.77,0
54,revenge_tilt,83.2,1.11,1.1,1,1,-910.29,45.2,0
54,revenge_tilt,7.4,1.11,1.0,0,2,-1187.49,47.06,1
54,revenge_tilt,57.9,0.84,0.75,1,0,1392.72,44.88,0
54,revenge_tilt,51.5,0.82,0.98,0,1,-944.36,46.36,0
54,revenge_tilt,310.1,1.11,1.35,0,0,966.74,44.84,0
54,revenge_tilt,35.4,1.07,0.97,0,1,-984.36,46.39,1
54,revenge_tilt,262.6,1.45,1.35,1,2,-1004.58,47.96,0
54,revenge_tilt,12.4,3.99,2.76,1,3,-1707.74,50.64,1
54,revenge_tilt,46.3,1.14,0.29,0,4,-4376.51,57.5,0
54,revenge_tilt,421.8,0.83,0.73,1,0,1295.1,55.47,0
54,revenge_tilt,25.2,1.19,1.44,1,1,-751.59,56.65,1
54,revenge_tilt,14.0,1.05,0.88,0,0,1547.15,54.23,1
54,revenge_tilt,62.7,0.87,0.83,0,0,1205.22,52.34,0
54,revenge_tilt,951.6,0.83,0.95,0,0,1071.73,50.65,0
54,revenge_tilt,126.5,1.1,1.33,1,1,-945.66,52.14,0
54,revenge_tilt,286.2,1.02,0.93,0,0,1550.24,49.71,0
54,revenge_tilt,55.9,1.15,1.13,1,1,-1167.89,51.54,0
54,revenge_tilt,4.3,1.95,1.69,0,2,-1357.54,53.67,1
54,revenge_tilt,2.5,1.8,0.93,0,3,-2265.4,57.22,1
54,revenge_tilt,18.1,1.91,1.06,1,4,-1853.29,60.13,1
54,revenge_tilt,9.0,1.29,0.68,1,5,-2071.0,63.37,1
54,revenge_tilt,14.8,1.97,1.53,1,6,-1335.47,65.47,1
54,revenge_tilt,29.1,3.59,1.82,1,7,-2099.73,68.76,1
54,revenge_tilt,334.5,3.69,1.03,1,8,-3879.11,74.84,1
54,revenge_tilt,7.6,1.25,0.34,1,9,-3799.58,80.8,1
54,revenge_tilt,1354.1,1.0,0.8,0,0,1778.54,78.01,0
54,revenge_tilt,779.4,0.83,0.83,1,1,-1126.41,79.78,0
54,revenge_tilt,1.3,3.52,4.27,0,2,-969.94,81.3,0
54,revenge_tilt,358.0,3.68,1.04,1,3,-3655.05,87.03,1
54,revenge_tilt,195.9,1.16,0.32,0,0,3918.45,80.88,0
54,revenge_tilt,107.2,1.08,0.93,0,1,-1002.37,82.46,0
54,revenge_tilt,255.3,0.95,0.88,1,0,1142.05,80.67,0
54,revenge_tilt,472.5,0.83,0.87,0,1,-882.73,82.05,0
54,revenge_tilt,80.7,1.02,1.23,1,0,966.62,80.53,0
54,revenge_tilt,746.6,0.99,0.97,0,0,1217.87,78.62,0
54,revenge_tilt,263.5,1.02,1.03,0,0,1169.66,76.79,0
54,revenge_tilt,85.4,0.9,0.89,0,0,1412.32,74.58,0
54,revenge_tilt,807.5,0.86,0.96,0,1,-834.4,75.88,0
54,revenge_tilt,112.2,0.91,1.05,0,0,1254.47,73.92,0
54,revenge_tilt,124.9,1.0,1.11,0,0,944.65,72.44,0
54,revenge_tilt,11.1,1.83,1.82,1,0,1007.29,70.86,1
54,revenge_tilt,193.0,1.07,0.59,0,1,-1684.39,73.5,0
54,revenge_tilt,111.7,3.57,3.33,1,2,-1091.13,75.21,1
54,revenge_tilt,14.4,2.52,0.71,0,3,-4207.98,81.81,1
54,revenge_tilt,5.3,2.99,1.19,1,4,-2807.09,86.21,1
54,revenge_tilt,131.6,1.1,0.37,0,0,3333.11,80.98,0
54,revenge_tilt,764.4,1.87,1.69,0,0,1628.0,78.43,1
54,revenge_tilt,26.3,1.08,0.58,0,0,2418.73,74.64,1
54,revenge_tilt,13.6,0.84,0.77,1,1,-945.63,76.12,1
54,revenge_tilt,1873.5,0.93,1.11,0,0,934.7,74.65,0
54,revenge_tilt,534.0,0.84,0.9,0,1,-1005.03,76.23,0
54,revenge_tilt,101.4,0.99,1.18,0,0,1197.63,74.35,0
55,over_trader,1422.1,1.08,1.08,0,0,0.0,0.0,0
55,over_trader,352.2,0.83,0.77,1,1,-1148.16,2.3,0
55,over_trader,855.2,1.04,1.25,0,0,945.89,0.4,0
55,over_trader,102.6,0.81,0.77,0,0,1249.84,0.0,0
55,over_trader,1003.5,1.1,1.37,0,1,-835.65,1.64,0
55,over_trader,273.7,1.04,0.94,1,2,-952.72,3.5,0
55,over_trader,3.8,1.77,1.7,0,0,1312.95,0.93,0
55,over_trader,682.0,0.99,0.56,0,1,-1637.85,4.14,1
55,over_trader,45.2,1.07,1.09,0,0,1194.89,1.8,0
55,over_trader,711.7,0.88,0.82,0,0,1231.14,0.0,0
55,over_trader,16.3,1.18,1.33,0,1,-928.59,1.81,0
55,over_trader,348.3,1.15,0.98,0,0,1427.09,0.0,0
55,over_trader,157.1,1.11,0.97,0,1,-1128.28,2.18,0
55,over_trader,483.2,0.82,0.74,1,0,1136.78,0.0,0
55,over_trader,11.5,0.88,1.07,0,0,890.9,0.0,0
55,over_trader,34.6,0.87,0.98,0,1,-1009.77,1.91,0
55,over_trader,678.4,1.1,1.27,0,2,-720.85,3.28,0
55,over_trader,440.4,1.16,1.05,0,0,1232.47,0.94,1
55,over_trader,329.8,0.92,0.8,0,1,-1062.0,2.96,0
55,over_trader,645.1,1.13,1.23,0,2,-837.88,4.55,0
55,over_trader,266.0,1.09,0.97,0,0,1454.7,1.79,0
55,over_trader,299.9,1.14,1.04,1,0,1450.03,0.0,0
55,over_trader,171.3,0.9,0.79,0,0,1355.84,0.0,0
55,over_trader,73.0,0.92,1.02,0,0,1042.11,0.0,0
55,over_trader,418.1,1.16,1.27,1,0,1095.18,0.0,0
55,over_trader,179.2,1.17,1.01,0,0,1564.88,0.0,0
55,over_trader,643.6,0.96,0.82,0,1,-1055.46,1.81,0
55,over_trader,813.6,0.97,1.01,0,0,1010.54,0.08,0
55,over_trader,1475.7,0.96,0.99,1,0,1418.47,0.0,0
55,over_trader,282.7,1.16,1.21,0,1,-902.51,1.51,0
55,over_trader,507.8,1.12,0.96,1,0,1727.64,0.0,0
55,over_trader,544.9,1.14,1.02,0,1,-1106.35,1.83,0
55,over_trader,374.0,0.95,0.83,0,2,-1068.41,3.59,0
55,over_trader,259.3,1.05,1.1,0,0,1113.55,1.75,0
55,over_trader,179.9,1.16,1.1,1,1,-1157.22,3.67,0
55,over_trader,115.3,1.02,0.88,0,0,1686.7,0.88,0
55,over_trader,1385.1,1.06,1.04,0,0,1367.42,0.0,1
55,over_trader,296.3,1.11,1.04,0,1,-1085.19,1.77,0
55,over_trader,237.8,1.88,1.69,0,2,-1005.14,3.41,1
55,over_trader,666.2,0.9,0.48,0,3,-1714.14,6.2,0
55,over_trader,233.6,0.82,0.92,0,0,1042.3,4.5,0
55,over_trader,29.9,1.03,1.25,0,1,-748.91,5.72,0
55,over_trader,384.0,0.83,0.81,0,2,-1134.86,7.57,0
55,over_trader,570.4,0.95,1.14,0,0,879.34,6.14,0
55,over_trader,51.3,1.14,1.21,1,0,1384.79,3.88,0
55,over_trader,124.4,1.16,1.01,0,0,1206.87,1.91,0
55,over_trader,190.7,1.15,0.99,1,0,1286.56,0.0,0
55,over_trader,11.4,1.15,1.0,0,0,1693.66,0.0,0
55,over_trader,522.1,1.16,1.01,0,0,1304.11,0.0,0
55,over_trader,64.0,0.86,0.74,0,0,1643.21,0.0,0
55,over_trader,40.4,1.05,1.22,0,1,-882.41,1.33,0
55,over_trader,13.1,0.9,0.86,0,2,-987.86,2.83,1
55,over_trader,21.1,0.89,0.98,1,0,1220.16,0.98,0
55,over_trader,16.6,1.17,1.31,0,1,-986.52,2.48,0
55,over_trader,50.5,1.09,0.93,0,0,1415.17,0.33,0
55,over_trader,1208.2,1.14,1.05,0,0,1350.11,0.0,0
55,over_trader,85.3,1.16,1.02,0,1,-998.19,1.48,0
55,over_trader,347.7,1.15,0.99,0,0,1421.95,0.0,0
55,over_trader,78.4,1.07,0.93,0,1,-986.53,1.46,0
55,over_trader,816.8,0.94,0.88,1,2,-1169.04,3.19,0
55,over_trader,577.7,1.03,1.09,0,0,1075.92,1.6,0
55,over_trader,122.5,1.21,1.17,0,1,-1089.88,3.21,0
55,over_trader,8.1,1.79,1.49,0,0,1570.53,0.89,0
55,over_trader,39.0,1.87,1.04,0,0,1981.61,0.0,0
55,over_trader,21.9,1.85,0.99,1,0,2338.74,0.0,0
55,over_trader,71.5,1.51,0.82,1,1,-2187.81,3.06,0
55,over_trader,21.7,2.11,1.39,1,2,-1807.08,5.6,1
55,over_trader,3.9,2.1,0.99,1,0,2804.9,1.67,0
55,over_trader,47.7,1.27,0.61,1,1,-1942.87,4.39,0
55,over_trader,109.5,1.38,1.08,0,0,1804.67,1.86,0
55,over_trader,19.0,1.86,1.35,1,0,1563.76,0.0,1
55,over_trader,160.7,1.21,0.65,0,1,-2004.53,2.8,0
55,over_trader,655.8,1.42,1.17,1,0,1239.14,1.07,0
55,over_trader,121.9,2.12,1.49,0,1,-1155.87,2.68,0
55,over_trader,36.6,1.29,0.61,1,0,2852.1,0.0,0
55,over_trader,17.1,1.81,1.4,0,0,1809.86,0.0,0
55,over_trader,57.7,1.87,1.04,1,1,-1947.39,2.62,0
55,over_trader,42.5,1.42,0.76,0,0,2786.65,0.0,0
55,over_trader,26.8,2.2,1.55,1,1,-1689.71,2.25,0
55,over_trader,16.3,1.8,0.82,1,0,2747.25,0.0,0
55,over_trader,124.0,2.1,1.17,1,0,2659.27,0.0,0
55,over_trader,0.9,1.18,0.56,1,0,2614.78,0.0,0
55,over_trader,6.5,2.0,1.7,1,1,-1375.74,1.69,0
55,over_trader,31.9,1.24,0.62,0,0,2088.67,0.0,0
55,over_trader,24.9,1.38,1.11,1,0,1513.52,0.0,0
55,over_trader,383.0,1.17,0.85,1,1,-1203.54,1.44,0
55,over_trader,17.0,1.54,1.31,0,0,1422.13,0.0,0
55,over_trader,58.3,1.47,0.95,0,1,-1396.31,1.66,0
55,over_trader,105.5,1.14,0.78,0,0,1866.03,0.0,0
55,over_trader,85.1,1.28,1.13,0,0,1419.8,0.0,0
55,over_trader,20.9,1.5,1.17,0,0,1569.44,0.0,0
55,over_trader,61.1,1.92,1.28,0,0,1816.71,0.0,0
55,over_trader,20.5,1.31,0.68,1,1,-1663.02,1.86,0
55,over_trader,7.2,1.28,0.97,0,2,-1493.97,3.54,1
55,over_trader,45.8,1.15,0.9,1,3,-1460.06,5.17,0
55,over_trader,53.8,1.68,1.46,1,4,-1340.53,6.68,0
55,over_trader,65.6,1.72,1.03,0,0,1798.23,4.66,0
55,over_trader,142.5,1.64,0.95,0,1,-1687.07,6.55,0
55,over_trader,5.9,2.0,1.22,1,0,1775.11,4.56,0
55,over_trader,17.7,1.74,0.87,1,1,-1936.27,6.73,0
55,over_trader,4.3,1.97,1.13,0,2,-1535.22,8.45,1
55,over_trader,16.1,2.09,1.07,1,3,-1976.15,10.67,1
55,over_trader,1.6,1.88,0.9,1,0,2206.04,8.19,0
55,over_trader,120.4,1.98,1.05,1,0,2659.79,5.21,0
55,over_trader,6.8,1.14,0.57,0,1,-1942.93,7.39,1
55,over_trader,12.8,2.05,1.8,1,0,1308.43,5.92,0
55,over_trader,7.9,1.86,0.91,1,1,-1751.2,7.89,0
55,over_trader,4.2,1.74,0.93,1,2,-1819.7,9.93,1
55,over_trader,4.8,1.67,0.96,0,0,1795.9,7.91,0
55,over_trader,11.2,1.55,0.93,1,1,-1627.32,9.74,0
55,over_trader,10.2,1.73,1.12,1,0,1830.16,7.69,1
55,over_trader,35.2,1.15,0.66,0,1,-1839.67,9.75,0
55,over_trader,126.5,1.97,1.71,1,0,1519.44,8.04,0
55,over_trader,7.3,2.17,1.1,0,0,2869.35,4.83,0
55,over_trader,124.3,1.46,0.67,1,1,-2418.82,7.54,1
55,over_trader,13.7,1.11,0.76,1,2,-1555.29,9.28,1
55,over_trader,17.6,1.76,1.59,0,3,-1048.6,10.46,1
55,over_trader,71.7,1.96,1.11,0,0,1876.21,8.36,0
55,over_trader,9.2,2.05,1.04,1,0,2361.81,5.71,0
55,over_trader,47.0,1.72,0.84,0,1,-2072.84,8.03,0
55,over_trader,4.1,1.39,0.81,1,0,2539.35,5.19,0
55,over_trader,103.5,1.21,0.87,1,0,1540.64,3.46,0
55,over_trader,32.4,1.11,0.91,0,0,1773.11,1.47,0
55,over_trader,133.6,1.87,1.69,0,0,1508.02,0.0,0
55,over_trader,4.2,1.3,0.69,1,0,2472.08,0.0,0
55,over_trader,2.9,1.71,1.32,1,1,-1406.49,1.53,0
55,over_trader,938.6,1.98,1.16,1,2,-1949.49,3.65,1
55,over_trader,533.6,1.25,0.63,1,0,2459.8,0.98,0
55,over_trader,134.0,1.16,0.93,1,0,1511.19,0.0,0
55,over_trader,63.7,1.71,1.47,0,1,-1147.33,1.24,0
55,over_trader,33.3,1.26,0.73,0,0,2141.09,0.0,0
55,over_trader,75.2,1.61,1.28,1,1,-1301.8,1.39,0
55,over_trader,69.0,1.49,0.93,1,2,-1670.16,3.18,0
55,over_trader,173.9,1.93,1.29,0,3,-1777.81,5.08,1
55,over_trader,13.3,2.11,1.09,1,0,2733.58,2.16,0
55,over_trader,45.3,1.99,0.94,1,1,-2447.34,4.77,0
55,over_trader,11.0,1.75,0.88,0,2,-1878.58,6.78,1
55,over_trader,282.3,1.66,0.95,0,3,-1682.69,8.58,0
55,over_trader,63.9,1.15,0.69,1,4,-1468.12,10.15,0
55,over_trader,30.6,2.1,1.83,0,5,-1289.26,11.53,1
55,over_trader,25.2,1.82,0.87,1,6,-2267.02,13.95,1
55,over_trader,37.8,1.41,0.78,1,7,-1495.19,15.55,1
55,over_trader,20.7,1.43,1.01,1,8,-1186.7,16.82,1
55,over_trader,117.7,1.48,1.04,1,9,-1434.7,18.35,0
55,over_trader,86.3,1.87,1.26,1,10,-1464.25,19.92,0
55,over_trader,23.3,1.12,0.6,1,11,-2139.93,22.21,1
55,over_trader,365.0,1.4,1.25,1,12,-1050.95,23.33,0
55,over_trader,64.5,1.89,1.35,1,0,1907.48,21.29,1
55,over_trader,40.1,1.76,0.93,1,1,-1829.82,23.25,1
55,over_trader,29.4,1.66,0.94,0,2,-1924.84,25.31,1
56,over_trader,417.6,0.99,0.99,0,0,0.0,0.0,0
56,over_trader,581.9,1.15,1.15,0,1,-863.23,1.73,0
56,over_trader,730.7,0.91,0.8,0,2,-1261.45,4.25,0
56,over_trader,233.4,1.69,1.84,0,3,-773.47,5.8,1
56,over_trader,33.7,1.01,0.6,0,4,-1868.24,9.53,1
56,over_trader,18.3,0.9,0.89,0,5,-971.72,11.48,1
56,over_trader,198.1,1.08,1.21,1,6,-847.86,13.17,0
56,over_trader,813.8,1.1,1.02,0,0,1401.68,10.37,0
56,over_trader,1084.3,0.82,0.75,0,0,1279.96,7.81,0
56,over_trader,8.8,1.16,1.4,0,0,1102.05,5.6,0
56,over_trader,26.5,0.98,0.84,0,0,1401.04,2.8,0
56,over_trader,80.3,1.19,1.22,0,0,1147.98,0.51,0
56,over_trader,332.3,0.99,0.83,0,0,1735.86,0.0,0
56,over_trader,48.0,0.94,0.95,0,1,-1050.26,2.04,0
56,over_trader,121.5,1.14,1.21,0,2,-901.67,3.79,0
56,over_trader,25.6,1.01,0.88,0,3,-965.88,5.67,1
56,over_trader,875.0,1.03,1.03,0,4,-988.56,7.59,0
56,over_trader,143.4,1.12,1.09,0,5,-984.6,9.5,0
56,over_trader,388.8,1.01,0.9,0,0,1304.82,6.97,0
56,over_trader,442.5,0.87,0.86,0,1,-1177.65,9.25,0
56,over_trader,88.1,1.18,1.36,0,2,-707.18,10.63,0
56,over_trader,422.4,0.99,0.84,0,0,1733.01,7.26,0
56,over_trader,33.9,0.88,0.89,0,1,-931.69,9.07,0
56,over_trader,717.6,1.15,1.3,1,0,1145.5,6.85,0
56,over_trader,544.6,0.89,0.78,0,0,1555.22,3.82,0
56,over_trader,20.6,1.15,1.3,0,0,1167.06,1.56,0
56,over_trader,843.1,1.03,0.89,1,1,-1361.37,4.2,0
56,over_trader,36.4,0.92,0.89,0,0,1519.23,1.25,0
56,over_trader,1627.8,1.14,1.24,0,0,1068.37,0.0,0
56,over_trader,455.7,1.16,1.02,0,1,-1152.22,2.22,0
56,over_trader,256.3,1.04,0.89,0,2,-1041.32,4.23,0
56,over_trader,348.5,1.12,1.08,0,0,1413.91,1.5,0
56,over_trader,86.1,1.01,0.91,1,1,-977.74,3.39,0
56,over_trader,969.3,1.04,1.03,1,0,1402.77,0.68,0
56,over_trader,10.3,0.85,0.82,0,1,-1121.95,2.84,0
56,over_trader,1079.9,1.17,1.38,0,0,1045.58,0.83,0
56,over_trader,425.6,0.83,0.71,1,1,-1329.62,3.39,0
56,over_trader,53.7,0.95,1.14,1,0,1161.39,1.15,0
56,over_trader,107.8,1.13,1.19,0,0,1267.45,0.0,0
56,over_trader,669.2,1.05,0.93,1,0,1639.88,0.0,0
56,over_trader,234.8,0.92,0.88,0,0,1493.88,0.0,0
56,over_trader,386.5,1.06,1.16,0,1,-894.88,1.61,0
56,over_trader,134.1,1.09,1.02,0,2,-1037.0,3.47,0
56,over_trader,729.4,0.9,0.82,1,0,1384.36,0.98,0
56,over_trader,146.6,0.83,0.93,0,0,1066.11,0.0,0
56,over_trader,118.0,0.8,0.96,1,0,1199.07,0.0,0
56,over_trader,144.2,1.09,1.37,1,1,-758.52,1.32,0
56,over_trader,621.1,0.89,0.81,0,2,-968.89,3.01,0
56,over_trader,15.4,1.08,1.22,0,0,1170.64,0.97,0
56,over_trader,9.6,1.07,0.99,0,1,-1277.77,3.19,0
56,over_trader,239.1,1.11,1.03,1,2,-923.74,4.8,0
56,over_trader,215.9,1.0,0.9,0,0,1343.74,2.46,0
56,over_trader,46.2,1.12,1.12,0,1,-1034.2,4.26,0
56,over_trader,854.1,0.95,0.85,1,2,-1199.03,6.35,0
56,over_trader,7.6,1.19,1.26,0,0,1100.24,4.44,0
56,over_trader,170.9,0.93,0.78,0,0,1583.17,1.68,0
56,over_trader,270.7,0.83,0.89,1,0,1155.82,0.0,0
56,over_trader,204.3,1.19,1.43,0,0,1007.41,0.0,0
56,over_trader,152.8,1.0,0.84,1,0,1755.53,0.0,0
56,over_trader,22.2,1.15,1.16,0,1,-984.4,1.63,0
56,over_trader,322.7,0.92,0.8,0,0,1405.5,0.0,0
56,over_trader,127.6,1.73,1.88,0,0,1098.93,0.0,0
56,over_trader,694.1,1.61,0.93,1,1,-1588.44,2.57,0
56,over_trader,24.7,1.95,1.21,1,0,2074.45,0.0,0
56,over_trader,340.6,1.59,0.82,1,0,2232.77,0.0,0
56,over_trader,3.2,1.97,1.24,1,0,1813.61,0.0,0
56,over_trader,42.1,1.9,0.96,1,0,2227.94,0.0,0
56,over_trader,123.6,2.06,1.09,1,1,-2007.24,2.92,0
56,over_trader,18.5,2.15,1.04,1,0,2431.61,0.0,0
56,over_trader,92.1,1.9,0.88,1,0,3182.91,0.0,0
56,over_trader,399.0,1.58,0.83,1,1,-2155.51,2.98,0
56,over_trader,4.7,1.62,1.03,0,2,-1395.84,4.91,1
56,over_trader,20.3,1.56,0.96,1,3,-1476.3,6.96,1
56,over_trader,88.3,1.85,1.18,1,0,1899.1,4.33,0
56,over_trader,782.6,1.47,0.8,0,0,1868.02,1.74,0
56,over_trader,139.3,1.43,0.97,0,1,-1240.33,3.46,0
56,over_trader,18.5,2.03,1.42,1,0,1475.94,1.42,0
56,over_trader,137.5,1.45,0.72,1,1,-2057.09,4.26,0
56,over_trader,222.9,1.23,0.85,1,0,2078.02,1.39,0
56,over_trader,48.7,1.96,1.59,0,0,1826.49,0.0,0
56,over_trader,54.0,2.11,1.08,0,1,-2160.16,2.96,0
56,over_trader,136.8,2.11,1.0,1,2,-1945.0,5.62,1
56,over_trader,10.8,2.12,1.01,1,3,-1957.42,8.29,1
56,over_trader,15.5,2.18,1.03,1,4,-2168.01,11.26,1
56,over_trader,856.6,1.23,0.57,0,5,-1875.6,13.83,0
56,over_trader,31.4,1.6,1.3,1,6,-1373.35,15.71,1
56,over_trader,153.1,2.15,1.34,1,7,-1373.74,17.59,1
56,over_trader,37.2,2.09,0.97,0,8,-1942.03,20.24,1
56,over_trader,30.8,2.11,1.01,1,9,-2071.61,23.08,1
56,over_trader,34.9,1.83,0.87,0,10,-2081.47,25.92,1
56,over_trader,39.6,2.1,1.14,1,0,2465.8,22.55,1
56,over_trader,129.5,1.84,0.88,0,0,2901.89,18.58,1
56,over_trader,2.3,1.81,0.98,1,0,2318.42,15.41,1
56,over_trader,3.9,2.0,1.11,1,1,-1990.23,18.13,1
56,over_trader,3.2,1.85,0.93,1,2,-2190.06,21.13,1
56,over_trader,9.0,1.6,0.86,0,3,-1629.59,23.36,1
56,over_trader,41.6,1.25,0.78,1,4,-1551.4,25.48,1
56,over_trader,16.6,1.73,1.39,1,5,-1158.16,27.06,1
56,over_trader,14.4,1.94,1.12,1,6,-1954.41,29.74,1
56,over_trader,27.2,1.37,0.71,0,7,-2111.41,32.63,1
56,over_trader,0.1,1.52,1.11,0,8,-1590.28,34.8,1
56,over_trader,34.8,1.43,0.94,1,9,-1737.03,37.18,1
56,over_trader,106.9,1.33,0.93,0,0,1595.72,35.0,0
56,over_trader,17.5,1.51,1.13,1,1,-1552.67,37.12,1
56,over_trader,111.4,1.31,0.87,1,0,2227.55,34.07,0
56,over_trader,92.4,1.21,0.92,1,1,-1204.79,35.72,0
56,over_trader,113.3,2.02,1.68,0,0,1455.19,33.73,1
56,over_trader,12.4,1.48,0.73,1,1,-1907.96,36.34,1
56,over_trader,111.4,1.83,1.23,1,2,-1188.85,37.97,1
56,over_trader,184.3,1.22,0.67,1,0,2629.1,34.37,0
56,over_trader,217.3,1.9,1.56,1,0,1727.05,32.01,1
56,over_trader,30.2,1.92,1.01,1,0,2143.33,29.07,1
56,over_trader,2.2,1.78,0.93,1,0,2295.18,25.93,1
56,over_trader,2.2,1.91,1.07,1,1,-1924.09,28.57,1
56,over_trader,83.8,1.7,0.89,1,0,2544.02,25.09,0
56,over_trader,26.0,1.71,1.01,1,1,-1921.72,27.72,1
56,over_trader,582.1,1.34,0.78,0,2,-1883.39,30.29,0
56,over_trader,41.9,1.76,1.32,0,0,1364.08,28.43,1
56,over_trader,4.6,1.48,0.84,1,0,2248.1,25.35,1
56,over_trader,24.5,1.99,1.34,0,1,-1574.09,27.5,1
56,over_trader,94.5,1.32,0.66,0,2,-1768.66,29.92,0
56,over_trader,17.6,1.18,0.89,1,3,-1366.39,31.79,1
56,over_trader,4.7,1.41,1.2,1,4,-1390.02,33.7,1
56,over_trader,0.3,1.9,1.35,0,5,-1632.85,35.93,1
56,over_trader,384.9,1.44,0.76,0,0,2439.98,32.59,0
56,over_trader,156.8,1.63,1.13,1,1,-1315.64,34.39,0
56,over_trader,43.5,1.11,0.68,1,0,1833.8,31.88,1
56,over_trader,14.9,1.72,1.55,0,1,-970.18,33.21,1
56,over_trader,50.8,1.87,1.09,1,0,2280.51,30.09,1
56,over_trader,38.3,1.66,0.89,1,1,-1647.76,32.34,1
56,over_trader,272.4,1.35,0.81,0,2,-1549.96,34.46,0
56,over_trader,266.2,2.02,1.5,0,0,1849.31,31.93,1
56,over_trader,80.4,1.84,0.91,1,0,2627.69,28.34,1
56,over_trader,32.5,1.63,0.88,1,1,-2174.42,31.31,1
56,over_trader,18.8,1.58,0.97,1,2,-1436.76,33.28,1
56,over_trader,172.0,1.14,0.72,1,3,-1350.25,35.13,0
56,over_trader,12.8,1.27,1.11,1,0,1269.0,33.39,1
56,over_trader,22.2,1.19,0.94,0,0,1313.16,31.59,1
56,over_trader,76.1,1.62,1.36,0,1,-1058.59,33.04,0
56,over_trader,221.4,1.52,0.94,1,2,-1873.29,35.61,0
56,over_trader,24.7,2.02,1.33,1,3,-1307.24,37.39,1
56,over_trader,12.1,2.06,1.02,0,4,-2013.37,40.15,1
56,over_trader,2.3,2.01,0.98,0,5,-1689.01,42.46,1
56,over_trader,126.9,1.69,0.84,1,6,-2219.15,45.5,0
56,over_trader,42.0,1.69,1.0,0,7,-1549.59,47.62,1
56,over_trader,13.5,1.54,0.91,1,8,-1410.04,49.54,1
56,over_trader,42.3,1.42,0.92,1,0,1755.11,47.14,1
56,over_trader,18.2,1.57,1.11,1,0,1696.35,44.82,1
56,over_trader,69.3,1.82,1.15,1,1,-1319.41,46.63,1
56,over_trader,34.6,2.09,1.15,0,0,2098.01,43.76,1
57,over_trader,57.4,0.97,0.97,0,0,0.0,0.0,0
57,over_trader,0.5,0.9,0.92,1,0,1396.58,0.0,0
57,over_trader,602.8,0.92,1.02,1,0,1321.49,0.0,0
57,over_trader,720.6,1.13,1.23,1,1,-756.79,1.44,0
57,over_trader,244.5,1.04,0.92,1,0,1303.17,0.0,0
57,over_trader,724.9,0.91,0.88,0,1,-1057.17,1.98,0
57,over_trader,496.6,1.02,1.12,0,0,1046.61,0.02,0
57,over_trader,1321.3,1.15,1.13,1,0,1036.22,0.0,0
57,over_trader,517.5,1.1,0.96,0,0,1491.19,0.0,0
57,over_trader,49.7,1.17,1.07,0,1,-1239.54,2.22,0
57,over_trader,477.6,1.11,0.94,1,0,1192.87,0.08,0
57,over_trader,2526.0,1.04,0.94,1,0,1497.59,0.0,0
57,over_trader,746.7,1.07,1.02,1,0,1058.42,0.0,0
57,over_trader,658.7,0.96,0.9,0,0,1393.79,0.0,0
57,over_trader,957.2,1.08,1.13,0,1,-1074.29,1.8,0
57,over_trader,56.3,0.8,0.74,1,0,1349.45,0.0,0
57,over_trader,107.9,0.87,1.08,0,0,1194.33,0.0,0
57,over_trader,307.3,0.89,1.02,0,1,-948.32,1.55,0
57,over_trader,40.2,1.03,1.16,0,0,1083.98,0.0,0
57,over_trader,935.6,0.98,0.95,0,1,-1106.96,1.81,0
57,over_trader,38.9,1.19,1.21,1,0,1279.72,0.0,0
57,over_trader,930.1,1.09,0.91,0,0,1680.32,0.0,1
57,over_trader,1146.2,0.8,0.74,0,1,-967.99,1.53,0
57,over_trader,110.5,0.85,1.06,0,0,1111.2,0.0,0
57,over_trader,0.2,1.84,2.15,0,1,-697.79,1.1,0
57,over_trader,295.2,0.86,0.47,0,0,2031.25,0.0,0
57,over_trader,6.9,1.09,1.26,0,1,-825.74,1.28,0
57,over_trader,257.0,1.09,1.01,1,0,1236.73,0.0,0
57,over_trader,269.5,0.94,0.86,0,1,-1002.91,1.54,0
57,over_trader,200.9,0.81,0.86,0,2,-788.59,2.75,0
57,over_trader,216.4,0.93,1.15,0,3,-760.49,3.92,0
57,over_trader,205.2,1.02,1.1,0,0,961.07,2.45,0
57,over_trader,61.3,1.16,1.14,0,0,1219.08,0.57,0
57,over_trader,580.3,0.99,0.86,0,0,1506.69,0.0,0
57,over_trader,143.3,1.14,1.15,0,1,-1010.2,1.53,0
57,over_trader,4.9,0.8,0.7,0,2,-1338.78,3.55,1
57,over_trader,320.0,0.8,1.0,0,0,1113.75,1.87,0
57,over_trader,79.2,0.81,1.01,0,1,-898.03,3.22,0
57,over_trader,565.8,0.92,1.13,0,0,1140.74,1.5,0
57,over_trader,360.6,1.93,2.11,0,1,-809.57,2.72,0
57,over_trader,1899.5,1.17,0.61,0,0,2635.31,0.0,0
57,over_trader,1251.9,1.02,0.87,0,1,-1371.31,2.05,0
57,over_trader,41.3,0.89,0.88,0,0,1411.65,0.0,0
57,over_trader,548.6,1.01,1.13,1,0,975.07,0.0,0
57,over_trader,156.1,0.85,0.85,0,1,-1132.77,1.67,0
57,over_trader,119.0,1.03,1.21,0,2,-785.29,2.82,1
57,over_trader,84.9,0.9,0.87,1,3,-1233.14,4.63,0
57,over_trader,356.9,1.09,1.21,0,0,1227.48,2.83,0
57,over_trader,869.9,0.94,0.86,0,1,-1161.09,4.54,0
57,over_trader,718.1,0.87,0.93,0,2,-782.11,5.69,0
57,over_trader,408.0,1.05,1.2,0,3,-709.22,6.73,0
57,over_trader,56.1,0.99,0.94,0,0,1170.65,5.01,0
57,over_trader,1004.0,1.07,1.08,0,1,-937.17,6.38,0
57,over_trader,135.3,1.0,0.94,1,0,1198.09,4.62,0
57,over_trader,144.5,1.08,1.07,0,0,1088.8,3.02,0
57,over_trader,75.8,0.9,0.84,1,0,1587.97,0.69,0
57,over_trader,286.4,1.12,1.24,0,1,-899.05,2.01,0
57,over_trader,325.4,1.74,1.55,1,2,-1134.77,3.68,0
57,over_trader,426.2,0.9,0.52,0,3,-1641.8,6.09,0
57,over_trader,31.0,1.07,1.19,0,0,1093.79,4.48,0
57,over_trader,204.2,1.94,1.81,1,1,-1216.02,6.27,0
57,over_trader,30.8,2.14,1.1,1,2,-2094.86,9.35,1
57,over_trader,283.3,1.88,0.88,0,0,3017.7,4.91,0
57,over_trader,152.6,1.67,0.89,1,1,-1952.63,7.79,0
57,over_trader,14.9,1.17,0.7,1,2,-1402.55,9.85,1
57,over_trader,85.4,1.79,1.53,1,0,1558.9,7.56,0
57,over_trader,44.5,1.88,1.05,1,0,2072.22,4.51,0
57,over_trader,57.8,1.63,0.87,1,0,1930.56,1.67,0
57,over_trader,167.4,1.19,0.73,1,1,-1832.93,4.37,0
57,over_trader,21.0,1.84,1.55,1,0,1731.66,1.82,0
57,over_trader,62.3,1.86,1.01,1,0,2183.16,0.0,0
57,over_trader,42.4,1.59,0.85,1,0,1946.67,0.0,0
57,over_trader,36.1,1.55,0.97,1,0,2187.22,0.0,0
57,over_trader,25.1,1.68,1.08,1,1,-1601.42,2.19,0
57,over_trader,31.6,2.09,1.25,1,0,2383.89,0.0,0
57,over_trader,3.9,1.53,0.73,1,1,-2350.02,3.18,0
57,over_trader,20.3,1.48,0.97,1,2,-1598.74,5.35,1
57,over_trader,19.1,1.57,1.06,1,3,-1511.13,7.39,1
57,over_trader,23.9,1.4,0.89,1,4,-1332.69,9.19,1
57,over_trader,60.8,1.91,1.37,1,5,-1416.13,11.11,1
57,over_trader,168.6,2.2,1.15,1,6,-1844.47,13.61,1
57,over_trader,33.5,1.36,0.62,0,7,-2584.46,17.11,1
57,over_trader,1.7,1.49,1.09,1,8,-1547.39,19.2,1
57,over_trader,50.3,1.23,0.83,1,9,-1656.07,21.44,0
57,over_trader,49.1,1.92,1.56,1,0,1845.51,18.94,1
57,over_trader,78.8,1.64,0.85,1,1,-1952.65,21.59,0
57,over_trader,220.2,1.35,0.82,1,2,-1575.6,23.72,0
57,over_trader,68.1,1.6,1.19,1,0,1495.31,21.7,0
57,over_trader,32.2,1.71,1.07,1,0,1950.84,19.06,1
57,over_trader,4.3,1.24,0.72,1,1,-1533.57,21.13,1
57,over_trader,250.3,1.47,1.19,0,0,1532.2,19.06,0
57,over_trader,103.6,1.34,0.91,0,0,1976.41,16.38,0
57,over_trader,5.7,1.26,0.94,1,0,1705.71,14.07,1
57,over_trader,2.4,1.41,1.11,0,1,-1411.2,15.98,1
57,over_trader,18.8,1.19,0.85,1,2,-1188.11,17.59,1
57,over_trader,4.1,1.74,1.46,1,3,-1003.05,18.95,0
57,over_trader,381.2,1.99,1.14,1,4,-1691.25,21.24,1
57,over_trader,75.0,1.98,1.0,0,0,2859.91,17.37,1
57,over_trader,15.2,2.05,1.04,1,0,2511.06,13.97,1
57,over_trader,71.8,2.19,1.06,1,1,-1968.27,16.63,1
57,over_trader,6.3,1.21,0.55,1,0,2945.68,12.65,1
57,over_trader,0.9,1.53,1.26,0,1,-1358.16,14.48,1
57,over_trader,29.2,2.03,1.33,0,2,-1436.7,16.43,1
57,over_trader,38.2,1.33,0.66,1,0,2920.61,12.48,1
57,over_trader,22.8,1.88,1.41,0,1,-1340.52,14.29,1
57,over_trader,90.7,1.41,0.75,0,2,-2056.96,17.07,0
57,over_trader,33.9,1.46,1.04,0,0,1517.21,15.02,1
57,over_trader,83.9,2.03,1.39,0,1,-1290.39,16.77,1
57,over_trader,55.3,1.95,0.96,0,0,3037.16,12.66,1
57,over_trader,43.2,1.21,0.62,1,1,-1591.96,14.81,1
57,over_trader,102.0,2.04,1.7,0,2,-1438.61,16.76,1
57,over_trader,21.9,1.77,0.87,1,0,2999.72,12.7,1
57,over_trader,132.3,1.21,0.68,1,0,2590.51,9.19,0
57,over_trader,20.8,1.49,1.24,1,1,-1182.94,10.79,1
57,over_trader,9.2,1.13,0.76,1,2,-1534.69,12.87,1
57,over_trader,10.1,1.3,1.14,0,3,-1258.62,14.57,1
57,over_trader,66.3,1.56,1.2,1,4,-1472.92,16.57,0
57,over_trader,52.1,1.29,0.83,1,0,2267.73,13.5,0
57,over_trader,3.2,1.11,0.86,1,1,-1211.24,15.14,1
57,over_trader,24.8,1.9,1.71,1,0,1523.55,13.08,1
57,over_trader,39.6,1.12,0.59,0,1,-1690.27,15.36,1
57,over_trader,257.4,1.9,1.71,1,0,1519.57,13.31,1
57,over_trader,38.3,1.53,0.81,0,0,2832.67,9.47,0
57,over_trader,22.1,2.18,1.42,0,0,1771.13,7.07,0
57,over_trader,79.0,1.74,0.8,0,1,-2181.13,10.03,0
57,over_trader,21.3,1.37,0.79,1,2,-1735.37,12.38,1
57,over_trader,40.8,2.13,1.55,1,3,-1463.0,14.36,1
57,over_trader,51.7,1.51,0.71,0,4,-2483.91,17.72,0
57,over_trader,129.7,2.14,1.42,1,0,2227.04,14.7,1
57,over_trader,2.5,1.98,0.93,1,0,2725.13,11.02,1
57,over_trader,50.8,1.19,0.6,1,1,-2038.45,13.77,0
57,over_trader,23.3,2.14,1.81,1,2,-1291.99,15.52,1
57,over_trader,7.9,1.6,0.75,1,0,2804.84,11.73,1
57,over_trader,986.7,1.33,0.83,1,1,-1834.3,14.21,0
57,over_trader,45.6,1.32,0.99,1,0,1966.21,11.55,0
57,over_trader,13.2,1.13,0.86,0,1,-1192.8,13.16,1
57,over_trader,20.2,1.93,1.71,1,0,1197.73,11.54,1
57,over_trader,71.3,1.28,0.66,1,1,-1549.82,13.64,0
57,over_trader,40.6,1.12,0.87,1,2,-1346.32,15.46,1
57,over_trader,143.5,1.95,1.75,1,3,-1136.31,17.0,1
57,over_trader,25.4,2.15,1.1,1,4,-2208.23,19.99,1
57,over_trader,1.8,1.94,0.9,1,0,2952.1,15.99,1
57,over_trader,64.8,1.35,0.7,0,0,2058.76,13.21,0
57,over_trader,4.0,1.14,0.84,1,0,1688.48,10.92,1
57,over_trader,23.4,1.68,1.48,0,1,-957.12,12.22,1
57,over_trader,4.9,1.47,0.87,1,2,-1400.23,14.11,1
57,over_trader,67.1,1.57,1.07,1,3,-1488.35,16.13,0
57,over_trader,85.1,1.77,1.13,0,0,2035.82,13.37,0
57,over_trader,78.9,1.52,0.86,1,1,-1659.32,15.62,0
57,over_trader,45.6,1.33,0.88,1,0,1584.3,13.47,0
58,over_trader,233.9,0.94,0.94,0,0,0.0,0.0,0
58,over_trader,381.7,1.92,2.05,1,1,-1084.11,2.17,0
58,over_trader,59.5,1.09,0.57,0,2,-2135.59,6.44,0
58,over_trader,561.0,0.94,0.86,0,0,1301.54,3.84,0
58,over_trader,423.6,0.8,0.85,0,0,1218.34,1.4,0
58,over_trader,1341.0,1.08,1.35,0,0,1174.15,0.0,0
58,over_trader,65.7,0.94,0.87,0,1,-985.3,1.95,0
58,over_trader,87.9,1.05,1.12,1,2,-987.05,3.91,0
58,over_trader,63.6,0.99,0.94,0,0,1401.65,1.13,0
58,over_trader,13.9,0.83,0.84,0,1,-1091.38,3.29,0
58,over_trader,257.9,0.94,1.12,0,0,1195.42,0.92,0
58,over_trader,33.7,0.97,1.04,0,1,-997.57,2.9,0
58,over_trader,34.4,1.12,1.15,1,0,1031.53,0.86,0
58,over_trader,325.2,0.84,0.75,0,0,1151.69,0.0,0
58,over_trader,389.2,0.87,1.04,0,0,1243.51,0.0,0
58,over_trader,1525.9,1.16,1.33,0,0,1229.12,0.0,0
58,over_trader,426.3,1.15,0.98,0,0,1537.18,0.0,0
58,over_trader,1180.8,1.05,0.91,0,0,1345.33,0.0,0
58,over_trader,134.0,1.0,0.96,1,1,-1245.01,2.2,0
58,over_trader,548.9,1.76,1.76,0,2,-1157.9,4.25,1
58,over_trader,43.6,0.81,0.46,0,3,-1966.63,7.73,1
58,over_trader,968.0,0.91,1.12,0,0,1218.66,5.57,0
58,over_trader,643.4,1.16,1.27,0,1,-941.43,7.24,0
58,over_trader,12.3,0.99,0.85,1,2,-1092.3,9.17,1
58,over_trader,178.6,0.87,0.88,0,3,-822.91,10.62,0
58,over_trader,518.5,1.17,1.34,0,4,-930.51,12.27,0
58,over_trader,654.4,0.97,0.83,0,5,-938.91,13.93,0
58,over_trader,650.4,1.18,1.21,0,0,1154.75,11.89,0
58,over_trader,127.7,0.81,0.68,1,0,1690.32,8.9,0
58,over_trader,44.5,1.16,1.43,1,1,-667.9,10.08,1
58,over_trader,423.1,1.97,1.71,0,2,-1045.39,11.93,1
58,over_trader,352.7,0.82,0.42,1,3,-1738.55,15.0,0
58,over_trader,209.2,0.97,1.18,1,4,-960.08,16.7,1
58,over_trader,338.0,0.96,0.99,0,5,-1097.71,18.64,0
58,over_trader,52.5,0.81,0.84,0,6,-801.13,20.06,0
58,over_trader,195.4,0.93,1.15,0,7,-836.77,21.54,0
58,over_trader,33.8,1.19,1.28,1,8,-998.63,23.3,1
58,over_trader,119.0,0.82,0.69,0,0,1709.25,20.28,0
58,over_trader,158.8,1.14,1.38,0,0,1110.81,18.32,0
58,over_trader,392.8,0.96,0.84,1,1,-985.77,20.06,0
58,over_trader,215.2,0.82,0.85,0,0,1009.68,18.27,0
58,over_trader,283.0,0.99,1.21,0,1,-970.49,19.99,0
58,over_trader,266.3,1.16,1.18,0,2,-1060.85,21.87,0
58,over_trader,5.3,1.0,0.86,0,3,-1150.12,23.9,1
58,over_trader,134.5,1.02,1.02,0,4,-1114.05,25.87,0
58,over_trader,193.0,1.14,1.12,0,5,-1200.02,27.99,0
58,over_trader,309.3,1.03,0.9,1,0,1298.58,25.7,0
58,over_trader,915.7,0.82,0.8,0,0,1321.87,23.36,0
58,over_trader,785.0,0.9,1.1,1,0,1067.06,21.47,0
58,over_trader,763.5,1.1,1.22,0,1,-749.11,22.8,0
58,over_trader,18.1,0.89,0.82,0,2,-911.65,24.41,1
58,over_trader,251.8,1.19,1.33,1,3,-1065.4,26.29,0
58,over_trader,372.0,0.99,0.84,1,4,-1313.17,28.62,0
58,over_trader,844.6,0.87,0.88,0,0,1383.49,26.17,0
58,over_trader,1507.4,0.88,1.0,1,1,-807.31,27.6,0
58,over_trader,125.0,1.08,1.23,0,2,-873.5,29.14,0
58,over_trader,6.8,0.91,0.84,0,3,-888.2,30.71,1
58,over_trader,225.6,0.96,1.06,0,0,1197.4,28.59,0
58,over_trader,21.2,1.03,1.07,0,0,1252.61,26.38,1
58,over_trader,45.3,1.02,1.0,0,1,-1029.73,28.2,0
58,over_trader,339.6,0.92,0.9,0,0,1096.29,26.26,0
58,over_trader,174.8,1.23,1.34,0,1,-807.14,27.69,0
58,over_trader,32.3,2.1,1.7,0,2,-1440.36,30.24,1
58,over_trader,4.8,1.24,0.59,1,3,-1881.83,33.56,1
58,over_trader,27.0,1.2,0.97,1,4,-994.29,35.32,1
58,over_trader,38.3,1.5,1.24,1,0,1793.91,32.15,1
58,over_trader,23.6,2.12,1.42,0,1,-1576.04,34.94,1
58,over_trader,0.1,2.04,0.96,1,2,-2055.66,38.57,1
58,over_trader,15.6,2.03,0.99,1,3,-2139.43,42.36,1
58,over_trader,545.3,2.08,1.03,1,4,-2169.36,46.19,1
58,over_trader,46.6,2.14,1.03,0,5,-1728.42,49.25,1
58,over_trader,18.0,2.05,0.96,0,6,-1734.8,52.32,1
58,over_trader,14.0,1.35,0.66,0,0,2416.12,48.04,1
58,over_trader,20.9,1.97,1.46,0,1,-1090.01,49.97,1
58,over_trader,12.3,2.18,1.11,0,0,2086.85,46.28,1
58,over_trader,27.9,2.08,0.95,1,1,-2480.58,50.67,1
58,over_trader,233.2,2.19,1.05,0,2,-1725.16,53.72,1
58,over_trader,25.1,1.34,0.61,1,3,-2383.17,57.93,1
58,over_trader,49.1,2.19,1.63,1,4,-1525.56,60.63,1
58,over_trader,38.9,2.15,0.98,1,5,-2572.89,65.18,1
58,over_trader,13.2,1.58,0.74,1,0,2737.02,60.34,1
58,over_trader,2.7,1.41,0.89,1,1,-1382.08,62.78,1
58,over_trader,49.6,2.0,1.41,1,2,-1480.04,65.4,1
58,over_trader,26.6,1.92,0.96,1,3,-2232.12,69.35,1
58,over_trader,34.9,1.92,1.0,1,4,-2276.88,73.37,1
58,over_trader,0.2,1.12,0.59,1,5,-1991.49,76.9,1
58,over_trader,35.1,1.87,1.67,0,6,-959.17,78.59,1
58,over_trader,191.7,2.1,1.12,0,7,-2073.85,82.26,1
58,over_trader,116.9,1.32,0.63,1,8,-1861.92,85.55,0
58,over_trader,66.3,2.03,1.54,1,9,-1446.53,88.11,1
58,over_trader,5.2,1.81,0.89,0,10,-2382.9,92.32,1
58,over_trader,36.6,1.96,1.08,0,0,2058.05,88.69,1
58,over_trader,13.3,1.11,0.57,1,1,-2276.28,92.71,1
58,over_trader,325.6,1.16,1.04,0,0,1349.72,90.32,0
58,over_trader,36.4,1.61,1.39,1,0,1208.77,88.19,1
58,over_trader,137.1,1.77,1.1,0,1,-1449.53,90.75,0
58,over_trader,16.1,2.14,1.21,1,2,-2084.32,94.44,1
58,over_trader,1.6,1.68,0.79,1,3,-1763.46,97.55,1
58,over_trader,61.6,1.51,0.9,1,4,-1714.81,100.0,0
58,over_trader,51.2,1.78,1.18,0,5,-1525.37,100.0,0
58,over_trader,66.1,1.38,0.77,1,6,-2026.53,100.0,0
58,over_trader,35.3,1.13,0.82,0,0,1836.94,96.75,1
58,over_trader,38.3,1.77,1.57,0,0,1484.59,94.13,1
58,over_trader,17.0,1.19,0.67,0,1,-1546.28,96.86,1
58,over_trader,81.4,1.46,1.23,1,2,-1094.29,98.8,0
58,over_trader,9.5,1.29,0.88,0,0,2132.81,95.02,1
58,over_trader,79.5,1.55,1.2,1,1,-1355.91,97.42,0
58,over_trader,12.5,1.66,1.07,0,0,1897.48,94.07,1
58,over_trader,96.7,1.41,0.85,1,1,-1331.66,96.42,0
58,over_trader,8.4,1.31,0.93,1,2,-1567.26,99.19,1
58,over_trader,193.8,2.05,1.56,0,3,-1432.48,100.0,1
58,over_trader,20.3,2.05,1.0,1,4,-1983.82,100.0,1
58,over_trader,221.8,1.92,0.94,1,5,-1975.37,100.0,1
58,over_trader,13.4,1.98,1.03,1,6,-1581.24,100.0,1
58,over_trader,17.0,1.75,0.89,1,0,2497.74,95.58,1
58,over_trader,5.8,1.84,1.05,1,0,1755.92,92.48,1
58,over_trader,48.4,1.74,0.94,0,0,1998.96,88.94,0
58,over_trader,24.3,1.34,0.77,0,0,2093.06,85.24,1
58,over_trader,150.3,1.87,1.39,0,1,-1377.59,87.68,1
58,over_trader,64.5,1.54,0.82,1,2,-1919.26,91.07,0
58,over_trader,104.1,1.78,1.16,1,0,2111.58,87.34,0
58,over_trader,24.7,1.43,0.81,1,0,1809.14,84.14,1
58,over_trader,153.8,1.27,0.89,0,1,-1683.69,87.12,0
58,over_trader,116.6,1.51,1.19,1,2,-1093.73,89.05,1
58,over_trader,46.1,1.28,0.84,0,3,-1378.67,91.49,0
58,over_trader,4.1,1.64,1.29,0,0,1538.04,88.77,1
58,over_trader,94.0,1.41,0.86,1,1,-1649.49,91.69,0
58,over_trader,74.4,1.61,1.14,1,2,-1536.28,94.4,0
58,over_trader,172.4,1.5,0.93,1,0,2153.28,90.59,0
58,over_trader,72.3,1.52,1.01,1,0,2143.25,86.8,0
58,over_trader,41.8,1.9,1.25,0,1,-1336.44,89.17,1
58,over_trader,17.8,1.2,0.63,1,2,-1602.42,92.0,1
58,over_trader,4.8,2.19,1.83,1,3,-1195.63,94.12,1
58,over_trader,4.3,1.12,0.51,0,4,-1790.67,97.28,1
58,over_trader,66.3,1.99,1.77,1,0,1641.7,94.38,1
58,over_trader,391.2,1.37,0.69,0,1,-1952.53,97.83,0
58,over_trader,78.8,2.03,1.48,0,0,1611.47,94.98,1
58,over_trader,3.5,1.49,0.73,1,1,-1923.72,98.38,1
58,over_trader,62.7,1.68,1.13,0,2,-1483.57,100.0,0
58,over_trader,21.1,1.27,0.76,1,3,-1991.5,100.0,1
58,over_trader,41.4,2.17,1.71,1,4,-1173.02,100.0,1
58,over_trader,34.2,1.18,0.54,0,5,-2207.48,100.0,1
58,over_trader,346.7,1.69,1.43,1,6,-947.22,100.0,0
58,over_trader,16.5,2.06,1.22,1,7,-1531.29,100.0,1
58,over_trader,123.7,1.95,0.95,0,8,-1819.4,100.0,1
58,over_trader,143.3,2.12,1.09,1,0,2444.54,95.68,1
58,over_trader,45.7,1.36,0.64,1,1,-2352.38,99.84,0
58,over_trader,160.1,1.24,0.91,1,2,-1561.66,100.0,0
58,over_trader,53.4,1.64,1.32,1,0,1267.08,97.76,0
58,over_trader,117.5,1.76,1.07,1,0,2438.03,93.45,0
59,over_trader,216.9,1.14,1.14,0,0,0.0,0.0,0
59,over_trader,467.3,1.0,0.88,0,0,1161.64,0.0,0
59,over_trader,59.4,1.08,1.07,0,0,1210.48,0.0,0
59,over_trader,75.4,1.07,1.0,0,0,1492.19,0.0,0
59,over_trader,158.6,0.95,0.89,0,1,-1135.54,2.11,0
59,over_trader,109.5,0.85,0.89,0,2,-1108.09,4.17,0
59,over_trader,286.0,1.14,1.35,1,3,-926.37,5.89,0
59,over_trader,118.5,0.98,0.86,0,0,1625.44,2.87,0
59,over_trader,264.1,1.08,1.1,0,1,-826.27,4.4,0
59,over_trader,628.5,0.91,0.84,1,2,-967.95,6.2,0
59,over_trader,17.7,1.06,1.17,0,0,1037.49,4.27,0
59,over_trader,371.6,0.94,0.88,1,0,1564.08,1.37,0
59,over_trader,734.1,1.59,1.7,0,0,1333.58,0.0,0
59,over_trader,13.1,0.91,0.57,0,0,2269.21,0.0,0
59,over_trader,1201.7,0.85,0.93,0,0,1280.77,0.0,1
59,over_trader,13.1,1.19,1.4,0,0,1229.92,0.0,0
59,over_trader,365.2,0.98,0.83,1,1,-1232.39,2.08,0
59,over_trader,352.6,0.93,0.94,0,2,-1071.15,3.89,0
59,over_trader,1067.0,1.01,1.09,0,3,-974.63,5.53,0
59,over_trader,64.6,1.14,1.13,0,4,-1064.81,7.33,0
59,over_trader,850.0,0.83,0.73,0,5,-959.09,8.95,0
59,over_trader,251.0,1.15,1.39,0,6,-832.04,10.35,0
59,over_trader,810.8,1.04,0.9,0,7,-1113.65,12.23,0
59,over_trader,538.1,1.08,1.04,1,8,-1134.2,14.15,0
59,over_trader,553.6,1.08,1.0,0,9,-1005.8,15.85,0
59,over_trader,918.6,1.18,1.09,0,10,-1057.68,17.63,0
59,over_trader,177.7,0.82,0.7,0,11,-1220.66,19.69,0
59,over_trader,727.1,0.9,1.09,1,12,-710.31,20.89,1
59,over_trader,42.6,0.88,0.98,0,0,1276.11,18.74,1
59,over_trader,252.2,1.82,2.06,1,0,1050.94,16.96,1
59,over_trader,22.4,1.16,0.64,0,0,2432.47,12.86,1
59,over_trader,91.5,0.81,0.7,1,0,1207.89,10.82,0
59,over_trader,239.3,0.84,1.05,1,1,-800.32,12.17,0
59,over_trader,140.3,1.8,2.13,0,0,1069.7,10.36,1
59,over_trader,97.0,0.88,0.49,0,0,2657.82,5.88,0
59,over_trader,839.7,0.82,0.93,1,1,-707.05,7.07,0
59,over_trader,1493.0,1.03,1.27,0,0,1133.16,5.16,0
59,over_trader,433.5,1.05,1.02,0,1,-1049.12,6.93,0
59,over_trader,29.6,1.01,0.96,1,2,-1190.3,8.94,1
59,over_trader,766.2,0.98,0.98,0,3,-806.73,10.3,1
59,over_trader,30.1,1.15,1.17,0,0,1018.17,8.58,0
59,over_trader,446.2,1.19,1.03,0,0,1647.08,5.8,0
59,over_trader,379.8,0.83,0.7,0,0,1464.5,3.33,0
59,over_trader,73.0,0.98,1.19,0,0,1052.86,1.55,0
59,over_trader,110.8,0.91,0.93,0,1,-1026.34,3.28,0
59,over_trader,208.8,0.83,0.91,0,2,-866.59,4.75,0
59,over_trader,36.2,1.2,1.44,0,3,-665.47,5.87,1
59,over_trader,56.9,0.85,0.71,0,4,-1091.51,7.71,0
59,over_trader,143.6,1.14,1.35,0,0,1066.79,5.91,0
59,over_trader,766.6,1.08,0.95,0,0,1182.13,3.92,0
59,over_trader,347.0,1.57,1.45,0,1,-991.93,5.59,0
59,over_trader,850.5,0.95,0.61,0,0,1973.79,2.26,0
59,over_trader,501.4,1.01,1.06,0,1,-838.74,3.68,0
59,over_trader,596.4,0.93,0.92,0,0,1096.85,1.82,0
59,over_trader,59.7,0.88,0.95,0,0,1201.56,0.0,0
59,over_trader,69.2,1.55,1.76,0,0,1016.47,0.0,0
59,over_trader,73.5,1.77,1.14,0,1,-1336.96,2.21,0
59,over_trader,121.3,1.18,0.67,0,0,2521.93,0.0,0
59,over_trader,70.3,0.99,0.83,1,1,-1268.11,2.06,0
59,over_trader,99.1,0.81,0.82,0,0,1133.76,0.22,0
59,over_trader,748.0,1.87,2.32,0,1,-711.29,1.37,0
59,over_trader,10.2,1.98,1.06,0,0,2273.37,0.0,0
59,over_trader,54.0,2.13,1.08,1,0,2966.38,0.0,0
59,over_trader,85.5,1.36,0.64,1,0,3178.14,0.0,0
59,over_trader,2.3,1.31,0.97,1,1,-1243.42,1.8,0
59,over_trader,45.4,1.11,0.85,0,0,1573.88,0.0,0
59,over_trader,2.4,1.82,1.65,0,0,1611.25,0.0,0
59,over_trader,99.3,1.18,0.65,1,1,-2011.85,2.83,0
59,over_trader,17.8,1.82,1.54,1,0,1342.98,0.94,0
59,over_trader,11.2,1.29,0.71,0,1,-1844.89,3.54,0
59,over_trader,17.5,2.17,1.69,1,2,-1217.67,5.25,1
59,over_trader,14.0,1.99,0.92,1,3,-2207.59,8.36,1
59,over_trader,77.2,1.31,0.66,1,4,-1640.07,10.66,0
59,over_trader,18.7,1.71,1.31,0,5,-1418.81,12.66,1
59,over_trader,19.8,1.97,1.15,0,6,-1624.8,14.95,1
59,over_trader,32.9,2.02,1.03,1,0,2485.44,11.45,1
59,over_trader,0.8,1.85,0.91,1,1,-1712.19,13.86,1
59,over_trader,409.7,1.15,0.62,1,2,-1993.44,16.66,0
59,over_trader,2.0,1.3,1.13,1,0,1328.29,14.79,1
59,over_trader,97.3,1.23,0.94,1,1,-1227.7,16.52,0
59,over_trader,11.5,1.67,1.36,1,2,-1251.13,18.28,1
59,over_trader,29.8,1.86,1.11,1,3,-1497.06,20.39,1
59,over_trader,625.8,1.89,1.02,1,4,-2161.81,23.43,1
59,over_trader,0.6,1.48,0.78,0,5,-2053.2,26.32,1
59,over_trader,7.1,2.1,1.42,0,6,-1498.05,28.42,1
59,over_trader,28.6,1.16,0.55,1,7,-2176.73,31.49,1
59,over_trader,81.9,1.13,0.97,1,8,-966.21,32.85,0
59,over_trader,99.3,1.17,1.03,1,9,-1272.04,34.64,0
59,over_trader,114.6,1.31,1.12,0,10,-1056.44,36.12,0
59,over_trader,17.0,2.14,1.63,1,0,1486.6,34.03,1
59,over_trader,94.1,1.36,0.64,1,1,-2088.1,36.97,0
59,over_trader,89.6,2.17,1.6,1,2,-1447.82,39.01,1
59,over_trader,529.6,1.38,0.64,1,0,3225.01,34.47,0
59,over_trader,12.4,1.77,1.28,1,1,-1377.73,36.41,1
59,over_trader,87.4,1.25,0.71,0,2,-1911.38,39.1,0
59,over_trader,45.5,1.54,1.23,1,0,1621.63,36.81,0
59,over_trader,8.0,1.81,1.17,1,0,2139.01,33.81,1
59,over_trader,86.2,1.94,1.08,1,1,-2056.97,36.7,1
59,over_trader,11.8,1.94,1.0,0,2,-2090.9,39.64,1
59,over_trader,36.9,2.0,1.03,1,0,2160.41,36.6,1
59,over_trader,6.6,1.64,0.82,0,1,-2003.37,39.42,1
59,over_trader,6.2,1.2,0.73,0,0,1878.31,36.78,1
59,over_trader,17.3,2.18,1.82,0,0,1655.44,34.45,1
59,over_trader,14.7,1.48,0.68,1,0,2427.07,31.03,1
59,over_trader,122.3,1.34,0.9,0,1,-1776.16,33.53,0
59,over_trader,303.9,1.3,0.98,1,0,1453.73,31.49,0
59,over_trader,101.5,1.4,1.08,0,1,-1242.62,33.24,0
59,over_trader,44.3,1.44,1.03,1,0,2020.46,30.39,1
59,over_trader,203.7,1.85,1.29,0,1,-1456.58,32.44,1
59,over_trader,19.9,1.76,0.95,0,0,2352.47,29.13,1
59,over_trader,26.0,1.46,0.83,0,1,-2030.61,31.99,1
59,over_trader,3.4,1.45,0.99,0,0,2056.71,29.1,1
59,over_trader,59.6,2.18,1.51,1,0,1787.76,26.58,1
59,over_trader,155.1,1.89,0.87,1,0,2185.95,23.5,1
59,over_trader,12.2,1.78,0.94,1,1,-1734.26,25.94,1
59,over_trader,4.8,1.3,0.73,1,2,-1515.78,28.08,1
59,over_trader,41.2,2.05,1.58,0,3,-1242.36,29.83,1
59,over_trader,11.5,1.81,0.88,1,4,-2381.0,33.18,1
59,over_trader,48.8,2.18,1.21,1,5,-1965.43,35.94,1
59,over_trader,48.7,2.01,0.92,0,6,-1825.26,38.51,1
59,over_trader,10.5,1.28,0.64,0,7,-1918.67,41.21,1
59,over_trader,289.3,1.56,1.22,1,8,-1513.02,43.34,0
59,over_trader,94.6,1.82,1.16,1,0,2252.21,40.17,1
59,over_trader,73.9,2.05,1.13,0,1,-1460.69,42.22,1
59,over_trader,7.4,1.38,0.68,0,2,-1992.63,45.03,1
59,over_trader,219.4,1.28,0.92,0,3,-1570.26,47.24,0
59,over_trader,37.6,1.14,0.89,0,0,1539.5,45.07,1
59,over_trader,13.3,1.92,1.68,0,1,-1242.94,46.82,1
59,over_trader,87.1,2.16,1.12,1,0,1970.09,44.05,1
59,over_trader,124.3,2.06,0.95,0,1,-2081.55,46.98,1
59,over_trader,341.7,2.14,1.04,0,2,-1699.87,49.37,1
59,over_trader,27.6,2.19,1.02,0,3,-2130.64,52.36,1
59,over_trader,53.8,1.84,0.84,0,4,-1835.03,54.95,1
59,over_trader,87.0,2.17,1.18,1,5,-1592.99,57.19,1
59,over_trader,24.1,1.37,0.63,1,0,2841.42,53.19,1
59,over_trader,13.1,1.45,1.06,0,1,-1377.44,55.13,1
59,over_trader,74.8,1.41,0.97,0,2,-1625.3,57.41,0
59,over_trader,3.7,1.72,1.22,0,0,1729.43,54.98,1
59,over_trader,67.7,1.43,0.83,1,1,-1560.85,57.18,0
59,over_trader,163.5,1.65,1.15,1,2,-1386.3,59.13,0
59,over_trader,148.8,2.17,1.32,1,0,2015.4,56.29,1
59,over_trader,9.9,1.43,0.66,1,1,-2412.67,59.69,1
59,over_trader,224.0,1.71,1.2,0,2,-1274.17,61.48,0
59,over_trader,13.9,2.0,1.17,1,0,2429.83,58.06,1
59,over_trader,0.3,1.17,0.59,1,0,2890.95,53.99,1
59,over_trader,52.5,1.69,1.44,1,0,1465.11,51.93,0
59,over_trader,43.9,1.92,1.14,1,0,1730.66,49.5,1
59,over_trader,11.0,1.27,0.66,1,1,-1994.66,52.3,1
59,over_trader,337.2,1.93,1.51,1,0,1282.8,50.5,1
59,over_trader,45.7,1.93,1.0,0,0,2725.69,46.66,1
60,over_trader,321.4,0.94,0.94,0,0,0.0,0.0,0
60,over_trader,60.1,1.0,1.07,0,1,-1032.08,2.06,0
60,over_trader,57.8,0.93,0.92,0,2,-940.87,3.95,0
60,over_trader,166.1,1.14,1.24,0,0,1283.36,1.38,0
60,over_trader,16.6,0.88,0.77,1,0,1300.49,0.0,0
60,over_trader,795.7,1.65,1.86,0,1,-1012.05,2.0,1
60,over_trader,12.3,1.17,0.71,0,2,-1452.12,4.87,1
60,over_trader,619.6,1.03,0.88,0,0,1630.47,1.65,0
60,over_trader,540.9,0.99,0.96,0,0,1417.55,0.0,0
60,over_trader,337.7,1.06,1.08,0,0,1078.14,0.0,0
60,over_trader,210.3,0.82,0.77,1,0,1070.66,0.0,0
60,over_trader,251.8,1.07,1.31,1,1,-785.03,1.47,0
60,over_trader,108.2,0.88,0.82,1,2,-1028.81,3.4,0
60,over_trader,11.9,1.11,1.26,0,0,1144.19,1.26,0
60,over_trader,3.5,1.13,1.02,0,1,-1238.4,3.58,0
60,over_trader,8.7,0.92,0.82,0,2,-1144.07,5.72,1
60,over_trader,139.4,0.98,1.06,0,3,-1050.51,7.69,0
60,over_trader,56.7,1.16,1.18,0,0,1234.0,5.38,0
60,over_trader,243.7,0.83,0.72,0,0,1469.31,2.62,0
60,over_trader,1480.0,0.82,0.98,0,1,-981.87,4.46,0
60,over_trader,86.6,0.93,1.14,1,0,1066.69,2.46,0
60,over_trader,294.8,1.2,1.29,0,1,-1104.53,4.53,0
60,over_trader,70.2,1.13,0.95,1,2,-1045.28,6.49,0
60,over_trader,36.2,1.14,1.0,0,0,1663.27,3.38,0
60,over_trader,450.8,1.16,1.02,1,1,-1203.59,5.63,0
60,over_trader,56.6,0.97,0.83,0,2,-942.64,7.4,0
60,over_trader,1135.1,1.0,1.04,0,0,1447.07,4.69,0
60,over_trader,1226.7,1.06,1.06,1,1,-873.86,6.33,0
60,over_trader,972.6,1.94,1.82,0,0,1395.18,3.71,0
60,over_trader,186.6,1.14,0.59,0,1,-1841.0,7.16,0
60,over_trader,300.5,0.8,0.7,0,2,-913.49,8.87,0
60,over_trader,777.5,1.18,1.47,0,3,-953.43,10.66,0
60,over_trader,397.7,1.56,1.33,0,4,-1355.72,13.2,0
60,over_trader,877.7,0.8,0.51,0,5,-1615.19,16.23,0
60,over_trader,26.3,1.14,1.42,0,6,-723.74,17.59,1
60,over_trader,799.6,1.0,0.88,1,7,-1309.69,20.04,0
60,over_trader,243.0,1.12,1.12,0,8,-897.54,21.72,0
60,over_trader,712.1,0.93,0.83,0,9,-936.4,23.48,1
60,over_trader,74.7,1.17,1.26,0,0,1323.5,21.0,0
60,over_trader,3528.7,1.14,0.98,0,0,1209.78,18.73,0
60,over_trader,826.8,1.11,0.97,0,0,1620.41,15.69,0
60,over_trader,1223.8,0.85,0.76,0,0,1454.95,12.97,0
60,over_trader,1204.2,1.78,2.11,1,0,1085.52,10.93,1
60,over_trader,592.9,0.87,0.49,1,1,-2046.37,14.77,0
60,over_trader,977.7,0.88,1.01,0,2,-1007.65,16.66,0
60,over_trader,476.0,0.8,0.91,0,3,-986.72,18.51,0
60,over_trader,55.6,1.11,1.39,0,4,-867.69,20.13,0
60,over_trader,365.6,0.99,0.89,0,0,1549.05,17.23,0
60,over_trader,656.7,1.84,1.86,0,0,1412.71,14.58,1
60,over_trader,146.6,1.19,0.64,1,1,-1626.91,17.63,0
60,over_trader,805.5,1.1,0.92,0,0,1225.8,15.33,0
60,over_trader,61.7,1.18,1.08,0,1,-1312.93,17.79,0
60,over_trader,329.4,0.93,0.78,1,0,1677.28,14.65,0
60,over_trader,948.1,0.87,0.94,1,1,-924.5,16.38,0
60,over_trader,440.9,0.81,0.93,0,2,-949.99,18.16,0
60,over_trader,541.0,1.0,1.23,0,3,-873.87,19.8,0
60,over_trader,146.2,1.17,1.17,0,4,-821.81,21.34,0
60,over_trader,351.4,1.08,0.92,1,5,-958.7,23.14,0
60,over_trader,1004.3,0.9,0.83,0,0,1303.48,20.7,0
60,over_trader,126.7,1.04,1.15,0,1,-922.81,22.43,0
60,over_trader,321.7,0.83,0.8,0,0,1044.3,20.47,0
60,over_trader,83.5,1.91,2.3,0,1,-928.36,22.21,1
60,over_trader,4.4,1.93,1.01,1,2,-1651.82,25.3,1
60,over_trader,245.1,1.95,1.01,0,3,-1816.76,28.71,1
60,over_trader,68.1,1.58,0.81,0,0,2060.57,24.85,0
60,over_trader,80.8,1.27,0.81,0,1,-1268.94,27.23,0
60,over_trader,16.5,1.68,1.32,0,2,-1509.17,30.06,1
60,over_trader,396.8,1.88,1.12,0,3,-1483.85,32.84,1
60,over_trader,81.0,1.41,0.75,1,4,-1518.06,35.68,0
60,over_trader,65.5,1.84,1.31,1,5,-1652.47,38.78,1
60,over_trader,38.6,1.1,0.6,1,6,-1691.17,41.95,1
60,over_trader,50.3,1.88,1.71,0,7,-1295.23,44.38,1
60,over_trader,187.2,2.05,1.09,1,8,-2147.05,48.4,1
60,over_trader,140.3,1.19,0.58,1,9,-2164.98,52.46,0
60,over_trader,30.1,1.85,1.56,1,0,1590.78,49.48,1
60,over_trader,160.1,1.82,0.98,0,1,-2016.77,53.26,1
60,over_trader,56.6,1.12,0.62,0,0,1905.58,49.69,0
60,over_trader,44.1,1.17,1.04,1,1,-1159.39,51.86,1
60,over_trader,93.3,1.53,1.31,1,2,-1042.57,53.82,0
60,over_trader,320.8,1.86,1.22,1,3,-1485.77,56.6,1
60,over_trader,6.1,2.04,1.09,0,4,-1855.0,60.08,1
60,over_trader,2.7,2.0,0.98,0,5,-2156.04,64.12,1
60,over_trader,21.7,1.44,0.72,0,6,-1918.89,67.72,1
60,over_trader,35.4,1.32,0.92,1,7,-1641.37,70.8,1
60,over_trader,47.2,1.56,1.18,0,8,-1238.03,73.12,0
60,over_trader,63.3,2.12,1.36,1,9,-1489.56,75.91,1
60,over_trader,25.5,1.99,0.94,1,0,2789.32,70.68,1
60,over_trader,14.3,1.83,0.92,1,1,-2287.52,74.97,1
60,over_trader,21.0,2.05,1.12,1,2,-1826.63,78.39,1
60,over_trader,16.6,1.35,0.66,0,3,-2236.18,82.58,1
60,over_trader,28.7,1.71,1.27,0,4,-1337.49,85.09,1
60,over_trader,54.7,1.11,0.65,0,5,-1824.44,88.51,0
60,over_trader,38.4,1.38,1.24,1,0,1415.23,85.86,1
60,over_trader,36.1,1.86,1.35,0,1,-1156.27,88.03,1
60,over_trader,103.6,1.56,0.84,1,0,2000.69,84.28,0
60,over_trader,43.6,1.2,0.77,0,0,1953.02,80.61,1
60,over_trader,16.0,1.47,1.23,1,0,1636.6,77.55,1
60,over_trader,49.3,1.87,1.28,1,0,2031.96,73.74,1
60,over_trader,3.1,1.35,0.72,1,0,2127.21,69.75,1
60,over_trader,258.9,1.85,1.37,1,1,-1327.99,72.24,1
60,over_trader,56.0,1.6,0.87,1,0,2302.25,67.92,0
60,over_trader,12.2,1.3,0.81,1,1,-1508.95,70.75,1
60,over_trader,69.5,2.01,1.54,0,0,1332.05,68.26,1
60,over_trader,50.7,2.19,1.09,1,1,-1747.42,71.53,1
60,over_trader,7.5,1.78,0.81,1,0,2332.45,67.16,1
60,over_trader,10.3,1.72,0.97,1,1,-2055.02,71.01,1
60,over_trader,48.7,1.37,0.8,0,2,-1656.19,74.12,0
60,over_trader,2.0,2.12,1.55,0,3,-1541.99,77.01,1
60,over_trader,4.2,1.43,0.67,0,4,-2251.14,81.23,1
60,over_trader,18.1,1.53,1.07,1,0,1897.35,77.67,1
60,over_trader,0.6,2.09,1.36,1,1,-1389.41,80.27,1
60,over_trader,49.6,2.15,1.03,1,0,2372.5,75.83,1
60,over_trader,0.5,2.2,1.02,0,1,-2366.46,80.26,1
60,over_trader,25.1,1.65,0.75,0,2,-2401.52,84.76,1
60,over_trader,57.5,1.87,1.13,0,0,2226.38,80.59,1
60,over_trader,85.7,1.31,0.7,0,1,-1522.14,83.44,0
60,over_trader,14.5,1.81,1.39,0,2,-1065.2,85.44,1
60,over_trader,472.1,1.78,0.98,0,3,-1474.5,88.21,1
60,over_trader,26.5,1.21,0.68,1,4,-1928.82,91.82,1
60,over_trader,45.0,1.23,1.02,1,5,-1325.92,94.31,1
60,over_trader,34.8,2.04,1.65,0,6,-1421.56,96.97,1
60,over_trader,52.5,2.2,1.08,1,7,-1783.7,100.0,1
60,over_trader,16.7,2.03,0.93,1,8,-1825.62,100.0,1
60,over_trader,51.8,1.46,0.72,0,9,-2219.14,100.0,0
60,over_trader,34.1,1.14,0.78,0,0,1873.0,96.49,1
60,over_trader,27.7,2.08,1.82,0,0,1520.61,93.64,1
60,over_trader,80.0,1.18,0.57,1,1,-2398.47,98.13,0
60,over_trader,37.1,1.55,1.32,1,0,1689.39,94.97,1
60,over_trader,42.0,1.2,0.77,0,1,-1405.49,97.6,1
60,over_trader,42.3,2.09,1.75,1,0,1541.07,94.71,1
60,over_trader,225.3,1.99,0.95,1,1,-2393.95,99.2,1
60,over_trader,33.3,1.21,0.61,1,2,-1726.51,100.0,1
60,over_trader,12.9,1.16,0.95,0,3,-1204.25,100.0,1
60,over_trader,11.9,1.22,1.05,1,4,-939.87,100.0,1
60,over_trader,109.8,1.54,1.27,1,5,-1116.08,100.0,0
60,over_trader,2.4,1.82,1.18,0,0,2085.86,96.09,1
60,over_trader,43.5,2.05,1.13,0,1,-1903.73,99.66,1
60,over_trader,4.3,1.13,0.55,1,0,2439.59,95.09,1
60,over_trader,17.3,1.29,1.14,1,1,-929.79,96.83,1
60,over_trader,82.4,2.01,1.55,0,2,-1115.39,98.92,1
60,over_trader,10.5,1.47,0.73,1,0,2503.1,94.23,1
60,over_trader,19.2,1.72,1.17,1,1,-1451.52,96.95,1
60,over_trader,22.1,1.79,1.04,0,0,2211.03,92.8,1
60,over_trader,43.4,1.16,0.65,0,0,2280.08,88.53,1
60,over_trader,3.0,1.6,1.38,0,1,-1016.84,90.43,1
60,over_trader,21.8,1.84,1.15,1,0,1837.48,86.99,1
60,over_trader,12.6,2.17,1.18,1,1,-1695.8,90.17,1
60,over_trader,21.8,1.47,0.68,0,2,-2330.34,94.54,1
60,over_trader,70.8,1.18,0.8,0,3,-1301.01,96.98,0
60,over_trader,36.5,2.17,1.83,0,0,1603.64,93.97,1
61,over_trader,129.1,1.15,1.15,0,0,0.0,0.0,0
61,over_trader,0.8,0.97,0.84,0,0,1474.2,0.0,0
61,over_trader,96.6,1.06,1.09,0,1,-1061.01,2.06,0
61,over_trader,76.9,1.17,1.1,0,2,-1101.53,4.2,0
61,over_trader,2230.0,1.12,0.95,0,3,-1128.93,6.39,1
61,over_trader,975.9,0.96,0.86,0,0,1152.73,4.15,0
61,over_trader,412.2,1.11,1.17,0,1,-1054.53,6.2,0
61,over_trader,132.1,0.84,0.75,1,2,-1142.31,8.42,0
61,over_trader,117.9,0.83,1.0,0,3,-822.27,10.02,0
61,over_trader,284.5,0.81,0.96,0,0,960.93,8.15,0
61,over_trader,127.7,0.91,1.13,1,0,1167.47,5.89,0
61,over_trader,1544.4,1.04,1.15,1,0,1333.08,3.3,0
61,over_trader,612.6,1.19,1.14,0,1,-891.08,5.03,0
61,over_trader,357.2,1.73,1.45,0,0,1478.56,2.15,0
61,over_trader,607.1,1.04,0.6,0,0,2310.36,0.0,0
61,over_trader,290.5,0.87,0.84,0,0,1271.45,0.0,0
61,over_trader,96.4,0.93,1.07,0,1,-850.48,1.58,0
61,over_trader,347.2,0.97,1.03,0,0,1115.67,0.0,0
61,over_trader,180.8,1.04,1.08,0,0,1061.49,0.0,0
61,over_trader,207.6,0.95,0.91,0,1,-1175.64,2.13,1
61,over_trader,765.6,0.99,1.04,1,2,-869.03,3.7,0
61,over_trader,958.6,1.17,1.18,0,0,1259.09,1.42,0
61,over_trader,1289.1,1.1,0.94,0,0,1376.67,0.0,0
61,over_trader,584.5,0.81,0.73,0,0,1619.54,0.0,0
61,over_trader,39.3,1.03,1.27,0,1,-740.23,1.29,0
61,over_trader,102.8,1.07,1.04,0,0,1266.03,0.0,0
61,over_trader,11.5,0.98,0.92,0,1,-1069.91,1.84,0
61,over_trader,920.6,1.09,1.11,0,0,1298.69,0.0,0
61,over_trader,1164.0,1.09,1.0,0,0,1434.72,0.0,0
61,over_trader,330.2,0.81,0.74,0,1,-975.44,1.63,0
61,over_trader,1163.9,1.08,1.33,0,2,-960.9,3.24,0
61,over_trader,1060.4,0.87,0.81,0,3,-1230.87,5.31,0
61,over_trader,742.3,1.02,1.17,0,4,-953.25,6.9,0
61,over_trader,3421.4,0.98,0.96,1,5,-978.03,8.54,0
61,over_trader,926.9,0.91,0.93,0,0,1152.12,6.61,0
61,over_trader,190.0,0.87,0.95,0,1,-1016.61,8.32,0
61,over_trader,397.6,0.8,0.92,0,0,1256.82,6.21,0
61,over_trader,39.4,1.18,1.47,0,0,965.52,4.59,0
61,over_trader,65.1,0.94,0.79,0,1,-1230.67,6.66,0
61,over_trader,42.2,1.14,1.22,1,0,1280.28,4.51,0
61,over_trader,248.8,1.06,0.93,0,0,1302.99,2.33,0
61,over_trader,532.8,1.05,0.99,0,1,-1090.75,4.15,0
61,over_trader,174.6,0.85,0.81,0,0,1469.38,1.69,0
61,over_trader,63.0,0.99,1.17,0,0,1136.73,0.0,0
61,over_trader,1251.1,1.07,1.08,0,0,1300.82,0.0,0
61,over_trader,587.0,1.98,1.85,0,1,-1260.99,2.06,0
61,over_trader,887.7,1.04,0.53,0,2,-2341.09,5.9,0
61,over_trader,782.9,1.12,1.07,0,3,-1136.57,7.76,0
61,over_trader,636.4,1.18,1.06,0,4,-958.87,9.32,0
61,over_trader,834.8,0.88,0.74,1,5,-1009.47,10.98,0
61,over_trader,79.0,0.98,1.12,0,0,1112.98,9.16,0
61,over_trader,25.0,0.89,0.91,0,0,1388.74,6.88,0
61,over_trader,876.4,1.02,1.15,0,0,1324.56,4.71,0
61,over_trader,163.4,0.96,0.94,0,0,1117.73,2.89,0
61,over_trader,56.0,1.02,1.07,0,0,1072.74,1.13,0
61,over_trader,172.9,0.94,0.92,0,1,-1164.79,3.04,0
61,over_trader,238.7,0.95,1.01,0,2,-999.85,4.67,0
61,over_trader,187.2,0.85,0.89,0,3,-946.48,6.22,0
61,over_trader,973.2,0.88,1.04,0,4,-759.39,7.46,0
61,over_trader,585.0,0.82,0.93,0,0,1121.9,5.63,0
61,over_trader,19.8,1.12,1.36,0,1,-905.95,7.11,0
61,over_trader,1.6,2.0,1.79,0,2,-912.49,8.6,1
61,over_trader,334.9,1.63,0.81,0,0,2677.67,4.22,0
61,over_trader,45.9,1.21,0.75,0,0,2031.05,0.9,0
61,over_trader,207.8,1.45,1.19,0,1,-1054.09,2.62,0
61,over_trader,447.4,2.12,1.47,1,0,1952.29,0.0,0
61,over_trader,86.8,1.54,0.73,1,0,2934.07,0.0,0
61,over_trader,67.5,1.25,0.81,1,1,-1400.45,2.18,0
61,over_trader,31.2,2.2,1.76,1,0,1490.67,0.0,0
61,over_trader,101.8,1.31,0.6,0,1,-2433.52,3.77,0
61,over_trader,48.7,1.36,1.04,1,2,-1287.81,5.77,0
61,over_trader,227.9,1.48,1.09,0,3,-1204.58,7.64,0
61,over_trader,44.4,1.86,1.25,1,4,-1659.52,10.21,1
61,over_trader,65.4,1.14,0.61,1,0,2641.35,6.12,0
61,over_trader,38.7,1.31,1.16,1,0,1600.07,3.64,0
61,over_trader,16.0,2.01,1.53,1,0,1888.64,0.71,0
61,over_trader,0.1,1.58,0.79,1,1,-2065.26,3.91,0
61,over_trader,49.4,1.89,1.2,0,0,2050.11,0.73,0
61,over_trader,58.7,2.02,1.07,1,1,-1835.6,3.58,0
61,over_trader,14.5,1.61,0.8,0,0,2394.65,0.0,0
61,over_trader,177.2,1.66,1.03,1,0,1845.67,0.0,0
61,over_trader,41.1,1.31,0.78,1,0,2173.8,0.0,0
61,over_trader,10.6,1.59,1.22,0,0,1391.94,0.0,0
61,over_trader,12.8,1.76,1.11,1,1,-1831.95,2.62,0
61,over_trader,10.6,1.59,0.9,0,0,2523.6,0.0,0
61,over_trader,18.1,1.51,0.95,1,1,-1709.81,2.42,0
61,over_trader,195.2,1.91,1.26,1,0,1956.23,0.0,1
61,over_trader,15.3,1.58,0.83,1,1,-1858.8,2.62,0
61,over_trader,363.9,1.63,1.03,1,0,1718.02,0.2,0
61,over_trader,61.8,1.75,1.08,1,1,-1515.7,2.34,0
61,over_trader,154.3,1.62,0.92,1,2,-1853.7,4.95,0
61,over_trader,3.1,1.48,0.91,0,0,1779.41,2.44,0
61,over_trader,33.4,1.84,1.24,1,0,1506.26,0.32,0
61,over_trader,12.9,1.65,0.9,1,1,-1730.65,2.76,0
61,over_trader,88.1,1.95,1.19,1,2,-1960.78,5.52,1
61,over_trader,4.1,1.48,0.76,0,3,-2127.67,8.52,1
61,over_trader,18.7,1.28,0.87,0,4,-1251.13,10.29,1
61,over_trader,52.0,1.36,1.06,1,5,-1478.55,12.37,0
61,over_trader,4.5,2.04,1.5,0,0,1971.17,9.59,0
61,over_trader,130.0,1.17,0.57,1,0,2325.71,6.31,0
61,over_trader,30.0,2.14,1.83,1,1,-1345.37,8.21,0
61,over_trader,41.1,2.05,0.96,1,0,2690.37,4.42,0
61,over_trader,94.7,1.18,0.57,1,0,2948.88,0.26,0
61,over_trader,10.3,1.56,1.32,0,1,-1097.32,1.8,0
61,over_trader,66.8,1.61,1.03,0,0,1838.74,0.0,0
61,over_trader,319.4,1.4,0.87,1,0,1733.24,0.0,0
61,over_trader,25.7,1.94,1.39,1,1,-1301.65,1.78,0
61,over_trader,63.0,2.16,1.11,1,2,-2251.14,4.85,1
61,over_trader,79.4,2.05,0.95,1,3,-2477.54,8.24,1
61,over_trader,268.4,1.41,0.69,1,4,-2063.95,11.06,0
61,over_trader,10.1,1.95,1.39,1,0,1445.03,9.08,0
61,over_trader,17.6,1.21,0.62,1,1,-1741.95,11.46,1
61,over_trader,36.6,1.27,1.05,0,2,-1078.09,12.94,1
61,over_trader,37.2,1.34,1.05,0,3,-1453.51,14.92,1
61,over_trader,10.5,1.59,1.18,1,0,1475.38,12.91,1
61,over_trader,63.8,1.6,1.01,1,0,1815.27,10.43,0
61,over_trader,24.9,1.61,1.01,1,1,-1544.5,12.54,1
61,over_trader,55.6,2.2,1.37,1,0,1999.97,9.8,0
61,over_trader,68.5,1.6,0.73,1,0,2966.14,5.75,0
61,over_trader,25.6,1.33,0.83,1,1,-1828.85,8.25,0
61,over_trader,21.6,1.56,1.17,0,0,1676.94,5.96,0
61,over_trader,118.4,1.87,1.2,1,1,-1724.37,8.31,0
61,over_trader,4.9,1.84,0.98,0,0,2716.13,4.6,0
61,over_trader,345.9,1.12,0.61,1,0,2500.29,1.19,0
61,over_trader,65.2,1.54,1.37,0,1,-1190.88,2.82,0
61,over_trader,254.5,1.41,0.91,0,2,-1436.72,4.78,0
61,over_trader,28.9,1.91,1.35,0,3,-1612.99,6.98,1
61,over_trader,33.3,1.18,0.62,1,0,2676.45,3.33,0
61,over_trader,392.3,1.79,1.52,1,1,-1348.2,5.17,0
61,over_trader,35.8,1.87,1.05,1,0,1961.67,2.49,0
61,over_trader,22.0,1.34,0.72,1,1,-2116.12,5.38,1
61,over_trader,70.2,1.4,1.04,1,0,1652.7,3.12,0
61,over_trader,28.6,2.08,1.49,1,0,1913.38,0.51,0
61,over_trader,89.3,1.13,0.54,1,1,-2375.48,3.75,0
61,over_trader,43.8,1.55,1.37,1,0,1599.3,1.57,0
61,over_trader,1.8,1.28,0.82,1,1,-1861.06,4.11,0
61,over_trader,3.1,1.44,1.12,0,0,1817.06,1.63,0
61,over_trader,57.9,1.59,1.1,1,0,1450.5,0.0,0
61,over_trader,59.7,1.17,0.74,1,1,-1884.46,2.57,0
61,over_trader,52.8,1.52,1.29,1,0,1321.36,0.77,0
61,over_trader,1.7,1.93,1.28,0,0,2026.5,0.0,0
61,over_trader,221.1,1.92,0.99,1,1,-2118.32,2.83,0
61,over_trader,119.8,1.74,0.91,1,0,2777.67,0.0,0
61,over_trader,20.8,1.24,0.72,1,1,-1574.18,2.08,0
61,over_trader,61.8,1.52,1.22,1,0,1569.02,0.01,0
61,over_trader,79.9,2.15,1.41,1,0,2129.28,0.0,0
61,over_trader,126.1,1.17,0.54,1,1,-2347.68,3.02,0
61,over_trader,11.5,2.0,1.71,1,2,-1297.91,4.69,1
61,over_trader,4.5,1.79,0.89,0,3,-2313.65,7.67,1
61,over_trader,95.9,1.15,0.64,1,0,2329.35,4.67,0
62,over_trader,529.0,1.1,1.1,0,0,0.0,0.0,0
62,over_trader,31.0,0.87,0.8,0,0,1199.08,0.0,0
62,over_trader,17.7,0.9,1.03,0,1,-745.37,1.46,0
62,over_trader,384.1,0.98,1.09,1,2,-956.96,3.32,0
62,over_trader,73.5,1.07,1.09,0,3,-886.46,5.06,0
62,over_trader,313.0,1.05,0.99,0,4,-1199.86,7.4,0
62,over_trader,312.2,1.0,0.95,0,5,-951.94,9.26,0
62,over_trader,106.6,1.16,1.15,0,0,1401.41,6.52,0
62,over_trader,344.3,0.86,0.74,0,1,-1230.5,8.93,0
62,over_trader,65.5,1.17,1.36,0,0,1154.3,6.67,0
62,over_trader,363.7,0.94,0.81,0,1,-1243.51,9.1,0
62,over_trader,1220.9,1.9,2.01,0,2,-934.04,10.92,1
62,over_trader,636.2,0.84,0.44,0,0,2266.72,6.5,0
62,over_trader,590.4,0.9,1.07,0,1,-831.07,8.12,0
62,over_trader,190.2,0.92,1.02,0,2,-1055.16,10.18,0
62,over_trader,307.8,0.84,0.91,0,3,-999.66,12.13,0
62,over_trader,393.5,1.09,1.31,1,4,-996.28,14.08,0
62,over_trader,45.7,0.87,0.79,0,0,1378.71,11.39,0
62,over_trader,204.6,0.82,0.94,0,1,-726.93,12.81,0
62,over_trader,25.8,1.06,1.3,0,0,1185.42,10.49,1
62,over_trader,74.1,0.84,0.8,0,1,-1152.18,12.74,0
62,over_trader,425.6,0.82,0.97,0,2,-968.19,14.63,0
62,over_trader,385.2,0.91,1.11,1,3,-901.79,16.39,0
62,over_trader,690.1,0.83,0.91,0,0,1215.39,14.02,0
62,over_trader,39.2,0.98,1.18,0,1,-770.79,15.53,1
62,over_trader,350.6,1.11,1.13,0,0,1289.18,13.01,0
62,over_trader,811.4,1.88,1.7,1,0,1544.02,9.99,0
62,over_trader,5.2,0.83,0.44,0,0,2306.67,5.49,0
62,over_trader,422.9,0.9,1.08,1,0,1116.11,3.31,0
62,over_trader,200.8,1.03,1.14,0,0,1098.24,1.16,0
62,over_trader,240.7,0.85,0.83,0,0,1179.68,0.0,0
62,over_trader,1163.7,1.09,1.28,0,1,-986.48,1.9,0
62,over_trader,595.5,0.93,0.86,0,2,-1290.13,4.4,1
62,over_trader,3.1,1.18,1.27,0,3,-805.92,5.95,0
62,over_trader,8.8,1.05,0.88,1,4,-1244.66,8.36,1
62,over_trader,149.9,0.81,0.78,0,5,-1189.58,10.65,0
62,over_trader,720.0,0.87,1.07,0,6,-904.29,12.4,0
62,over_trader,82.7,0.98,1.12,0,7,-785.68,13.92,0
62,over_trader,34.8,1.07,1.09,0,8,-957.5,15.77,1
62,over_trader,111.4,1.01,0.95,0,0,1357.18,13.15,0
62,over_trader,1026.8,1.04,1.03,1,1,-1141.2,15.35,0
62,over_trader,183.9,0.89,0.86,0,2,-1158.49,17.59,0
62,over_trader,1547.3,0.83,0.93,0,3,-744.66,19.02,0
62,over_trader,1130.5,1.12,1.35,1,0,927.87,17.23,0
62,over_trader,386.7,0.9,0.81,1,1,-1165.47,19.48,0
62,over_trader,52.8,1.14,1.26,0,0,1269.64,17.03,0
62,over_trader,154.6,1.03,0.9,0,1,-1218.29,19.38,0
62,over_trader,116.8,1.59,1.54,0,2,-1016.5,21.35,0
62,over_trader,327.8,0.94,0.59,1,0,2339.95,16.83,0
62,over_trader,651.4,0.83,0.88,0,1,-859.32,18.49,0
62,over_trader,217.9,1.14,1.37,0,2,-742.18,19.92,0
62,over_trader,59.2,0.85,0.74,0,0,1290.73,17.43,0
62,over_trader,548.6,0.81,0.95,0,1,-901.69,19.17,0
62,over_trader,919.5,1.04,1.29,0,0,944.55,17.35,0
62,over_trader,353.0,1.03,1.0,0,1,-830.48,18.95,0
62,over_trader,2344.3,1.14,1.11,1,0,1364.95,16.31,0
62,over_trader,283.4,1.1,0.96,1,0,1533.0,13.35,0
62,over_trader,3.6,1.02,0.93,1,1,-1088.1,15.45,1
62,over_trader,10.2,1.8,1.77,0,0,1031.15,13.46,1
62,over_trader,303.5,1.03,0.57,1,1,-2117.48,17.55,0
62,over_trader,224.0,0.81,0.79,0,2,-903.65,19.3,0
62,over_trader,5.7,1.52,1.87,0,3,-725.31,20.7,1
62,over_trader,85.4,1.84,1.21,1,0,2083.53,16.67,1
62,over_trader,219.8,1.18,0.64,1,1,-1635.82,19.83,0
62,over_trader,22.0,1.5,1.27,0,0,1717.78,16.52,1
62,over_trader,370.4,1.7,1.14,1,1,-1282.86,18.99,0
62,over_trader,258.9,1.24,0.73,1,2,-1697.57,22.27,0
62,over_trader,679.6,1.84,1.48,1,0,1729.66,18.93,1
62,over_trader,57.3,1.48,0.8,1,1,-1670.75,22.16,0
62,over_trader,77.0,1.35,0.91,1,0,1907.93,18.47,0
62,over_trader,197.3,2.15,1.59,0,0,1813.1,14.97,1
62,over_trader,46.0,1.33,0.62,0,1,-2487.51,19.78,0
62,over_trader,137.4,1.25,0.94,0,0,1407.16,17.06,0
62,over_trader,46.1,1.42,1.13,0,0,1727.21,13.72,0
62,over_trader,8.9,1.63,1.15,0,0,1616.14,10.6,1
62,over_trader,16.7,1.3,0.8,1,0,1662.84,7.39,0
62,over_trader,14.1,2.1,1.62,0,0,1668.85,4.17,0
62,over_trader,31.7,1.22,0.58,0,1,-1914.66,7.87,0
62,over_trader,1.2,1.63,1.33,1,2,-1452.01,10.67,1
62,over_trader,141.4,1.57,0.97,1,3,-1503.22,13.57,0
62,over_trader,53.4,1.7,1.08,1,0,2203.73,9.32,0
62,over_trader,12.8,1.64,0.96,0,1,-1654.1,12.51,1
62,over_trader,62.3,1.47,0.9,0,2,-1732.21,15.86,0
62,over_trader,33.6,1.95,1.33,1,3,-1305.56,18.38,1
62,over_trader,65.7,2.19,1.12,1,4,-2076.27,22.39,1
62,over_trader,41.5,1.18,0.54,1,5,-2042.48,26.33,1
62,over_trader,7.1,1.74,1.48,1,6,-1329.12,28.9,1
62,over_trader,57.6,1.72,0.99,0,7,-1460.26,31.72,0
62,over_trader,1.6,1.37,0.8,1,8,-1393.53,34.41,1
62,over_trader,118.4,1.71,1.24,1,0,2027.69,30.49,0
62,over_trader,18.7,1.23,0.72,0,1,-1398.52,33.19,1
62,over_trader,0.8,1.96,1.59,1,0,1761.84,29.79,1
62,over_trader,177.4,1.57,0.8,1,0,2268.81,25.41,0
62,over_trader,15.0,1.39,0.88,1,1,-1848.76,28.98,1
62,over_trader,75.4,1.31,0.94,1,0,2080.3,24.96,0
62,over_trader,48.9,1.43,1.1,1,0,1481.9,22.1,0
62,over_trader,0.1,1.91,1.33,0,1,-1281.3,24.58,1
62,over_trader,5.2,1.66,0.87,0,0,2290.75,20.15,1
62,over_trader,70.6,2.01,1.21,0,0,2245.84,15.81,1
62,over_trader,3.6,1.45,0.72,1,0,2800.07,10.41,1
62,over_trader,64.5,1.32,0.91,0,1,-1478.94,13.26,0
62,over_trader,1.2,1.33,1.01,0,2,-1465.06,16.09,1
62,over_trader,22.0,1.37,1.02,0,0,1377.69,13.43,1
62,over_trader,0.9,1.11,0.81,0,1,-1323.46,15.99,1
62,over_trader,2.5,1.49,1.34,0,2,-1259.47,18.42,1
62,over_trader,23.4,1.59,1.07,0,3,-1762.62,21.82,1
62,over_trader,18.9,2.13,1.33,1,4,-1906.2,25.5,1
62,over_trader,61.2,1.55,0.73,0,0,2816.1,20.07,0
62,over_trader,104.3,1.74,1.12,1,1,-1473.91,22.91,0
62,over_trader,698.8,1.43,0.83,0,0,1825.73,19.39,0
62,over_trader,62.9,1.63,1.14,0,0,1869.88,15.78,0
62,over_trader,42.5,1.87,1.14,1,0,1639.18,12.61,1
62,over_trader,78.3,1.42,0.76,1,1,-2089.21,16.65,0
62,over_trader,27.5,1.9,1.34,0,0,1865.88,13.04,1
62,over_trader,13.0,2.05,1.08,1,1,-2018.22,16.94,1
62,over_trader,18.2,1.6,0.78,1,0,2524.55,12.06,1
62,over_trader,20.4,1.9,1.19,0,1,-1729.43,15.4,1
62,over_trader,35.2,1.26,0.66,0,0,2760.43,10.07,1
62,over_trader,27.4,2.02,1.6,0,0,1776.77,6.64,0
62,over_trader,47.8,1.61,0.8,0,0,2758.87,1.31,0
62,over_trader,68.4,1.66,1.04,1,1,-1429.88,4.08,0
62,over_trader,14.2,1.61,0.97,1,0,1865.02,0.47,0
62,over_trader,22.5,2.11,1.31,1,0,1933.75,0.0,0
62,over_trader,81.4,2.14,1.01,1,0,2328.99,0.0,0
62,over_trader,128.4,1.54,0.72,0,1,-2167.6,3.88,0
62,over_trader,43.3,1.34,0.87,0,0,1958.18,0.38,0
62,over_trader,299.1,1.32,0.98,0,0,1812.4,0.0,0
62,over_trader,169.8,2.01,1.53,1,0,1774.76,0.0,0
62,over_trader,7.5,1.82,0.9,1,1,-1847.51,3.12,0
62,over_trader,53.2,1.43,0.79,1,0,2674.12,0.0,0
62,over_trader,13.5,2.12,1.48,1,1,-1323.16,2.21,0
62,over_trader,107.0,1.75,0.83,1,2,-2322.52,6.08,0
62,over_trader,0.3,1.71,0.98,1,3,-1501.21,8.58,1
62,over_trader,2.4,1.66,0.97,1,0,2279.85,4.78,0
62,over_trader,118.0,1.4,0.85,1,0,2203.1,1.11,0
62,over_trader,29.1,1.22,0.87,1,1,-1325.97,3.32,0
62,over_trader,96.3,1.56,1.27,1,0,1750.3,0.4,0
62,over_trader,127.1,1.76,1.13,1,1,-1805.27,3.41,0
62,over_trader,72.6,1.31,0.74,1,2,-1690.96,6.23,0
62,over_trader,83.5,2.0,1.53,1,3,-1116.18,8.09,1
62,over_trader,103.4,1.6,0.8,0,4,-1693.39,10.91,0
62,over_trader,20.1,1.91,1.19,1,0,2264.76,7.13,0
62,over_trader,223.3,1.81,0.95,0,0,2157.07,3.54,0
62,over_trader,241.6,1.81,1.0,1,0,2323.35,0.0,0
62,over_trader,57.9,1.26,0.7,0,0,2066.75,0.0,0
62,over_trader,3.3,1.26,1.0,1,0,1725.93,0.0,0
62,over_trader,147.8,2.14,1.7,0,0,1299.57,0.0,0
62,over_trader,1.7,1.8,0.84,0,0,2331.73,0.0,0
62,over_trader,33.2,1.13,0.63,0,1,-2075.88,3.07,0
62,over_trader,414.1,1.52,1.34,1,0,1277.2,1.18,0
63,over_trader,436.6,0.96,0.96,0,0,0.0,0.0,0
63,over_trader,133.7,1.17,1.23,1,1,-1013.0,2.03,0
63,over_trader,528.9,0.95,0.81,0,0,1492.45,0.0,0
63,over_trader,581.3,1.09,1.15,0,1,-839.29,1.66,0
63,over_trader,75.2,0.85,0.78,0,0,1201.56,0.0,0
63,over_trader,178.9,1.05,1.24,1,1,-885.78,1.74,0
63,over_trader,54.7,1.18,1.13,0,2,-1134.68,3.97,0
63,over_trader,158.0,1.15,0.98,0,3,-977.64,5.9,0
63,over_trader,392.2,0.91,0.79,0,4,-1038.11,7.94,0
63,over_trader,216.1,0.86,0.95,0,0,954.17,6.06,0
63,over_trader,1718.5,0.87,1.01,0,0,903.98,4.28,0
63,over_trader,109.9,1.01,1.17,0,0,1237.37,1.85,0
63,over_trader,587.1,1.05,1.04,1,0,1065.64,0.0,0
63,over_trader,8.2,1.07,1.02,1,1,-1040.38,2.04,0
63,over_trader,75.4,1.6,1.5,0,0,1324.4,0.0,0
63,over_trader,689.6,1.09,0.68,0,0,1973.67,0.0,0
63,over_trader,2495.8,0.87,0.8,0,0,1159.4,0.0,0
63,over_trader,397.2,1.14,1.32,1,0,930.06,0.0,0
63,over_trader,78.8,1.02,0.89,0,0,1644.45,0.0,0
63,over_trader,239.8,1.18,1.16,0,0,1204.84,0.0,0
63,over_trader,51.7,0.82,0.69,0,0,1759.27,0.0,0
63,over_trader,313.9,0.99,1.21,1,1,-852.67,1.42,0
63,over_trader,590.8,0.94,0.95,0,2,-1061.03,3.19,0
63,over_trader,4.2,0.85,0.9,0,0,1256.77,1.1,0
63,over_trader,47.4,0.99,1.17,0,0,1027.66,0.0,0
63,over_trader,233.1,0.88,0.89,1,0,1410.52,0.0,0
63,over_trader,243.7,1.68,1.9,0,1,-716.45,1.16,0
63,over_trader,94.2,1.06,0.63,0,0,1927.17,0.0,0
63,over_trader,231.6,1.0,0.95,0,0,1186.75,0.0,0
63,over_trader,257.8,1.01,1.0,0,0,1093.5,0.0,0
63,over_trader,393.2,0.92,0.91,0,0,1048.18,0.0,0
63,over_trader,84.7,0.85,0.92,1,1,-786.32,1.19,0
63,over_trader,624.2,0.97,1.15,0,0,1121.06,0.0,0
63,over_trader,303.5,0.88,0.91,1,1,-785.33,1.18,0
63,over_trader,57.1,0.95,1.07,0,2,-1049.76,2.76,0
63,over_trader,214.6,1.1,1.16,0,0,1235.88,0.9,0
63,over_trader,282.2,1.16,1.05,0,0,1290.76,0.0,0
63,over_trader,160.8,0.82,0.71,1,0,1631.49,0.0,0
63,over_trader,976.2,1.86,2.28,0,0,1046.7,0.0,0
63,over_trader,364.1,1.04,0.56,0,0,2360.16,0.0,0
63,over_trader,710.6,0.88,0.84,0,0,1344.45,0.0,0
63,over_trader,66.3,1.12,1.28,0,0,1311.2,0.0,0
63,over_trader,60.3,1.19,1.05,0,0,1446.07,0.0,0
63,over_trader,876.2,0.9,0.76,0,0,1311.2,0.0,0
63,over_trader,411.8,0.82,0.91,0,1,-844.99,1.09,0
63,over_trader,388.8,1.04,1.28,0,0,1045.53,0.0,0
63,over_trader,173.6,1.07,1.03,0,1,-1210.68,1.55,0
63,over_trader,1005.1,1.07,1.0,0,0,1377.42,0.0,0
63,over_trader,30.4,1.0,0.93,1,1,-910.49,1.17,0
63,over_trader,1210.0,1.87,1.87,0,2,-803.66,2.2,1
63,over_trader,367.5,1.11,0.59,0,3,-2110.96,4.9,0
63,over_trader,651.1,0.85,0.76,0,0,1462.84,3.03,0
63,over_trader,150.6,1.03,1.22,0,1,-822.42,4.08,0
63,over_trader,403.1,0.94,0.91,0,0,1338.41,2.36,0
63,over_trader,220.0,1.1,1.18,0,1,-844.09,3.45,0
63,over_trader,900.7,0.87,0.79,1,2,-1141.98,4.91,0
63,over_trader,542.8,0.88,1.02,1,0,1008.68,3.62,0
63,over_trader,1386.0,1.1,1.25,0,0,1146.94,2.15,0
63,over_trader,489.7,1.06,0.97,1,0,1576.0,0.13,0
63,over_trader,525.5,1.07,1.01,0,1,-1028.82,1.45,0
63,over_trader,52.8,1.15,1.07,0,2,-1041.36,2.78,0
63,over_trader,69.8,2.06,1.79,1,0,1353.71,1.05,0
63,over_trader,7.6,2.06,1.0,1,0,2320.84,0.0,0
63,over_trader,18.8,1.63,0.79,1,1,-2323.11,2.92,0
63,over_trader,78.3,1.98,1.21,0,2,-1361.44,4.63,1
63,over_trader,160.8,1.51,0.76,1,0,2329.99,1.7,0
63,over_trader,207.0,1.29,0.85,1,1,-1469.88,3.55,0
63,over_trader,18.2,1.64,1.28,0,0,1507.18,1.66,0
63,over_trader,53.9,1.99,1.21,1,1,-1949.78,4.1,0
63,over_trader,19.5,1.39,0.7,0,2,-2342.17,7.05,1
63,over_trader,445.5,1.44,1.03,0,0,2038.65,4.49,0
63,over_trader,100.3,2.09,1.45,1,0,2058.22,1.9,0
63,over_trader,27.4,1.45,0.69,1,0,2707.38,0.0,0
63,over_trader,24.0,1.95,1.35,0,0,2120.97,0.0,0
63,over_trader,91.3,2.08,1.07,0,1,-1670.26,2.01,1
63,over_trader,40.0,1.59,0.76,1,0,2823.05,0.0,0
63,over_trader,39.7,2.14,1.35,0,1,-1520.51,1.81,0
63,over_trader,54.3,1.21,0.56,1,2,-2169.78,4.39,0
63,over_trader,33.5,1.42,1.18,1,3,-1159.2,5.77,1
63,over_trader,4.1,1.25,0.88,0,4,-1232.76,7.24,1
63,over_trader,1.5,1.25,1.0,1,0,1748.11,5.16,0
63,over_trader,86.2,1.71,1.37,1,1,-1394.6,6.82,0
63,over_trader,83.9,2.19,1.28,1,0,2235.13,4.16,0
63,over_trader,68.1,2.11,0.97,1,0,3116.19,0.45,0
63,over_trader,13.8,1.63,0.77,1,1,-2323.71,3.21,0
63,over_trader,14.9,2.02,1.24,1,2,-1916.21,5.49,1
63,over_trader,83.2,1.83,0.91,1,3,-2143.6,8.04,1
63,over_trader,53.4,1.9,1.04,0,0,2170.77,5.46,0
63,over_trader,11.4,1.28,0.67,0,0,2031.25,3.04,0
63,over_trader,33.8,1.56,1.22,1,1,-1096.11,4.35,0
63,over_trader,39.4,1.49,0.96,0,2,-1370.6,5.98,1
63,over_trader,30.1,2.12,1.42,1,3,-1457.65,7.71,1
63,over_trader,15.5,1.24,0.58,1,4,-1786.15,9.84,1
63,over_trader,35.0,2.18,1.76,0,5,-1127.32,11.18,1
63,over_trader,48.1,1.82,0.84,0,6,-2462.89,14.11,1
63,over_trader,90.2,1.99,1.09,0,0,1867.99,11.89,1
63,over_trader,68.4,1.44,0.72,0,0,2929.65,8.4,0
63,over_trader,45.6,1.55,1.08,1,0,1523.88,6.59,0
63,over_trader,36.0,2.07,1.34,1,1,-1348.1,8.19,0
63,over_trader,22.6,2.16,1.04,1,2,-1948.32,10.51,1
63,over_trader,83.9,1.88,0.87,0,3,-2429.79,13.4,0
63,over_trader,40.0,1.97,1.05,0,4,-1536.55,15.23,1
63,over_trader,52.9,1.81,0.92,1,5,-1623.84,17.16,1
63,over_trader,67.9,1.68,0.93,0,0,2308.86,14.41,0
63,over_trader,82.1,1.36,0.81,1,1,-1768.26,16.52,0
63,over_trader,18.8,2.02,1.49,1,0,1684.66,14.51,1
63,over_trader,5.6,1.82,0.9,1,1,-2057.79,16.96,1
63,over_trader,137.5,1.45,0.79,1,0,2133.76,14.42,0
63,over_trader,4.4,1.62,1.12,0,1,-1733.01,16.48,1
63,over_trader,20.2,1.63,1.01,1,2,-1845.26,18.68,1
63,over_trader,2.7,1.5,0.92,1,3,-1740.56,20.75,1
63,over_trader,12.2,2.17,1.45,0,4,-1257.26,22.25,0
63,over_trader,118.5,1.82,0.84,0,0,2344.44,19.46,1
63,over_trader,29.2,2.15,1.18,1,1,-1692.13,21.47,1
63,over_trader,35.8,1.31,0.61,1,2,-2059.85,23.92,1
63,over_trader,76.9,1.12,0.86,1,0,1565.57,22.06,0
63,over_trader,22.8,1.89,1.68,1,1,-1176.47,23.46,1
63,over_trader,14.2,1.44,0.76,1,2,-1719.75,25.5,1
63,over_trader,138.4,1.63,1.14,0,3,-1369.75,27.13,0
63,over_trader,109.6,1.62,0.99,1,0,2339.72,24.35,0
63,over_trader,92.6,1.44,0.89,0,1,-1456.32,26.08,0
63,over_trader,69.7,2.15,1.49,1,0,1601.79,24.18,1
63,over_trader,8.9,1.77,0.83,0,1,-1988.71,26.54,1
63,over_trader,50.1,1.61,0.91,1,0,2640.52,23.4,1
63,over_trader,79.1,1.97,1.22,0,1,-1421.73,25.09,1
63,over_trader,117.9,1.53,0.77,1,0,1991.12,22.72,0
63,over_trader,4.2,1.59,1.04,1,1,-1454.53,24.45,1
63,over_trader,29.2,1.57,0.99,0,0,1597.76,22.55,1
63,over_trader,158.7,1.46,0.93,1,1,-1352.81,24.16,0
63,over_trader,6.1,1.27,0.87,1,2,-1734.75,26.23,1
63,over_trader,25.7,1.4,1.1,1,3,-1102.39,27.54,1
63,over_trader,14.1,1.23,0.88,0,4,-1306.26,29.09,1
63,over_trader,16.0,1.31,1.06,0,5,-1094.11,30.39,1
63,over_trader,96.2,1.89,1.45,0,6,-1230.18,31.86,1
63,over_trader,314.2,1.75,0.92,1,0,2200.74,29.24,0
63,over_trader,81.0,1.45,0.83,1,1,-2003.35,31.62,0
63,over_trader,35.2,1.24,0.86,1,0,1695.51,29.6,1
63,over_trader,12.9,1.5,1.21,0,1,-1044.89,30.85,1
63,over_trader,20.4,1.35,0.9,0,0,2026.48,28.44,1
63,over_trader,440.9,1.39,1.03,0,1,-1247.31,29.92,0
63,over_trader,25.2,1.89,1.36,1,0,1434.41,28.21,1
63,over_trader,3.2,1.93,1.02,1,0,2296.84,25.48,1
63,over_trader,60.0,1.81,0.94,1,0,2330.97,22.71,1
63,over_trader,120.4,1.53,0.85,1,1,-1705.54,24.74,0
63,over_trader,8.8,2.11,1.38,1,2,-1591.5,26.63,1
63,over_trader,133.3,1.44,0.68,1,3,-2266.97,29.33,0
63,over_trader,7.5,1.77,1.23,0,4,-1679.43,31.33,1
63,over_trader,139.6,1.31,0.74,1,5,-1992.5,33.7,0
63,over_trader,28.1,1.22,0.94,1,6,-1367.17,35.32,1
63,over_trader,7.6,1.23,1.01,0,7,-1332.82,36.91,1
64,over_trader,298.2,1.01,1.01,0,0,0.0,0.0,0
64,over_trader,6.7,0.96,0.95,0,0,1252.26,0.0,0
64,over_trader,339.4,1.86,1.93,0,0,965.18,0.0,0
64,over_trader,600.5,1.15,0.62,0,0,2226.69,0.0,0
64,over_trader,60.4,0.96,0.84,1,1,-1157.93,2.13,0
64,over_trader,21.0,1.96,2.03,0,0,1055.36,0.19,0
64,over_trader,234.2,0.81,0.41,0,0,2761.94,0.0,0
64,over_trader,195.1,0.87,1.07,0,1,-763.55,1.34,0
64,over_trader,1174.1,0.96,1.11,0,2,-809.74,2.76,0
64,over_trader,28.7,0.85,0.88,0,3,-926.78,4.38,1
64,over_trader,80.0,0.81,0.96,1,4,-791.11,5.76,0
64,over_trader,924.6,1.03,1.28,0,5,-852.81,7.26,0
64,over_trader,213.2,1.08,1.04,0,0,1442.06,4.73,0
64,over_trader,723.1,1.13,1.05,0,0,1184.04,2.66,0
64,over_trader,29.1,1.11,0.98,0,0,1409.19,0.19,0
64,over_trader,86.9,0.93,0.84,1,1,-1154.81,2.21,0
64,over_trader,587.4,0.89,0.96,0,0,1274.5,0.0,0
64,over_trader,1736.8,1.05,1.18,0,0,1219.2,0.0,0
64,over_trader,481.1,1.09,1.04,0,1,-1016.4,1.74,0
64,over_trader,470.7,0.85,0.78,1,2,-1234.3,3.86,0
64,over_trader,89.4,0.99,1.15,0,3,-733.63,5.12,0
64,over_trader,157.4,0.9,0.91,0,4,-809.54,6.5,0
64,over_trader,487.4,0.97,1.08,1,5,-747.99,7.79,0
64,over_trader,5.2,1.16,1.2,0,0,1166.73,5.79,0
64,over_trader,146.7,1.0,0.86,0,1,-1271.31,7.97,0
64,over_trader,357.0,1.18,1.18,0,2,-1159.63,9.95,0
64,over_trader,14.2,1.06,0.9,0,0,1744.09,6.96,0
64,over_trader,668.9,0.86,0.81,0,1,-908.21,8.52,0
64,over_trader,249.0,0.91,1.05,1,0,1269.15,6.34,0
64,over_trader,42.8,1.1,1.22,0,0,1191.59,4.3,0
64,over_trader,632.3,0.94,0.85,0,1,-1055.42,6.11,0
64,over_trader,365.7,0.85,0.91,0,2,-940.17,7.72,0
64,over_trader,297.3,0.84,0.99,0,0,1164.84,5.73,0
64,over_trader,12.4,1.18,1.4,0,0,1024.64,3.97,0
64,over_trader,81.5,1.17,0.99,0,0,1401.61,1.57,0
64,over_trader,1282.7,0.87,0.74,0,0,1548.64,0.0,0
64,over_trader,168.4,0.86,0.99,0,0,1133.15,0.0,0
64,over_trader,547.7,1.16,1.34,0,1,-1021.91,1.7,0
64,over_trader,137.6,1.0,0.86,0,0,1478.24,0.0,0
64,over_trader,627.8,0.97,0.97,0,1,-815.98,1.35,0
64,over_trader,752.8,0.89,0.92,0,2,-831.56,2.72,0
64,over_trader,247.3,0.82,0.92,0,3,-971.18,4.32,0
64,over_trader,6.2,1.08,1.32,1,4,-852.38,5.73,1
64,over_trader,494.2,0.96,0.89,0,5,-998.83,7.38,0
64,over_trader,252.6,0.8,0.84,0,6,-1046.67,9.11,0
64,over_trader,172.5,1.1,1.36,0,0,810.59,7.77,0
64,over_trader,385.1,0.96,0.88,1,0,1546.25,5.22,0
64,over_trader,386.8,1.15,1.2,1,0,1260.26,3.14,0
64,over_trader,577.3,0.92,0.8,0,0,1528.64,0.61,0
64,over_trader,225.8,1.04,1.13,0,1,-772.25,1.89,0
64,over_trader,64.5,1.2,1.15,0,0,1518.55,0.0,0
64,over_trader,428.8,1.19,1.0,0,1,-1389.42,2.28,0
64,over_trader,43.9,0.92,0.77,0,2,-1314.37,4.44,1
64,over_trader,59.1,1.08,1.17,1,0,1040.57,2.73,0
64,over_trader,757.9,0.82,0.76,0,1,-1102.91,4.54,0
64,over_trader,377.9,0.97,1.19,1,0,1133.77,2.68,0
64,over_trader,2.3,1.12,1.15,0,1,-1157.14,4.58,0
64,over_trader,48.0,1.05,0.94,0,0,1473.03,2.16,0
64,over_trader,509.0,1.14,1.09,1,0,1550.94,0.0,0
64,over_trader,40.2,1.07,0.94,0,1,-1339.79,2.19,0
64,over_trader,530.5,1.12,1.04,0,2,-1275.19,4.28,0
64,over_trader,50.0,1.87,1.67,1,0,1566.43,1.71,0
64,over_trader,15.9,2.08,1.12,1,0,2741.47,0.0,0
64,over_trader,47.6,1.87,0.9,0,1,-2404.36,3.82,0
64,over_trader,157.2,2.0,1.07,1,2,-1523.57,6.25,1
64,over_trader,78.7,1.75,0.88,1,3,-2372.9,10.02,0
64,over_trader,57.2,1.28,0.73,1,0,2526.84,6.0,0
64,over_trader,34.0,2.01,1.58,1,0,1856.32,3.05,0
64,over_trader,17.2,1.45,0.72,0,0,2112.24,0.0,0
64,over_trader,416.7,2.05,1.42,1,0,1656.61,0.0,0
64,over_trader,99.2,1.86,0.91,0,1,-1935.61,2.99,0
64,over_trader,31.8,1.53,0.82,0,2,-1621.07,5.5,1
64,over_trader,17.7,1.44,0.94,0,3,-1503.41,7.82,1
64,over_trader,149.7,2.19,1.52,1,0,1476.72,5.54,0
64,over_trader,29.4,1.72,0.78,0,0,2301.18,1.98,0
64,over_trader,118.1,1.86,1.08,1,0,2050.07,0.0,0
64,over_trader,37.9,1.59,0.86,1,1,-1628.19,2.49,0
64,over_trader,5.9,1.2,0.75,0,2,-1563.44,4.87,1
64,over_trader,91.2,1.92,1.61,0,3,-1201.28,6.71,1
64,over_trader,5.9,1.3,0.68,1,0,2787.13,2.45,0
64,over_trader,9.1,1.73,1.33,1,1,-1531.34,4.79,0
64,over_trader,25.5,2.11,1.22,1,2,-1629.14,7.28,1
64,over_trader,58.2,1.47,0.69,1,3,-1956.74,10.27,0
64,over_trader,48.2,1.95,1.33,1,0,2031.33,7.17,0
64,over_trader,195.5,2.09,1.07,1,0,1999.38,4.11,0
64,over_trader,41.7,1.21,0.58,1,1,-2108.87,7.33,0
64,over_trader,11.7,2.14,1.77,0,2,-1425.17,9.51,1
64,over_trader,25.6,1.5,0.7,0,3,-2441.51,13.24,1
64,over_trader,72.2,1.43,0.95,0,4,-1576.72,15.65,0
64,over_trader,39.8,2.14,1.5,0,5,-1577.34,18.05,1
64,over_trader,0.6,1.42,0.66,0,6,-2420.19,21.75,1
64,over_trader,46.4,1.74,1.23,1,0,2094.51,18.55,0
64,over_trader,21.3,1.9,1.1,0,1,-1517.35,20.87,1
64,over_trader,55.6,1.81,0.95,1,2,-1653.41,23.39,1
64,over_trader,28.5,1.34,0.74,1,3,-1934.17,26.35,1
64,over_trader,43.9,1.63,1.22,1,4,-1104.09,28.03,1
64,over_trader,36.9,1.74,1.07,0,5,-1499.14,30.32,1
64,over_trader,57.0,1.49,0.86,1,6,-1779.21,33.04,0
64,over_trader,0.7,1.36,0.91,1,0,2059.86,29.89,1
64,over_trader,75.1,2.2,1.62,1,1,-1437.3,32.09,1
64,over_trader,3.8,1.46,0.66,0,2,-1864.46,34.94,1
64,over_trader,117.8,1.32,0.9,1,3,-1584.93,37.36,0
64,over_trader,104.2,1.54,1.17,1,0,1827.23,34.57,0
64,over_trader,400.3,1.55,1.0,0,1,-1320.9,36.58,0
64,over_trader,7.3,2.02,1.31,0,0,1759.96,33.9,1
64,over_trader,7.8,1.99,0.98,0,0,2057.02,30.76,1
64,over_trader,155.8,1.98,1.0,1,0,2159.04,27.46,1
64,over_trader,22.1,2.12,1.07,1,1,-1756.58,30.14,1
64,over_trader,58.8,1.86,0.88,0,0,2621.49,26.14,1
64,over_trader,25.6,1.13,0.61,1,0,2632.67,22.12,1
64,over_trader,11.3,2.0,1.77,1,0,1560.61,19.73,1
64,over_trader,123.8,1.68,0.84,1,1,-2031.88,22.84,0
64,over_trader,87.0,1.54,0.92,1,2,-1928.43,25.78,0
64,over_trader,2.5,1.78,1.16,1,3,-1760.88,28.47,1
64,over_trader,77.1,1.18,0.66,0,4,-1458.01,30.7,0
64,over_trader,86.3,1.82,1.54,1,0,1462.18,28.46,1
64,over_trader,164.0,1.57,0.86,0,0,1995.2,25.42,0
64,over_trader,40.0,2.06,1.31,1,0,2290.93,21.92,1
64,over_trader,4.3,1.47,0.71,1,0,2269.78,18.45,1
64,over_trader,181.2,1.71,1.16,0,0,1550.8,16.08,0
64,over_trader,11.6,2.04,1.19,0,1,-1731.62,18.73,1
64,over_trader,91.7,2.15,1.06,1,2,-1994.74,21.77,1
64,over_trader,150.9,1.23,0.57,1,0,2765.59,17.55,1
64,over_trader,13.5,1.43,1.16,1,1,-1372.41,19.65,1
64,over_trader,90.2,1.61,1.12,1,2,-1368.8,21.74,0
64,over_trader,2.9,1.61,1.0,0,0,2286.51,18.25,1
64,over_trader,255.4,2.13,1.32,1,0,1841.28,15.43,1
64,over_trader,8.1,1.57,0.74,1,1,-2548.61,19.33,0
64,over_trader,28.3,1.16,0.74,0,0,1968.41,16.32,1
64,over_trader,29.3,1.96,1.69,1,1,-1003.04,17.85,1
64,over_trader,66.2,1.15,0.59,1,2,-2200.49,21.21,0
64,over_trader,9.1,2.01,1.76,1,0,1312.49,19.21,1
64,over_trader,56.5,1.73,0.86,1,0,2856.16,14.85,0
64,over_trader,12.5,1.25,0.72,1,1,-2075.99,18.02,1
64,over_trader,37.9,1.4,1.12,1,0,1379.49,15.91,1
64,over_trader,70.3,1.2,0.86,1,1,-1403.61,18.05,0
64,over_trader,114.5,2.03,1.69,1,2,-1197.84,19.88,1
64,over_trader,26.2,2.16,1.06,1,0,2368.02,16.27,1
64,over_trader,115.7,1.63,0.75,1,1,-2286.98,19.76,0
64,over_trader,75.1,1.78,1.09,0,0,2193.24,16.41,0
64,over_trader,164.3,2.17,1.22,0,1,-1560.17,18.79,1
64,over_trader,66.0,1.94,0.9,0,2,-2142.4,22.06,1
64,over_trader,3.9,1.18,0.61,1,3,-1766.42,24.76,1
64,over_trader,8.2,1.79,1.52,1,0,1188.73,22.95,1
64,over_trader,113.0,1.8,1.01,1,1,-2078.91,26.12,0
64,over_trader,63.2,1.16,0.65,1,2,-1884.97,29.0,0
64,over_trader,6.0,1.53,1.32,0,3,-951.33,30.45,1
64,over_trader,27.1,2.03,1.33,1,4,-1427.23,32.63,1
64,over_trader,9.2,1.3,0.64,0,0,2625.13,28.62,1
64,over_trader,315.6,1.25,0.96,1,0,1636.75,26.12,0
65,over_trader,920.6,0.93,0.93,0,0,0.0,0.0,0
65,over_trader,28.2,0.94,1.01,0,0,956.39,0.0,0
65,over_trader,331.8,0.86,0.92,1,1,-1088.11,2.14,0
65,over_trader,21.7,0.93,1.07,1,2,-914.66,3.93,1
65,over_trader,426.3,0.82,0.88,0,0,1187.1,1.6,0
65,over_trader,1617.1,1.14,1.4,1,1,-742.48,3.06,0
65,over_trader,273.6,1.16,1.02,1,0,1198.94,0.7,0
65,over_trader,593.3,1.06,0.91,0,0,1251.14,0.0,0
65,over_trader,127.7,1.06,1.0,0,0,1147.02,0.0,0
65,over_trader,8.7,0.83,0.78,0,1,-1221.77,2.31,0
65,over_trader,269.4,1.14,1.38,0,0,990.05,0.44,0
65,over_trader,392.1,0.84,0.74,0,1,-1254.94,2.81,0
65,over_trader,971.9,0.91,1.08,1,2,-681.13,4.09,0
65,over_trader,105.0,1.03,1.14,0,3,-802.6,5.6,0
65,over_trader,7.8,0.83,0.81,0,4,-1001.36,7.49,1
65,over_trader,248.2,0.97,1.16,0,0,1121.62,5.38,0
65,over_trader,618.3,1.18,1.21,0,0,1189.9,3.13,0
65,over_trader,340.3,1.51,1.28,0,0,1175.21,0.92,0
65,over_trader,33.9,0.82,0.54,0,1,-1482.97,3.71,0
65,over_trader,166.9,1.06,1.29,0,0,846.26,2.12,0
65,over_trader,1488.7,0.91,0.86,0,1,-864.03,3.75,0
65,over_trader,345.5,0.97,1.06,1,2,-784.73,5.23,0
65,over_trader,96.8,0.94,0.97,0,3,-999.9,7.11,0
65,over_trader,10.9,0.86,0.91,1,0,1407.17,4.46,0
65,over_trader,199.6,0.87,1.01,0,0,1093.12,2.4,0
65,over_trader,748.7,0.95,1.09,0,1,-783.1,3.87,0
65,over_trader,525.2,0.87,0.92,0,2,-887.61,5.55,0
65,over_trader,802.3,0.95,1.09,0,0,1146.19,3.39,0
65,over_trader,412.6,0.9,0.95,0,0,1043.52,1.42,0
65,over_trader,147.5,0.81,0.9,0,0,1177.6,0.0,1
65,over_trader,793.8,0.99,1.22,0,1,-691.82,1.3,0
65,over_trader,386.1,0.9,0.91,0,0,1160.39,0.0,0
65,over_trader,565.8,1.12,1.25,1,1,-867.99,1.61,0
65,over_trader,171.5,1.88,1.67,1,2,-951.62,3.38,1
65,over_trader,676.9,0.95,0.51,1,3,-1783.13,6.69,0
65,over_trader,16.2,1.15,1.21,0,4,-885.68,8.33,1
65,over_trader,1116.4,0.85,0.74,0,5,-1016.14,10.21,0
65,over_trader,378.5,0.96,1.13,0,0,1128.83,8.12,0
65,over_trader,1725.0,0.96,1.01,0,1,-1132.26,10.22,0
65,over_trader,1113.0,1.09,1.13,0,0,1392.12,7.64,0
65,over_trader,102.0,0.9,0.83,1,0,1580.32,4.7,0
65,over_trader,66.4,1.07,1.19,0,1,-842.61,6.27,0
65,over_trader,109.4,1.1,1.02,0,0,1166.56,4.1,0
65,over_trader,757.4,1.11,1.01,0,1,-886.39,5.75,0
65,over_trader,137.1,0.95,0.85,0,2,-1051.78,7.7,0
65,over_trader,727.2,1.05,1.1,1,0,1051.85,5.75,0
65,over_trader,396.9,1.13,1.08,1,1,-1143.03,7.87,0
65,over_trader,1623.0,0.96,0.85,0,0,1229.65,5.59,0
65,over_trader,1504.5,0.97,1.01,0,0,1237.31,3.29,0
65,over_trader,442.5,1.15,1.19,0,0,1116.62,1.22,0
65,over_trader,234.8,1.01,0.87,1,1,-1023.04,3.12,0
65,over_trader,1643.7,0.83,0.82,0,0,1106.15,1.07,0
65,over_trader,354.8,1.17,1.4,0,0,992.08,0.0,0
65,over_trader,254.5,0.88,0.75,0,0,1427.68,0.0,0
65,over_trader,51.0,0.92,1.04,1,0,1291.27,0.0,0
65,over_trader,100.0,1.07,1.16,0,0,1197.81,0.0,0
65,over_trader,376.0,0.84,0.78,0,1,-922.27,1.58,0
65,over_trader,571.0,1.2,1.43,1,0,926.69,0.0,0
65,over_trader,926.6,1.01,0.84,0,1,-1370.92,2.35,0
65,over_trader,899.2,0.89,0.88,1,2,-935.2,3.96,0
65,over_trader,1246.9,0.92,1.04,0,3,-789.43,5.32,0
65,over_trader,4.2,2.17,2.35,1,0,979.3,3.63,0
65,over_trader,52.3,1.87,0.86,1,1,-1786.77,6.7,0
65,over_trader,101.8,1.39,0.74,1,0,1964.61,3.33,0
65,over_trader,127.8,2.05,1.47,1,1,-1261.06,5.49,0
65,over_trader,25.9,1.66,0.81,1,2,-2235.43,9.33,1
65,over_trader,54.7,1.59,0.95,1,0,2258.25,5.46,0
65,over_trader,58.6,2.01,1.27,1,1,-1460.98,7.96,0
65,over_trader,27.4,1.95,0.97,1,0,2814.43,3.13,0
65,over_trader,36.8,1.67,0.86,1,0,2270.21,0.0,0
65,over_trader,22.4,2.19,1.31,0,0,2366.98,0.0,0
65,over_trader,67.6,1.11,0.5,1,0,2429.95,0.0,0
65,over_trader,16.1,1.15,1.04,0,0,1226.87,0.0,0
65,over_trader,12.0,1.96,1.71,0,1,-971.6,1.5,0
65,over_trader,152.0,2.03,1.03,0,2,-2066.75,4.7,1
65,over_trader,19.7,1.71,0.84,1,3,-2380.97,8.38,1
65,over_trader,20.8,1.72,1.01,0,4,-1877.28,11.28,1
65,over_trader,19.4,1.84,1.07,1,5,-1678.58,13.87,1
65,over_trader,1.6,1.32,0.72,1,6,-1902.26,16.81,1
65,over_trader,61.4,1.51,1.14,1,7,-1465.56,19.08,0
65,over_trader,21.1,1.69,1.13,0,8,-1520.9,21.43,1
65,over_trader,104.2,1.51,0.89,1,0,1756.66,18.71,0
65,over_trader,102.1,1.67,1.11,1,1,-1353.9,20.81,0
65,over_trader,54.2,1.5,0.9,1,0,1709.38,18.16,0
65,over_trader,14.9,1.47,0.98,1,1,-1428.51,20.37,1
65,over_trader,28.5,1.6,1.09,1,0,1626.55,17.86,1
65,over_trader,229.7,1.51,0.95,1,0,2143.98,14.54,0
65,over_trader,5.8,1.65,1.09,0,1,-1348.67,16.63,1
65,over_trader,32.2,2.04,1.24,1,2,-1808.1,19.42,1
65,over_trader,103.7,1.94,0.95,0,3,-2137.24,22.73,1
65,over_trader,8.9,1.64,0.85,0,4,-1714.25,25.38,1
65,over_trader,31.4,1.32,0.8,0,5,-1889.82,28.3,1
65,over_trader,71.0,1.97,1.5,1,6,-1134.38,30.05,1
65,over_trader,130.1,1.87,0.95,0,7,-2206.59,33.46,1
65,over_trader,60.8,2.17,1.16,1,0,1965.28,30.42,1
65,over_trader,96.3,1.77,0.82,1,0,2528.99,26.51,0
65,over_trader,30.2,1.45,0.82,0,0,2627.34,22.45,1
65,over_trader,37.8,1.48,1.02,1,1,-1511.02,24.79,1
65,over_trader,13.1,1.38,0.93,0,2,-1773.97,27.53,1
65,over_trader,2.9,1.44,1.05,0,0,2050.75,24.36,1
65,over_trader,362.6,1.56,1.08,0,1,-1348.81,26.45,0
65,over_trader,33.5,1.12,0.72,1,2,-1683.53,29.05,1
65,over_trader,12.8,1.77,1.58,1,3,-926.93,30.48,1
65,over_trader,6.4,1.67,0.94,0,4,-2065.27,33.67,1
65,over_trader,67.8,1.58,0.94,1,0,2371.96,30.01,0
65,over_trader,16.3,1.11,0.7,0,0,1683.91,27.4,1
65,over_trader,151.4,1.94,1.76,1,1,-996.0,28.94,1
65,over_trader,110.6,1.65,0.85,1,2,-2252.29,32.42,0
65,over_trader,28.0,2.04,1.24,1,0,1924.87,29.45,1
65,over_trader,11.5,1.94,0.95,1,1,-1651.74,32.0,1
65,over_trader,37.5,1.95,1.01,0,0,2067.33,28.81,1
65,over_trader,17.9,1.93,0.99,1,0,2194.21,25.42,1
65,over_trader,190.0,1.3,0.68,0,0,2458.43,21.62,0
65,over_trader,164.8,1.74,1.34,0,0,1786.22,18.85,0
65,over_trader,10.4,1.38,0.79,0,1,-1638.35,21.39,1
65,over_trader,38.7,1.74,1.26,1,2,-1401.31,23.55,1
65,over_trader,73.7,1.51,0.86,1,3,-1652.06,26.11,0
65,over_trader,55.8,1.49,0.99,1,0,1806.74,23.31,0
65,over_trader,119.7,2.03,1.36,0,1,-1561.7,25.73,1
65,over_trader,453.3,1.38,0.68,1,2,-1960.56,28.76,0
65,over_trader,88.3,2.14,1.55,1,3,-1589.4,31.21,1
65,over_trader,25.1,1.28,0.6,0,0,2278.68,27.69,1
65,over_trader,46.9,1.6,1.25,1,1,-1051.42,29.32,0
65,over_trader,39.7,1.32,0.82,0,0,2025.88,26.19,1
65,over_trader,161.0,1.21,0.91,1,1,-1556.54,28.59,0
65,over_trader,167.1,1.55,1.29,1,0,1605.95,26.11,0
65,over_trader,26.8,1.25,0.81,0,0,1996.86,23.02,1
65,over_trader,6.7,1.74,1.39,1,1,-1216.47,24.9,1
65,over_trader,178.8,1.6,0.92,1,0,2465.53,21.09,0
65,over_trader,84.3,1.36,0.85,1,0,1924.92,18.12,0
65,over_trader,84.3,1.11,0.82,1,1,-1629.2,20.64,0
65,over_trader,29.8,1.8,1.62,0,0,1467.28,18.37,1
65,over_trader,41.0,1.93,1.07,1,0,1870.3,15.48,1
65,over_trader,11.7,2.01,1.04,0,0,2523.82,11.58,1
65,over_trader,66.5,2.14,1.06,1,0,2232.35,8.13,0
65,over_trader,23.2,1.67,0.78,0,1,-2388.73,11.82,1
65,over_trader,2.9,1.64,0.98,0,0,1997.15,8.73,0
65,over_trader,18.9,1.69,1.03,1,0,1726.64,6.06,0
65,over_trader,122.7,1.11,0.66,1,0,2106.16,2.81,0
65,over_trader,111.1,1.85,1.66,0,0,1198.23,0.96,0
65,over_trader,54.2,2.08,1.13,1,1,-1561.18,3.37,0
65,over_trader,13.7,1.21,0.58,1,2,-1714.87,6.02,1
65,over_trader,197.6,2.06,1.7,0,0,1432.7,3.8,0
65,over_trader,170.7,1.47,0.71,0,1,-2067.76,7.0,0
65,over_trader,37.9,1.44,0.98,1,0,1744.04,4.31,0
65,over_trader,402.0,1.65,1.14,1,0,1867.02,1.42,0
65,over_trader,67.6,1.94,1.18,1,0,1681.44,0.0,0
65,over_trader,213.2,2.1,1.09,1,0,2497.66,0.0,0
65,over_trader,87.2,1.81,0.86,1,0,2261.17,0.0,0
65,over_trader,47.2,1.39,0.77,1,0,2360.14,0.0,0
66,over_trader,21.4,0.97,0.97,1,0,0.0,0.0,0
66,over_trader,228.7,0.82,0.84,0,1,-976.28,1.95,0
66,over_trader,703.6,1.16,1.41,0,2,-667.54,3.29,0
66,over_trader,137.0,0.93,0.8,0,3,-942.12,5.17,0
66,over_trader,53.6,1.14,1.23,1,0,1283.69,2.6,0
66,over_trader,924.2,0.89,0.78,0,0,1393.5,0.0,0
66,over_trader,257.7,0.9,1.01,0,1,-792.23,1.58,0
66,over_trader,1707.4,1.02,1.14,1,0,1029.66,0.0,0
66,over_trader,602.7,0.95,0.93,0,1,-852.24,1.69,0
66,over_trader,164.1,1.11,1.16,0,0,1129.71,0.0,0
66,over_trader,18.3,1.0,0.9,0,0,1638.51,0.0,0
66,over_trader,84.3,0.88,0.89,1,1,-918.92,1.76,0
66,over_trader,256.8,0.91,1.03,0,0,980.88,0.0,0
66,over_trader,251.3,0.96,1.05,1,1,-980.57,1.87,0
66,over_trader,1354.5,1.01,1.05,0,0,1275.28,0.0,0
66,over_trader,13.0,1.19,1.18,0,0,1258.6,0.0,0
66,over_trader,347.3,1.19,1.0,1,1,-998.3,1.85,0
66,over_trader,679.0,0.89,0.75,0,2,-1150.29,3.99,0
66,over_trader,427.9,1.13,1.27,0,0,969.97,2.19,0
66,over_trader,1030.3,0.94,0.84,0,0,1145.67,0.06,0
66,over_trader,635.1,1.07,1.13,0,1,-860.41,1.66,0
66,over_trader,48.3,0.96,0.9,0,0,1409.8,0.0,0
66,over_trader,1182.6,0.8,0.84,0,0,1074.45,0.0,0
66,over_trader,176.1,0.81,1.0,1,0,837.28,0.0,0
66,over_trader,101.4,1.01,1.26,0,0,959.33,0.0,0
66,over_trader,496.1,1.13,1.12,0,1,-865.41,1.51,0
66,over_trader,464.0,1.13,1.0,0,2,-1061.19,3.37,0
66,over_trader,147.5,0.84,0.74,0,0,1180.79,1.3,0
66,over_trader,246.4,1.2,1.43,0,0,839.58,0.0,0
66,over_trader,47.1,0.82,0.69,1,1,-1296.84,2.26,0
66,over_trader,543.5,1.12,1.36,0,2,-746.35,3.56,0
66,over_trader,77.2,1.8,1.6,1,0,1508.91,0.93,0
66,over_trader,145.8,1.88,1.05,0,0,1979.64,0.0,0
66,over_trader,60.3,1.11,0.59,0,1,-2018.87,3.43,0
66,over_trader,151.4,1.14,1.03,0,0,1626.56,0.67,0
66,over_trader,454.3,1.14,1.0,0,1,-1093.52,2.53,0
66,over_trader,51.3,1.08,0.95,1,2,-1283.88,4.71,1
66,over_trader,78.2,0.93,0.86,0,3,-1181.53,6.72,0
66,over_trader,370.0,0.9,0.97,0,4,-811.59,8.1,0
66,over_trader,82.5,0.81,0.91,1,5,-891.01,9.62,0
66,over_trader,367.6,0.9,1.11,1,0,1016.33,7.89,0
66,over_trader,132.3,1.12,1.24,0,1,-985.18,9.56,0
66,over_trader,1511.2,0.97,0.86,1,2,-915.99,11.12,0
66,over_trader,129.1,0.84,0.87,0,3,-982.25,12.79,0
66,over_trader,132.6,0.93,1.1,0,4,-973.26,14.45,0
66,over_trader,100.2,0.84,0.91,1,0,998.49,12.75,0
66,over_trader,487.6,0.98,1.17,0,1,-825.38,14.15,0
66,over_trader,11.4,0.91,0.93,0,2,-1170.81,16.15,1
66,over_trader,227.3,1.08,1.19,1,3,-1056.21,17.94,0
66,over_trader,255.4,1.12,1.03,0,4,-1216.29,20.01,0
66,over_trader,555.7,1.06,0.95,0,0,1640.78,17.22,0
66,over_trader,29.4,0.92,0.87,0,1,-1238.9,19.33,1
66,over_trader,582.9,0.91,0.99,0,0,950.61,17.71,1
66,over_trader,132.7,1.15,1.26,0,0,1119.87,15.81,0
66,over_trader,458.7,1.15,1.0,1,1,-970.92,17.46,0
66,over_trader,997.2,1.15,1.0,0,0,1303.94,15.24,0
66,over_trader,550.3,0.92,0.8,0,1,-997.73,16.94,0
66,over_trader,52.4,0.83,0.9,1,0,1024.5,15.19,0
66,over_trader,65.2,1.05,1.27,0,1,-954.74,16.82,0
66,over_trader,540.3,1.17,1.11,0,2,-883.78,18.32,0
66,over_trader,1059.0,1.51,1.29,0,3,-1195.16,20.35,0
66,over_trader,10.4,1.59,1.05,1,4,-1411.41,22.76,0
66,over_trader,24.5,1.33,0.84,0,0,2334.61,18.78,1
66,over_trader,147.3,1.73,1.3,1,0,1948.35,15.47,0
66,over_trader,4.5,1.79,1.04,1,0,2561.5,11.11,1
66,over_trader,68.6,1.82,1.02,0,1,-2043.22,14.59,1
66,over_trader,6.7,1.15,0.63,1,2,-1919.08,17.85,1
66,over_trader,8.0,2.07,1.81,1,0,1262.24,15.71,1
66,over_trader,1.9,1.25,0.61,1,0,3104.49,10.42,1
66,over_trader,4.7,1.8,1.43,1,0,1623.44,7.66,0
66,over_trader,29.3,2.06,1.15,1,1,-1873.41,10.85,1
66,over_trader,28.7,1.9,0.92,1,2,-2086.2,14.4,1
66,over_trader,98.3,1.7,0.89,1,3,-1625.22,17.16,0
66,over_trader,82.1,1.48,0.87,0,4,-2004.26,20.57,0
66,over_trader,11.0,1.78,1.2,1,0,1574.57,17.89,1
66,over_trader,339.4,2.19,1.23,1,0,2317.33,13.95,1
66,over_trader,49.4,1.4,0.64,1,1,-1971.38,17.31,0
66,over_trader,23.3,1.45,1.03,1,2,-1605.31,20.04,1
66,over_trader,56.3,1.68,1.16,1,3,-1414.91,22.44,0
66,over_trader,10.7,1.56,0.93,1,4,-1567.63,25.11,1
66,over_trader,179.1,1.18,0.76,1,5,-1805.67,28.18,0
66,over_trader,234.6,1.15,0.98,1,6,-1305.64,30.4,0
66,over_trader,19.3,1.51,1.32,1,0,1654.47,27.59,1
66,over_trader,41.4,1.18,0.78,1,0,2033.71,24.13,1
66,over_trader,54.9,2.0,1.7,1,1,-1279.87,26.31,1
66,over_trader,41.0,1.72,0.86,1,0,2235.39,22.5,1
66,over_trader,14.6,1.55,0.91,1,1,-1817.21,25.59,1
66,over_trader,6.2,1.38,0.89,1,0,2170.0,21.9,1
66,over_trader,40.1,1.88,1.36,1,1,-1216.82,23.97,1
66,over_trader,5.6,1.25,0.66,1,2,-2087.56,27.52,1
66,over_trader,21.2,1.84,1.47,1,3,-1144.69,29.47,1
66,over_trader,23.6,1.15,0.63,1,4,-1855.75,32.63,1
66,over_trader,78.9,2.01,1.75,1,5,-1305.84,34.85,1
66,over_trader,15.4,1.57,0.78,1,6,-1628.3,37.62,1
66,over_trader,26.6,1.92,1.22,0,0,1601.33,34.9,1
66,over_trader,92.5,1.52,0.79,1,0,2219.5,31.12,0
66,over_trader,57.0,2.0,1.32,0,0,1950.4,27.8,1
66,over_trader,61.1,1.98,0.99,1,1,-1878.7,31.0,1
66,over_trader,1.9,1.89,0.95,1,2,-1790.71,34.04,1
66,over_trader,46.0,1.5,0.8,0,3,-2093.03,37.6,0
66,over_trader,4.9,1.1,0.73,1,4,-1694.64,40.49,1
66,over_trader,5.9,1.57,1.42,1,5,-1267.29,42.64,1
66,over_trader,209.3,1.63,1.04,1,6,-1481.25,45.16,0
66,over_trader,18.7,1.11,0.68,0,0,2041.94,41.69,1
66,over_trader,64.0,1.27,1.14,1,1,-1237.37,43.79,0
66,over_trader,13.9,2.18,1.72,0,2,-1145.79,45.74,1
66,over_trader,836.3,1.43,0.66,1,3,-2390.69,49.81,0
66,over_trader,28.1,1.22,0.85,0,4,-1570.69,52.48,1
66,over_trader,14.6,1.51,1.24,0,0,1588.03,49.78,1
66,over_trader,117.2,2.04,1.35,0,0,2128.6,46.16,1
66,over_trader,124.5,1.13,0.56,0,1,-1841.86,49.29,0
66,over_trader,13.3,1.57,1.39,0,2,-982.94,50.96,1
66,over_trader,60.6,1.98,1.26,0,0,2163.98,47.28,1
66,over_trader,12.1,2.14,1.08,1,1,-2364.55,51.31,1
66,over_trader,38.6,1.48,0.69,0,2,-2060.27,54.81,1
66,over_trader,66.3,1.68,1.14,1,3,-1185.21,56.83,0
66,over_trader,253.8,1.83,1.09,1,4,-1719.89,59.75,1
66,over_trader,21.3,1.44,0.79,1,5,-1677.91,62.61,1
66,over_trader,50.7,1.41,0.98,1,0,1565.19,59.94,0
66,over_trader,185.4,1.36,0.96,1,1,-1439.91,62.39,0
66,over_trader,61.1,2.07,1.53,1,0,1576.28,59.71,1
66,over_trader,299.5,1.22,0.59,0,1,-2387.52,63.77,0
66,over_trader,124.6,1.12,0.91,1,2,-1408.23,66.17,0
66,over_trader,1.4,1.51,1.35,1,0,1228.48,64.08,1
66,over_trader,9.2,2.01,1.33,1,1,-1453.93,66.55,1
66,over_trader,348.0,1.7,0.85,0,0,2865.73,61.68,0
66,over_trader,2.7,1.96,1.15,1,0,1722.44,58.75,1
66,over_trader,16.6,1.55,0.79,0,1,-2289.92,62.64,1
66,over_trader,73.0,1.83,1.18,1,0,1776.35,59.62,1
66,over_trader,9.1,1.58,0.86,0,0,1904.19,56.38,1
66,over_trader,23.3,2.14,1.36,0,1,-1331.84,58.65,1
66,over_trader,29.4,1.31,0.61,1,2,-2229.71,62.44,1
66,over_trader,93.7,1.4,1.06,1,3,-1058.65,64.24,0
66,over_trader,18.5,1.35,0.97,1,0,1403.07,61.85,1
66,over_trader,68.6,2.01,1.48,0,0,2027.88,58.41,1
66,over_trader,472.5,1.16,0.58,1,0,2124.62,54.79,0
66,over_trader,6.8,1.67,1.44,0,0,1506.35,52.23,1
66,over_trader,146.1,1.58,0.94,1,0,2392.36,48.16,0
66,over_trader,394.9,1.4,0.89,0,0,1693.61,45.28,0
66,over_trader,8.6,1.86,1.33,0,0,1643.37,42.48,0
66,over_trader,2.1,1.66,0.89,1,1,-1506.95,45.05,1
66,over_trader,67.5,1.66,1.0,0,2,-1495.55,47.59,0
66,over_trader,75.0,2.17,1.31,1,0,2019.47,44.15,1
66,over_trader,173.3,2.03,0.93,1,0,3190.47,38.73,1
66,over_trader,9.4,1.16,0.57,1,1,-1823.71,41.83,1
66,over_trader,32.3,2.14,1.85,1,2,-1372.54,44.16,1
66,over_trader,43.4,2.02,0.94,1,0,2500.09,39.91,1
66,over_trader,118.5,1.62,0.8,0,1,-2305.89,43.83,0
66,over_trader,86.7,1.95,1.21,0,0,1702.07,40.94,1
66,over_trader,85.3,1.27,0.65,1,0,1988.84,37.56,0
67,over_trader,359.6,0.89,0.89,1,0,0.0,0.0,0
67,over_trader,346.6,0.89,1.0,0,0,1257.3,0.0,0
67,over_trader,159.5,1.66,1.86,0,0,1113.77,0.0,0
67,over_trader,293.9,0.92,0.55,0,1,-1349.35,2.58,0
67,over_trader,424.0,0.95,1.03,0,2,-1009.77,4.5,1
67,over_trader,342.4,0.92,0.97,0,0,1153.8,2.3,0
67,over_trader,433.2,1.11,1.21,0,0,1172.05,0.06,0
67,over_trader,395.9,0.88,0.8,0,0,1406.33,0.0,0
67,over_trader,390.3,1.18,1.33,1,1,-1050.34,1.95,0
67,over_trader,463.1,0.84,0.72,0,0,1330.99,0.0,0
67,over_trader,931.3,1.57,1.86,0,0,1123.17,0.0,0
67,over_trader,158.9,0.91,0.58,0,0,1843.54,0.0,0
67,over_trader,260.0,0.94,1.03,0,0,953.17,0.0,0
67,over_trader,842.3,1.16,1.23,0,0,1063.31,0.0,0
67,over_trader,150.6,1.02,0.88,0,1,-1030.39,1.75,0
67,over_trader,366.8,0.98,0.96,0,2,-937.99,3.34,0
67,over_trader,290.7,1.11,1.13,0,3,-818.76,4.72,0
67,over_trader,712.6,0.87,0.79,1,0,1191.69,2.7,0
67,over_trader,166.3,1.11,1.27,0,0,1121.43,0.8,0
67,over_trader,400.5,1.11,1.0,0,0,1372.85,0.0,0
67,over_trader,780.2,0.9,0.81,0,1,-1033.2,1.72,0
67,over_trader,562.9,0.95,1.06,0,0,1212.78,0.0,0
67,over_trader,277.6,0.92,0.97,0,1,-1044.51,1.74,0
67,over_trader,590.4,0.98,1.07,0,2,-961.64,3.34,0
67,over_trader,245.5,1.04,1.06,1,3,-876.36,4.8,0
67,over_trader,199.3,1.11,1.07,0,4,-884.42,6.27,0
67,over_trader,208.6,0.85,0.77,0,5,-1218.61,8.3,0
67,over_trader,94.3,0.8,0.94,1,0,1112.68,6.45,0
67,over_trader,886.9,0.82,1.02,0,1,-690.2,7.59,0
67,over_trader,577.9,1.82,2.22,0,0,934.08,6.04,0
67,over_trader,130.6,1.01,0.55,0,1,-1741.48,8.94,0
67,over_trader,311.6,1.16,1.16,0,2,-984.26,10.58,0
67,over_trader,484.4,1.15,0.99,1,0,1625.15,7.87,0
67,over_trader,232.4,1.08,0.94,1,0,1536.54,5.31,0
67,over_trader,32.2,0.88,0.81,0,1,-866.82,6.76,0
67,over_trader,648.8,1.04,1.19,0,2,-866.87,8.2,0
67,over_trader,38.0,0.84,0.8,0,3,-1132.32,10.08,1
67,over_trader,206.8,0.85,1.02,1,0,926.94,8.54,0
67,over_trader,28.9,1.86,2.19,0,1,-928.05,10.09,1
67,over_trader,202.8,1.12,0.6,0,0,2587.45,5.78,0
67,over_trader,39.7,0.97,0.87,1,0,1628.85,3.07,0
67,over_trader,343.2,0.87,0.89,0,1,-1054.0,4.82,0
67,over_trader,704.0,1.19,1.37,1,2,-1005.28,6.5,0
67,over_trader,202.7,1.01,0.85,0,3,-960.99,8.1,0
67,over_trader,409.8,0.81,0.8,1,0,1187.83,6.12,0
67,over_trader,439.1,1.09,1.35,0,0,849.36,4.7,0
67,over_trader,32.5,0.83,0.76,1,0,1219.83,2.67,0
67,over_trader,43.6,1.04,1.26,0,0,948.44,1.1,0
67,over_trader,1321.1,1.09,1.05,0,0,1119.18,0.0,0
67,over_trader,373.8,1.1,1.0,0,1,-1159.08,1.91,0
67,over_trader,600.4,0.99,0.9,0,0,1399.38,0.0,0
67,over_trader,303.0,0.96,0.98,0,0,1241.47,0.0,0
67,over_trader,23.6,1.03,1.07,1,1,-869.67,1.4,0
67,over_trader,498.3,1.99,1.93,0,2,-1151.74,3.26,1
67,over_trader,1374.4,0.9,0.45,0,0,2286.26,0.0,0
67,over_trader,60.5,0.91,1.02,0,0,1340.69,0.0,0
67,over_trader,253.2,1.05,1.14,1,1,-1068.01,1.68,0
67,over_trader,311.2,1.04,1.0,0,2,-1227.11,3.61,0
67,over_trader,206.5,1.11,1.06,0,0,1470.47,1.3,0
67,over_trader,166.0,0.82,0.74,0,1,-1308.2,3.35,0
67,over_trader,1622.9,0.84,1.02,0,0,1216.1,1.44,0
67,over_trader,9.6,1.13,1.34,1,0,1212.01,0.0,0
67,over_trader,385.1,1.25,1.11,1,1,-1302.15,2.04,0
67,over_trader,213.0,1.69,1.35,1,0,1875.17,0.0,0
67,over_trader,87.4,1.97,1.17,0,1,-1638.85,2.54,0
67,over_trader,420.3,1.34,0.68,1,0,2353.44,0.0,0
67,over_trader,13.9,1.29,0.96,0,1,-1381.52,2.12,0
67,over_trader,0.1,1.85,1.44,0,0,1417.58,0.0,0
67,over_trader,66.2,1.77,0.96,1,1,-2144.02,3.29,0
67,over_trader,276.7,1.2,0.68,0,2,-1673.83,5.85,0
67,over_trader,190.8,1.38,1.14,0,0,1723.01,3.21,0
67,over_trader,48.2,2.08,1.51,1,1,-1246.03,5.12,0
67,over_trader,11.3,1.74,0.84,1,0,2089.44,1.92,0
67,over_trader,8.3,1.2,0.69,0,0,2163.16,0.0,0
67,over_trader,9.5,1.9,1.58,0,1,-1184.0,1.79,0
67,over_trader,129.7,1.12,0.59,1,2,-2180.91,5.09,0
67,over_trader,13.7,1.74,1.55,1,0,1507.42,2.81,1
67,over_trader,0.0,1.23,0.71,1,1,-1732.35,5.43,0
67,over_trader,110.5,2.02,1.64,1,2,-1097.49,7.08,1
67,over_trader,151.1,1.41,0.7,1,3,-2166.75,10.36,0
67,over_trader,2.8,2.08,1.48,0,0,2067.7,7.23,0
67,over_trader,53.4,2.13,1.02,1,1,-1910.6,10.12,1
67,over_trader,11.1,1.2,0.56,0,2,-2062.75,13.24,1
67,over_trader,84.6,2.15,1.8,1,3,-1408.26,15.37,1
67,over_trader,74.1,1.35,0.63,1,4,-1829.54,18.13,0
67,over_trader,53.3,1.64,1.22,0,0,1628.52,15.67,0
67,over_trader,4.0,1.83,1.12,1,1,-1622.42,18.12,1
67,over_trader,25.0,2.11,1.15,0,2,-1669.28,20.65,1
67,over_trader,19.5,1.19,0.56,1,0,2599.23,16.72,1
67,over_trader,54.3,1.21,1.01,1,1,-1148.43,18.45,0
67,over_trader,1.5,1.45,1.2,1,0,1428.35,16.3,1
67,over_trader,8.2,1.51,1.04,0,1,-1665.06,18.81,1
67,over_trader,9.1,1.66,1.1,1,2,-1709.89,21.4,1
67,over_trader,14.5,1.6,0.96,1,3,-1424.53,23.55,1
67,over_trader,40.7,1.56,0.97,0,4,-1473.68,25.78,1
67,over_trader,40.8,1.11,0.71,1,0,2233.05,22.4,1
67,over_trader,22.0,1.26,1.14,0,1,-1156.31,24.15,1
67,over_trader,57.1,1.77,1.4,1,2,-1358.23,26.2,0
67,over_trader,106.8,1.19,0.67,1,0,2468.82,22.47,0
67,over_trader,127.8,1.39,1.17,0,0,1465.16,20.26,0
67,over_trader,23.6,2.0,1.43,1,0,1691.67,17.7,1
67,over_trader,1.0,1.55,0.78,0,1,-2140.54,20.93,1
67,over_trader,37.7,1.2,0.77,1,0,1986.07,17.93,1
67,over_trader,127.7,2.05,1.71,0,1,-1046.06,19.51,1
67,over_trader,66.8,1.42,0.69,1,2,-1793.11,22.22,0
67,over_trader,33.9,1.24,0.88,1,0,1575.52,19.84,1
67,over_trader,173.3,1.89,1.52,0,1,-996.7,21.35,1
67,over_trader,25.5,1.53,0.81,0,2,-2175.31,24.64,1
67,over_trader,34.1,2.06,1.34,1,3,-1245.45,26.52,0
67,over_trader,9.5,1.34,0.65,0,0,2595.41,22.6,1
67,over_trader,22.8,1.95,1.45,1,1,-1477.36,24.83,1
67,over_trader,6.3,1.5,0.77,0,2,-2146.59,28.07,1
67,over_trader,139.9,1.4,0.93,1,0,1946.82,25.13,0
67,over_trader,77.6,1.41,1.01,1,1,-1378.11,27.21,0
67,over_trader,3.5,1.78,1.26,0,2,-1544.38,29.55,1
67,over_trader,38.4,1.64,0.92,1,3,-1578.4,31.93,1
67,over_trader,24.0,1.79,1.09,0,0,2285.09,28.48,1
67,over_trader,10.0,1.12,0.62,0,0,2668.84,24.45,1
67,over_trader,1.6,1.56,1.4,1,1,-1293.21,26.4,1
67,over_trader,0.8,1.27,0.81,0,0,1616.63,23.96,1
67,over_trader,20.4,2.14,1.69,1,1,-1501.02,26.23,1
67,over_trader,59.0,1.57,0.73,1,2,-2204.8,29.56,0
67,over_trader,10.7,2.11,1.35,0,0,2035.57,26.48,1
67,over_trader,29.0,1.94,0.92,0,0,2814.21,22.23,1
67,over_trader,2.9,1.86,0.96,1,0,2591.35,18.31,1
67,over_trader,76.4,1.69,0.91,1,1,-2203.58,21.64,0
67,over_trader,326.6,1.97,1.17,1,0,2257.35,18.23,1
67,over_trader,30.3,1.64,0.83,1,1,-2029.6,21.3,1
67,over_trader,63.5,1.22,0.74,0,0,2115.06,18.1,0
67,over_trader,9.9,1.54,1.27,1,0,1416.98,15.96,1
67,over_trader,10.7,1.87,1.21,1,1,-1662.04,18.47,1
67,over_trader,32.0,1.21,0.65,1,2,-1873.1,21.3,0
67,over_trader,37.3,1.75,1.45,1,3,-1116.52,22.99,1
67,over_trader,32.2,1.47,0.84,0,0,2413.78,19.34,1
67,over_trader,1.8,1.5,1.02,1,1,-1343.39,21.37,1
67,over_trader,41.3,1.65,1.1,0,2,-1572.93,23.75,1
67,over_trader,480.9,1.99,1.2,1,0,1896.42,20.88,1
67,over_trader,60.1,2.01,1.01,0,1,-1790.67,23.59,1
67,over_trader,229.8,1.14,0.57,1,0,2142.59,20.35,0
67,over_trader,79.6,1.76,1.55,0,0,1330.96,18.34,0
67,over_trader,42.5,1.89,1.07,1,0,1819.72,15.59,1
67,over_trader,13.6,1.23,0.65,0,1,-1577.0,17.97,1
67,over_trader,9.0,1.57,1.27,1,2,-1313.09,19.96,1
67,over_trader,99.1,1.59,1.01,0,0,2329.25,16.44,0
67,over_trader,0.3,1.27,0.8,1,1,-1408.82,18.57,1
67,over_trader,32.7,1.54,1.21,0,0,1752.82,15.92,1
67,over_trader,8.7,2.03,1.32,1,1,-1286.72,17.86,1
67,over_trader,88.8,1.3,0.64,1,0,2246.41,14.47,0
67,over_trader,21.0,1.21,0.93,1,0,1844.2,11.68,1
67,over_trader,2.0,1.19,0.98,1,1,-1005.73,13.2,1
68,over_trader,879.2,1.59,1.59,0,0,0.0,0.0,0
68,over_trader,190.9,0.9,0.57,0,0,1870.7,0.0,0
68,over_trader,232.2,1.19,1.33,0,0,966.52,0.0,0
68,over_trader,1389.7,1.06,0.89,0,0,1437.67,0.0,0
68,over_trader,150.4,1.04,0.99,0,0,1524.98,0.0,0
68,over_trader,363.6,0.91,0.87,0,0,1106.41,0.0,0
68,over_trader,587.6,1.12,1.24,0,1,-929.85,1.63,0
68,over_trader,299.9,1.13,1.0,0,0,1287.03,0.0,0
68,over_trader,387.1,1.15,1.02,1,1,-1223.36,2.14,0
68,over_trader,352.6,0.96,0.83,1,0,1362.14,0.0,0
68,over_trader,606.2,1.94,2.02,0,0,986.35,0.0,0
68,over_trader,779.3,1.03,0.53,0,0,1993.48,0.0,0
68,over_trader,16.3,1.11,1.08,1,0,1486.57,0.0,0
68,over_trader,484.8,0.85,0.77,0,0,1114.46,0.0,0
68,over_trader,93.4,1.05,1.23,0,1,-951.92,1.51,0
68,over_trader,617.8,0.9,0.86,0,2,-983.95,3.07,0
68,over_trader,80.1,0.94,1.05,0,3,-864.18,4.45,0
68,over_trader,814.9,1.12,1.18,0,0,1056.29,2.77,0
68,over_trader,613.1,0.92,0.83,0,0,1425.86,0.5,0
68,over_trader,487.0,0.87,0.94,0,1,-870.04,1.89,0
68,over_trader,407.2,1.03,1.19,0,0,1118.76,0.11,0
68,over_trader,51.2,0.94,0.91,1,1,-1210.8,2.03,0
68,over_trader,765.6,1.12,1.2,0,0,977.52,0.48,0
68,over_trader,105.1,1.12,1.0,0,0,1546.02,0.0,0
68,over_trader,170.3,1.93,1.72,1,1,-1055.86,1.64,0
68,over_trader,22.3,1.01,0.52,1,2,-2046.25,4.83,1
68,over_trader,443.1,1.1,1.09,0,3,-1094.99,6.53,0
68,over_trader,676.3,1.16,1.06,0,4,-1210.6,8.42,0
68,over_trader,0.5,1.77,1.52,1,5,-1394.2,10.59,1
68,over_trader,205.8,1.13,0.64,1,0,1774.18,7.83,0
68,over_trader,647.4,1.03,0.91,0,0,1169.04,6.01,0
68,over_trader,590.7,1.08,1.04,0,0,1493.91,3.68,0
68,over_trader,362.7,0.83,0.77,0,1,-981.29,5.21,0
68,over_trader,694.1,0.89,1.08,0,2,-734.95,6.35,0
68,over_trader,129.4,1.15,1.29,0,3,-939.07,7.82,0
68,over_trader,1071.9,0.82,0.71,1,0,1434.31,5.58,0
68,over_trader,164.2,1.01,1.23,1,0,1222.89,3.68,0
68,over_trader,150.2,0.98,0.97,0,1,-1022.46,5.27,0
68,over_trader,37.9,0.87,0.89,0,2,-955.2,6.76,1
68,over_trader,1097.4,0.87,1.0,0,0,914.43,5.33,0
68,over_trader,33.5,0.84,0.97,0,1,-718.23,6.45,0
68,over_trader,1.5,0.92,1.09,0,2,-987.96,7.99,1
68,over_trader,340.0,0.86,0.94,0,0,932.67,6.54,0
68,over_trader,601.2,0.98,1.13,1,1,-955.33,8.03,0
68,over_trader,649.4,0.85,0.87,0,0,1275.86,6.04,0
68,over_trader,173.0,0.88,1.03,0,0,1025.23,4.44,0
68,over_trader,530.8,1.03,1.18,0,0,1197.2,2.58,0
68,over_trader,321.4,1.09,1.06,0,0,1411.13,0.38,0
68,over_trader,32.9,1.01,0.93,0,0,1104.15,0.0,0
68,over_trader,331.8,1.15,1.14,0,0,1082.87,0.0,0
68,over_trader,9.6,1.0,0.87,0,0,1317.33,0.0,0
68,over_trader,408.9,0.93,0.93,0,1,-1097.49,1.63,0
68,over_trader,39.1,1.52,1.64,1,0,1288.5,0.0,0
68,over_trader,83.5,1.07,0.71,0,0,1963.68,0.0,0
68,over_trader,398.2,0.95,0.89,1,0,1447.37,0.0,0
68,over_trader,69.6,1.88,1.98,0,0,1295.9,0.0,0
68,over_trader,642.1,0.89,0.48,0,0,2127.91,0.0,0
68,over_trader,13.6,1.18,1.32,0,0,1149.78,0.0,0
68,over_trader,679.0,0.96,0.81,0,0,1502.35,0.0,0
68,over_trader,45.7,0.91,0.95,0,0,1043.58,0.0,0
68,over_trader,463.2,1.19,1.31,0,0,1328.6,0.0,0
68,over_trader,7.4,2.07,1.75,0,1,-1195.96,1.5,0
68,over_trader,157.1,2.07,1.0,1,0,2233.65,0.0,0
68,over_trader,168.3,1.64,0.79,1,0,2268.06,0.0,0
68,over_trader,413.2,2.18,1.33,0,1,-1504.76,1.82,0
68,over_trader,88.9,1.34,0.62,0,0,3224.88,0.0,0
68,over_trader,456.4,1.93,1.44,1,0,1709.45,0.0,0
68,over_trader,147.1,1.59,0.82,1,0,2827.43,0.0,0
68,over_trader,16.4,2.17,1.37,1,1,-1702.75,1.91,0
68,over_trader,17.3,2.08,0.96,1,2,-2318.36,4.51,1
68,over_trader,6.3,1.25,0.6,0,3,-1757.53,6.49,1
68,over_trader,5.6,2.12,1.7,1,0,1772.96,4.5,0
68,over_trader,8.8,1.38,0.65,0,0,2735.55,1.43,0
68,over_trader,4.4,1.1,0.8,1,0,1623.66,0.0,0
68,over_trader,59.9,1.49,1.35,1,1,-1172.46,1.31,0
68,over_trader,2.9,1.73,1.16,0,2,-1413.0,2.89,1
68,over_trader,8.9,1.2,0.7,1,3,-1565.88,4.64,1
68,over_trader,120.4,1.41,1.17,1,4,-1103.47,5.87,0
68,over_trader,22.3,1.27,0.9,1,5,-1282.3,7.31,0
68,over_trader,73.2,1.95,1.54,0,0,1516.82,5.61,0
68,over_trader,102.9,1.68,0.86,1,1,-2336.83,8.22,0
68,over_trader,4.6,1.7,1.02,0,0,2145.2,5.83,0
68,over_trader,1.8,1.62,0.95,0,1,-1426.48,7.42,0
68,over_trader,92.7,1.53,0.94,1,0,2199.13,4.96,0
68,over_trader,6.0,1.21,0.79,1,0,1617.35,3.15,0
68,over_trader,66.9,1.76,1.45,0,0,1276.77,1.73,0
68,over_trader,91.7,1.64,0.93,1,1,-1471.04,3.37,0
68,over_trader,51.0,1.55,0.95,1,0,1672.38,1.5,0
68,over_trader,6.2,2.0,1.29,1,0,1875.54,0.0,0
68,over_trader,91.6,1.98,0.99,1,1,-1635.7,1.82,0
68,over_trader,181.3,1.73,0.87,1,0,2672.5,0.0,0
68,over_trader,253.8,1.69,0.98,1,0,2306.68,0.0,0
68,over_trader,9.8,1.48,0.87,1,0,2314.26,0.0,0
68,over_trader,88.1,1.99,1.34,1,0,1516.43,0.0,0
68,over_trader,70.6,1.15,0.58,1,0,2412.63,0.0,0
68,over_trader,138.1,2.07,1.8,0,0,1454.14,0.0,0
68,over_trader,16.7,2.05,0.99,1,0,2350.69,0.0,0
68,over_trader,23.8,1.18,0.57,1,1,-2277.28,2.2,0
68,over_trader,15.4,1.5,1.28,0,0,1379.83,0.87,0
68,over_trader,110.4,2.15,1.43,1,0,1507.93,0.0,0
68,over_trader,122.3,2.12,0.99,1,0,2455.2,0.0,0
68,over_trader,36.5,1.25,0.59,0,1,-2410.31,2.26,0
68,over_trader,7.3,1.94,1.55,1,2,-1197.27,3.39,1
68,over_trader,10.4,1.47,0.76,1,3,-1800.74,5.08,1
68,over_trader,34.1,1.67,1.14,1,4,-1558.21,6.54,1
68,over_trader,47.3,1.69,1.01,1,0,2012.1,4.65,0
68,over_trader,53.3,1.9,1.13,0,1,-1922.87,6.46,0
68,over_trader,12.3,1.11,0.58,0,2,-1860.78,8.21,1
68,over_trader,51.5,1.31,1.18,0,3,-1256.07,9.39,0
68,over_trader,31.2,1.73,1.32,0,0,1904.16,7.6,0
68,over_trader,80.6,1.71,0.99,0,0,2480.17,5.27,0
68,over_trader,101.4,1.16,0.68,0,1,-1392.5,6.58,0
68,over_trader,44.1,1.53,1.32,0,0,1207.06,5.44,0
68,over_trader,929.4,2.15,1.4,1,1,-1388.34,6.75,0
68,over_trader,7.0,1.21,0.56,0,0,2925.01,4.0,1
68,over_trader,44.3,1.35,1.12,1,0,1762.37,2.35,0
68,over_trader,14.5,1.26,0.93,0,1,-1154.11,3.43,0
68,over_trader,39.3,1.56,1.24,1,2,-1097.16,4.46,1
68,over_trader,12.1,1.34,0.86,1,3,-1474.44,5.85,1
68,over_trader,25.3,1.53,1.14,0,4,-1330.22,7.1,1
68,over_trader,573.7,1.33,0.87,1,5,-1728.44,8.72,0
68,over_trader,18.1,1.4,1.05,0,0,1419.1,7.39,0
68,over_trader,35.9,1.15,0.82,1,0,1593.85,5.89,0
68,over_trader,178.2,1.89,1.64,0,1,-938.47,6.77,0
68,over_trader,36.0,1.11,0.59,1,0,2432.42,4.48,0
68,over_trader,109.2,1.25,1.12,1,1,-1199.1,5.61,0
68,over_trader,112.8,1.43,1.14,1,0,1320.11,4.37,0
68,over_trader,76.0,1.76,1.24,1,0,2085.31,2.41,0
68,over_trader,276.6,1.47,0.83,0,1,-1503.58,3.82,0
68,over_trader,1.6,2.18,1.48,1,0,1960.37,1.98,0
68,over_trader,68.2,2.13,0.98,1,1,-1933.27,3.8,0
68,over_trader,41.9,1.67,0.78,1,0,2270.49,1.67,0
68,over_trader,17.0,1.46,0.88,1,1,-1579.14,3.15,0
68,over_trader,67.0,2.02,1.38,1,0,2034.81,1.24,0
68,over_trader,432.1,2.11,1.04,1,0,2485.28,0.0,0
68,over_trader,3.7,1.85,0.88,1,1,-2230.52,2.07,0
68,over_trader,3.2,1.56,0.84,0,2,-1562.28,3.52,1
68,over_trader,3.7,2.16,1.38,0,3,-1776.36,5.18,1
68,over_trader,11.9,1.85,0.86,1,0,2200.72,3.13,0
68,over_trader,2.8,1.93,1.04,1,1,-1946.2,4.94,0
68,over_trader,2.7,1.4,0.73,0,0,2044.88,3.04,0
68,over_trader,71.5,1.47,1.06,0,1,-1384.82,4.33,0
68,over_trader,58.9,1.37,0.93,0,0,1958.84,2.51,0
68,over_trader,106.3,1.45,1.06,1,0,1836.11,0.8,0
68,over_trader,26.2,2.2,1.52,0,1,-1383.92,2.08,0
68,over_trader,132.9,1.14,0.52,1,0,2346.65,0.0,0
68,over_trader,33.9,2.01,1.76,0,1,-1226.38,1.14,0
68,over_trader,42.5,1.16,0.58,1,0,2881.13,0.0,0
68,over_trader,205.6,1.14,0.98,1,0,1587.79,0.0,0
68,over_trader,36.1,1.26,1.1,1,1,-1201.95,1.08,0
69,over_trader,48.5,0.88,0.88,0,0,0.0,0.0,0
69,over_trader,491.3,0.91,1.03,1,1,-833.18,1.67,0
69,over_trader,40.3,0.83,0.91,1,2,-910.99,3.49,1
69,over_trader,1298.2,0.86,1.04,0,3,-819.53,5.13,0
69,over_trader,148.5,0.98,1.13,0,0,1043.92,3.04,0
69,over_trader,819.3,1.12,1.15,0,0,1426.57,0.19,0
69,over_trader,370.5,0.87,0.77,1,0,1439.49,0.0,0
69,over_trader,543.0,1.18,1.35,0,0,1038.33,0.0,0
69,over_trader,318.3,0.93,0.79,0,0,1303.17,0.0,0
69,over_trader,100.2,1.68,1.8,1,1,-1076.64,2.01,0
69,over_trader,190.3,1.04,0.62,1,2,-1742.55,5.25,0
69,over_trader,24.5,0.92,0.88,0,0,1356.19,2.73,0
69,over_trader,84.4,0.92,1.0,0,1,-1018.15,4.62,0
69,over_trader,673.6,1.17,1.27,1,0,1047.82,2.67,0
69,over_trader,1011.5,0.89,0.76,0,0,1569.71,0.0,0
69,over_trader,17.7,0.86,0.97,0,1,-730.17,1.36,0
69,over_trader,1158.1,0.84,0.98,0,0,1187.65,0.0,0
69,over_trader,348.0,0.94,1.12,0,1,-943.84,1.74,0
69,over_trader,648.1,1.05,1.11,0,2,-766.43,3.15,0
69,over_trader,746.0,0.91,0.86,0,0,1443.46,0.49,0
69,over_trader,498.3,0.99,1.09,0,0,979.87,0.0,0
69,over_trader,41.7,0.87,0.88,0,1,-871.11,1.58,0
69,over_trader,12.5,1.04,1.19,1,0,1141.61,0.0,0
69,over_trader,324.2,1.09,1.05,0,1,-837.24,1.51,0
69,over_trader,60.6,0.86,0.78,1,2,-1000.07,3.32,0
69,over_trader,170.6,0.94,1.1,0,0,1271.68,1.02,0
69,over_trader,689.0,1.08,1.15,0,0,1116.98,0.0,0
69,over_trader,692.8,0.84,0.77,0,1,-979.92,1.76,0
69,over_trader,382.2,1.0,1.19,0,2,-907.28,3.38,0
69,over_trader,726.4,0.88,0.88,0,3,-890.71,4.98,0
69,over_trader,205.5,0.96,1.1,0,4,-895.73,6.58,0
69,over_trader,336.2,0.83,0.86,1,0,1054.78,4.69,1
69,over_trader,122.6,0.88,1.06,0,0,931.85,3.02,0
69,over_trader,109.7,0.88,1.0,0,0,1280.58,0.73,0
69,over_trader,1527.9,0.81,0.92,1,1,-951.96,2.43,0
69,over_trader,667.9,0.86,1.06,0,0,867.49,0.88,0
69,over_trader,1424.1,1.13,1.32,0,0,1188.81,0.0,0
69,over_trader,13.5,1.16,1.02,0,0,1576.65,0.0,0
69,over_trader,891.3,1.15,0.99,0,0,1692.19,0.0,0
69,over_trader,364.4,0.93,0.81,0,0,1607.93,0.0,0
69,over_trader,37.9,1.19,1.28,0,1,-830.76,1.35,0
69,over_trader,334.9,0.99,0.83,0,0,1511.41,0.0,0
69,over_trader,1317.8,0.86,0.87,0,1,-864.33,1.39,0
69,over_trader,94.1,1.19,1.38,1,0,900.72,0.0,0
69,over_trader,172.2,0.87,0.73,0,1,-1150.86,1.85,0
69,over_trader,36.4,0.91,1.05,0,0,1213.7,0.0,0
69,over_trader,128.7,0.87,0.96,0,1,-812.55,1.31,0
69,over_trader,170.0,0.9,1.03,0,0,1017.07,0.0,0
69,over_trader,149.0,1.14,1.27,0,1,-760.63,1.22,0
69,over_trader,589.3,1.1,0.97,1,2,-1110.16,3.0,0
69,over_trader,159.0,0.86,0.78,0,3,-1192.42,4.91,0
69,over_trader,469.7,0.93,1.08,0,4,-726.38,6.08,0
69,over_trader,200.3,1.13,1.21,0,5,-950.18,7.6,0
69,over_trader,88.3,1.03,0.91,0,6,-1086.62,9.34,0
69,over_trader,77.7,0.9,0.87,0,0,1159.85,7.48,0
69,over_trader,949.8,1.14,1.26,1,1,-721.84,8.64,0
69,over_trader,354.9,1.1,0.97,1,2,-910.36,10.1,0
69,over_trader,321.2,1.12,1.02,0,0,1189.19,8.19,0
69,over_trader,636.1,0.88,0.79,0,0,1678.96,5.5,0
69,over_trader,131.0,0.95,1.07,0,0,1112.35,3.72,0
69,over_trader,80.7,1.16,1.22,1,1,-929.99,5.21,0
69,over_trader,98.8,1.57,1.35,1,2,-1327.42,7.34,0
69,over_trader,9.8,2.0,1.27,0,3,-1765.53,10.17,1
69,over_trader,24.7,2.12,1.06,1,4,-2390.81,14.0,0
69,over_trader,26.2,1.29,0.61,0,5,-2145.85,17.44,1
69,over_trader,9.1,1.32,1.02,1,6,-1075.29,19.16,1
69,over_trader,58.3,1.89,1.43,0,7,-1574.78,21.69,1
69,over_trader,71.9,1.31,0.69,0,8,-1670.19,24.37,0
69,over_trader,1.8,1.33,1.01,0,0,1609.74,21.78,1
69,over_trader,161.2,1.73,1.3,0,0,1696.02,19.07,0
69,over_trader,11.9,1.71,0.99,0,0,2301.06,15.38,1
69,over_trader,25.8,1.34,0.78,1,0,1882.28,12.36,1
69,over_trader,37.3,1.3,0.97,1,1,-1470.66,14.72,1
69,over_trader,63.8,1.95,1.5,1,2,-1380.69,16.93,1
69,over_trader,29.3,1.52,0.78,1,3,-2267.04,20.56,1
69,over_trader,23.7,1.45,0.96,1,0,1915.67,17.49,1
69,over_trader,20.1,1.25,0.86,1,0,2034.96,14.23,1
69,over_trader,18.4,1.85,1.48,1,1,-1448.56,16.55,1
69,over_trader,424.7,1.67,0.9,1,2,-1822.19,19.47,0
69,over_trader,10.1,1.47,0.88,1,0,2273.27,15.83,1
69,over_trader,36.6,1.57,1.07,1,1,-1507.32,18.25,1
69,over_trader,63.9,1.36,0.86,0,2,-1315.79,20.36,0
69,over_trader,157.5,1.65,1.22,0,3,-1316.17,22.47,0
69,over_trader,123.6,1.43,0.87,0,4,-1403.25,24.72,0
69,over_trader,32.3,1.53,1.07,0,0,2119.66,21.32,1
69,over_trader,155.1,1.37,0.9,0,0,1806.67,18.42,0
69,over_trader,4.3,2.18,1.59,1,0,1954.39,15.29,1
69,over_trader,57.1,2.14,0.98,1,0,2184.81,11.79,1
69,over_trader,38.1,2.16,1.01,1,1,-1908.64,14.85,1
69,over_trader,111.0,1.13,0.52,0,2,-2119.55,18.24,0
69,over_trader,82.0,1.73,1.53,0,0,1311.01,16.14,0
69,over_trader,37.3,1.12,0.65,1,1,-2040.47,19.41,1
69,over_trader,3.8,2.05,1.83,0,2,-1134.66,21.23,1
69,over_trader,77.0,1.74,0.85,1,3,-1862.94,24.22,0
69,over_trader,0.2,2.02,1.16,1,4,-1462.46,26.56,1
69,over_trader,4.1,1.33,0.66,1,0,2866.03,21.97,1
69,over_trader,25.9,1.87,1.41,1,1,-1325.93,24.09,1
69,over_trader,0.2,1.87,1.0,0,2,-1770.88,26.93,1
69,over_trader,20.4,1.36,0.73,1,3,-2004.0,30.15,1
69,over_trader,8.6,1.87,1.37,0,0,1627.71,27.54,1
69,over_trader,4.2,1.27,0.68,1,0,2592.74,23.38,1
69,over_trader,52.1,1.3,1.03,1,0,1877.02,20.37,0
69,over_trader,47.8,1.26,0.97,1,1,-1122.71,22.17,0
69,over_trader,235.9,1.99,1.58,1,2,-1077.22,23.9,1
69,over_trader,26.1,2.09,1.05,1,3,-2140.71,27.33,1
69,over_trader,220.5,1.45,0.69,1,4,-2422.02,31.21,0
69,over_trader,1.1,1.68,1.16,1,0,1908.15,28.15,1
69,over_trader,3.0,2.05,1.22,1,1,-1927.33,31.24,1
69,over_trader,7.7,1.82,0.88,0,0,2730.33,26.87,1
69,over_trader,67.5,1.32,0.73,1,0,1847.83,23.9,0
69,over_trader,96.2,1.62,1.23,1,0,1783.15,21.04,0
69,over_trader,114.4,2.08,1.28,0,0,2120.36,17.65,1
69,over_trader,11.4,1.66,0.8,0,1,-2314.87,21.36,1
69,over_trader,6.3,2.0,1.21,1,2,-1561.56,23.86,1
69,over_trader,58.7,2.02,1.01,0,3,-1653.63,26.51,1
69,over_trader,50.1,1.92,0.95,1,0,2438.48,22.6,1
69,over_trader,8.1,1.44,0.75,0,0,2653.08,18.35,1
69,over_trader,418.7,1.91,1.33,1,0,1752.35,15.54,1
69,over_trader,25.4,1.18,0.62,1,0,2366.31,11.75,1
69,over_trader,75.0,1.99,1.68,0,1,-1065.54,13.45,1
69,over_trader,22.5,1.21,0.61,1,2,-1641.49,16.09,1
69,over_trader,457.5,1.91,1.58,0,0,1663.77,13.42,1
69,over_trader,68.6,1.2,0.63,1,1,-1989.62,16.61,0
69,over_trader,13.7,1.2,1.0,1,0,1552.01,14.12,1
69,over_trader,4.0,1.53,1.28,1,0,1374.74,11.92,1
69,over_trader,59.7,2.19,1.43,1,1,-1565.86,14.43,1
69,over_trader,13.9,1.38,0.63,1,0,3038.18,9.56,0
69,over_trader,140.2,1.22,0.88,0,0,1869.44,6.56,0
69,over_trader,32.1,1.87,1.54,0,0,1395.49,4.32,0
69,over_trader,16.2,1.82,0.97,0,0,2772.39,0.0,0
69,over_trader,19.2,1.33,0.73,1,0,2518.31,0.0,0
69,over_trader,32.3,1.92,1.45,1,0,1943.34,0.0,0
69,over_trader,285.4,1.82,0.94,1,0,2276.93,0.0,0
69,over_trader,16.8,1.93,1.06,1,1,-1691.5,2.44,0
69,over_trader,57.7,1.18,0.61,1,0,2801.35,0.0,0
69,over_trader,55.7,1.18,1.0,0,0,1222.03,0.0,0
69,over_trader,7.7,2.06,1.74,0,1,-1334.86,1.87,0
69,over_trader,11.1,1.26,0.61,1,0,2437.52,0.0,0
69,over_trader,95.6,2.13,1.69,1,1,-1400.0,1.93,0
69,over_trader,10.1,2.12,1.0,1,2,-2081.62,4.79,1
69,over_trader,156.8,1.49,0.7,0,3,-2148.29,7.75,0
69,over_trader,133.5,2.01,1.35,1,4,-1426.75,9.72,1
69,over_trader,77.7,1.61,0.8,0,5,-1986.19,12.45,0
69,over_trader,41.0,1.28,0.79,0,6,-1759.73,14.87,1
69,over_trader,24.9,1.49,1.16,1,0,1707.31,12.52,1
69,over_trader,19.9,1.86,1.25,1,1,-1266.95,14.27,1
69,over_trader,36.3,1.72,0.93,0,2,-2215.53,17.32,1
69,over_trader,392.2,2.05,1.19,1,3,-1995.72,20.07,1
69,over_trader,2.9,1.37,0.67,1,4,-1889.82,22.67,1
69,over_trader,324.7,2.05,1.5,0,0,1597.09,20.47,1
