,time_delta_seconds,lot_size_multiplier,is_unhedged,loss_streak_count,recent_pnl_delta,label
0,67.14164180464375,3.128598811432677,0,2,-1828.07112784712,0
1,2.7020361776022686,1.7824773867545247,0,2,-2387.863965900046,0
2,15.703767121595035,1.3432952437940564,1,0,-78.12225875772538,0
3,160.92315227662013,1.197977850533957,1,0,3559.1495055596656,0
4,27.720732499186372,1.6858216407381397,1,1,-5220.200853955992,0
5,25.10775163752203,1.0669621106762588,1,2,-1376.2638981685755,0
6,36.37155998602758,1.0500425320425508,1,1,-1923.8515233821556,0
7,24.55592991822563,3.1903407628141918,0,2,-833.1605755814751,0
8,132.92746437105458,1.6959649992491959,0,1,-705.7319503138449,0
9,33.9543080601515,1.6178355104188231,0,1,-719.6170199487096,0
10,19.578376574663764,2.45037510073846,0,2,-5426.88806504985,0
11,16.12520814245506,1.4699824550171585,0,0,4288.503674067758,0
12,148.1057669837367,1.0851669710409042,1,0,4104.116729306263,0
13,139.43008784645946,1.3957309987235673,0,0,3188.968530964262,0
14,9.687573070528213,0.8615406657905728,0,4,-2771.0416431506205,0
15,55.22680018793644,1.013983665262153,1,0,2769.1376956061695,0
16,24.90705249181008,1.035625307354734,1,1,-3170.523438993692,0
17,2.483027585727281,1.044230024549691,1,1,-2540.988461264992,0
18,5.6670867651966255,1.513519990698768,1,2,-1853.2301850692324,0
19,9.132651064097486,3.4805946934072316,1,2,-2244.1503705282976,1
20,21.4405635461186,0.8358045990141383,1,0,1949.621542921609,0
21,99.66703782502573,3.1899068476591648,1,3,-1934.8133770990607,0
22,8.78482168394414,1.0050719661874732,1,0,-1002.1325632527232,0
23,109.11036857859403,1.3995171648657125,1,0,828.4747952854947,0
24,28.744345348914436,1.3792391362925502,0,1,-5347.911227660794,0
25,17.65140285627352,1.732206501760066,0,3,-2213.8262686140592,0
26,24.175625225299633,2.908699183259168,0,2,-2067.321007969841,0
27,48.778101439217366,1.4754775229090544,1,0,2166.7876416925164,0
28,19.566394701933984,1.1941955985246968,0,3,-2812.1138941319573,0
29,88.68952914546512,2.362182873620547,0,2,-2371.157821356233,0
30,8.06309952533271,1.4379177180875622,1,0,2666.6464231772306,0
31,38.15682763655781,1.4821062264177307,0,1,-637.8497218111795,0
32,14.977023353631282,1.4751116595634448,1,2,-416.82819645965765,0
33,13.838178252620608,1.0829349666019912,1,0,1763.4794808268134,0
34,0.08373088864403445,1.5326692092282244,1,0,-643.8368688039732,0
35,28.242954485575865,1.4219741184482861,1,2,-2327.827889534456,0
36,32.295806816073146,2.1037213800324706,0,3,-3752.6250725113264,0
37,63.962501630259574,1.5332044070344057,1,0,-1200.86357243868,0
38,49.71314914641327,1.588008136217128,1,1,-9856.070226393222,0
39,50.52404577622259,3.398747665612702,0,2,-6525.671856080512,0
40,15.694418832336803,1.7549547085542898,1,3,-3536.4815251460686,1
41,69.84235293085972,0.8986967387024102,0,0,1317.2752410903443,0
42,11.826616862429072,0.991276330037482,1,0,-1632.897519408435,0
43,19.24564133187945,3.325452841328845,1,4,-1709.356286227744,1
44,47.17089775167524,3.276026937256565,1,3,-4259.850866930123,1
45,40.38015766659208,1.3722844484965462,1,0,5627.665930695968,0
46,212.46054773247226,0.8191415346131251,1,0,394.12955969960467,0
47,4.252325515507302,1.4581429619909425,0,1,-3677.517695843045,0
48,6.351401857507444,1.6809192080243776,1,2,-511.59479660185434,0
49,44.00804478493264,1.7689738782578555,1,2,-1274.9031845440184,0
50,43.598514274301834,0.9003106619726008,0,1,-3077.8658170412014,0
51,10.423479736277182,2.13843665741598,1,3,-2602.5865160344238,1
52,12.219666596725787,0.9394033517647165,1,3,-3336.6254472922606,0
53,81.22274625858124,1.5570866689358691,0,1,-5160.971179206301,0
54,35.603307839237324,1.1915856542103689,0,0,99.11974618660383,0
55,59.71485233715199,1.7241993615920075,1,1,-5848.831832873269,0
56,3.3266837125260724,1.0691753295636128,0,1,-3788.0218111626973,0
57,50.96988853546441,1.4047817687637192,1,0,1718.560146304976,0
58,19.444802913926754,1.5259388596142722,1,0,2230.928683256315,0
59,28.522367144233467,1.4168923783634817,0,1,-3977.3169660340245,0
60,61.68072961256751,1.7905573249053506,1,1,-5403.632433532193,0
61,8.914616907873787,0.9739416170347814,1,3,-1511.3708422645318,0
62,50.67859504280179,1.9189309118092863,1,2,-1632.980410342353,0
63,20.075371377671573,0.9899798281922629,1,0,694.4472195201057,0
64,2.568799560861925,1.511305590129409,0,0,117.03222039470643,0
65,22.394081063010994,1.545642446767933,1,2,-6081.305044901663,0
66,21.44838729799131,1.7037383029800077,0,0,-294.16264290164577,0
67,28.02687587748946,0.925301747492841,0,0,-696.2579252419227,0
68,22.706243088569376,1.2010277296318899,0,0,3049.845957279639,0
69,95.0907038438301,1.5652469165070335,1,0,-1012.6830877582502,0
70,32.86259031753418,1.0732908700240853,0,0,1904.457966309428,0
71,70.19147503093157,1.0637493515630214,1,1,-394.95715574949145,0
72,18.868867597585165,2.774745061716171,1,2,-3420.2657444932393,1
73,13.80081688232793,3.2998651666255414,1,2,-2988.263030880133,1
74,51.35456980954963,1.191385136290662,1,1,-2880.6361690484664,0
75,6.808468790482363,1.345179186381503,0,0,370.9998418638131,0
76,37.24108177174366,1.393065780574927,0,0,1414.2747233642913,0
77,29.280336821787188,1.7295903838690998,0,0,899.5418522162057,0
78,13.821265059355943,0.8729708742790798,1,2,-3510.2369512984546,0
79,17.967792592301926,1.3056924131938337,1,3,-5748.517078508508,1
80,15.612750631286913,0.9713969605989514,0,0,-1560.061925343491,0
81,26.9405349411379,1.164306552194791,0,3,-5361.287896447281,0
82,241.52049313113162,1.4299755987441207,0,2,-10463.154167531538,0
83,14.27195607234556,1.1978243645682716,0,0,582.289052930676,0
84,28.15464777076326,1.792743882288974,0,0,2438.2551387106973,0
85,2.5702554027861213,1.0882100659374436,1,1,-3747.139408296877,0
86,25.552276603168096,1.198799617573148,1,0,1957.6658186522118,0
87,31.958846022633537,1.1429931545558771,1,2,-3977.597256076159,0
88,2.9182582805236756,1.4409683589034872,1,1,-2235.376103865518,0
89,18.557931782586298,0.8106391781113135,1,0,2525.450547867754,0
90,101.26431766465083,1.1223799928785712,0,1,-5816.187857703231,0
91,44.97907348880857,1.475619381725525,1,2,-1148.35305766593,0
92,33.45529505986668,1.7401415293922682,0,0,3018.7008652259774,0
93,64.47463856975995,1.581976260853752,1,2,-5456.134289797736,0
94,9.483942606686028,1.145283390220694,0,1,-3476.7719546341177,0
95,19.065546871700654,1.0928747621039032,1,3,-1751.9753389350362,0
96,5.3952912489522085,0.9683763000603568,0,0,1540.8889133558962,0
97,54.23645182725325,1.763681603797288,0,0,1679.2545149927466,0
98,113.66306215828976,1.358588215073969,0,1,-5081.695062130527,1
99,10.591628076079099,0.8601835411627873,0,0,1477.8153814953369,0
100,23.65967688071785,0.9802762272235331,1,0,381.77852348978877,0
101,7.1034604984189205,1.4016222550318014,0,1,-411.4075016931142,0
102,13.47689161447432,1.245733268426732,0,1,-3645.4542460695493,0
103,12.88507351486357,0.8987016262864074,1,1,-3273.5136788964396,0
104,30.465672524495414,1.7799497890142222,0,2,-2671.0011832155537,0
105,21.747714225719474,0.8982006923016216,1,1,-816.7023428189452,0
106,119.71518289457906,1.3111869367768492,0,0,3776.375289450346,0
107,100.24572903687157,1.1732262928193022,0,1,-1217.2083708865778,1
108,23.181058820479993,1.041593391100176,1,0,1477.827919916903,0
109,86.41726089416176,1.5057574591912042,1,0,795.817643179971,0
110,47.4062781865119,1.1941328888280052,1,0,-1921.4686167349646,0
111,17.478971245940773,3.244299013737659,0,4,-4073.064447407507,1
112,12.83413588292673,1.194609254628019,0,1,-1839.8864439436911,0
113,0.5037695020560474,1.204141238198443,0,0,3530.846960402203,0
114,54.74095240672278,1.7584846377893224,0,1,-1483.4377917611632,0
115,4.06832431268404,2.7659683990231976,1,2,-3301.7310110410795,1
116,25.748121589664414,2.3433371326651096,1,2,-2840.9855523393603,0
117,12.304729585865836,1.7598272601649199,0,1,-688.1028551615268,0
118,47.741544250987104,3.353102157404017,0,3,-4278.793514598299,0
119,10.951099666738191,0.8549707745211457,0,1,-3915.951329855979,0
120,9.363943355033244,1.333394824962369,1,1,-1313.6832300386106,0
121,15.311631359902997,1.4453730225292065,1,1,-424.6832225324324,0
122,2.4657139273783373,3.4995778282865713,1,2,-6355.469278534137,1
123,48.62074302657984,1.3523604911520377,0,1,-4923.550095971901,0
124,33.830558488289554,1.0976936660814431,0,0,3641.1195257021054,0
125,0.9819413200092731,2.9957272501512975,0,3,-4133.871487790415,1
126,129.91815175702465,1.5189296050046335,0,0,2170.1576921325955,0
127,6.21334808066504,1.0054476637100924,1,0,43.12264819993584,0
128,61.435007202117895,1.481387623535654,1,0,934.507346555442,0
129,42.856743710807216,0.842128373984035,0,1,-6312.226097844239,0
130,23.16566548589624,3.0854492711629438,1,2,-4918.037588766401,1
131,25.583865149397216,3.272337582339288,0,3,-4534.946904356184,1
132,79.79886631793866,1.3103634243888989,1,0,-2283.3447811497767,0
133,5.1477573344057355,1.1565785041937315,1,4,-2475.673265449537,0
134,56.97743809012691,1.1818882484818367,1,0,-2304.854507353255,0
135,206.55243009773167,1.1139944167725526,1,0,1677.8501579059096,0
136,36.715539369552296,0.911610619807838,1,2,-5542.998010062789,0
137,72.2029259133501,0.8244448474300332,1,1,-2610.7799281263315,0
138,29.95961015799353,0.8779792181048393,1,2,-3466.8195707641694,0
139,1.1292660981927725,1.2632025067477564,1,1,-1895.967463638949,0
140,33.47711331354225,1.281995018893989,0,1,-2423.599077064915,0
141,17.25646393986377,1.0591641636597833,0,1,-5265.906773789979,0
142,13.058042701851585,1.058929509604134,1,0,3013.113917489196,0
143,176.01882313078085,1.4580709646899428,0,0,-458.88707690830256,0
144,3.467475398569069,1.6890123216931343,0,1,-7251.883521596504,0
145,47.909272414841766,1.5634877803812839,0,0,192.42177527699232,0
146,25.397505515860143,1.5012571304133187,1,1,-7191.662322773076,0
147,212.40846504566727,0.8169250760756187,0,2,-1625.7848359216484,0
148,6.879909406015841,1.0669493714511011,0,3,-610.3631910003373,0
149,17.08079060652028,0.8814126188721901,0,0,1635.9231702028276,0
150,9.547899540671889,1.4309517191791488,1,3,-4436.958567009372,1
151,32.54807434631943,1.3541272260679054,1,1,-3018.831562906752,0
152,37.244699825533715,1.2430727936806893,0,1,-52.972443459146234,0
153,87.54448744543171,1.6982593692168497,0,0,1942.1846415370906,0
154,64.99505526334126,1.6650564017144114,0,1,-100.64334239300933,0
155,98.01302820169605,1.4874141951309063,1,1,-4185.128473433399,0
156,8.67112651872638,1.7881473669075818,0,0,3739.5411959761286,0
157,5.102301020874324,1.3979555705914648,0,0,1215.8373406383193,0
158,60.803878630800114,1.3696302017593496,0,0,1968.6081140596607,0
159,46.79747457191462,1.1726605580453933,0,0,1932.8280584477466,0
160,2.334805938101859,0.9463438555884722,1,1,-4372.340072653291,0
161,62.625638467729495,0.9551476963607893,0,3,-5291.395606105636,0
162,4.224132231786167,1.7450452160624996,0,1,-259.97726899185045,0
163,0.15399221722177214,1.0306724222898378,1,3,-1310.1517536764745,0
164,39.42865467344748,1.3451045937975419,1,0,1633.689969266633,0
165,135.21465854349054,1.6826056081659382,0,0,1062.0949674049161,0
166,0.568669448556852,1.1149160700269904,0,0,7.624900480465158,0
167,0.893178980566546,1.2973878702889892,1,4,-823.8253412130127,0
168,112.46612448264656,0.9070719830338021,0,1,-4556.030611778675,0
169,19.639020378570525,1.3426484830358554,1,1,-3775.7124000271488,0
170,17.57273671596422,2.3823209259833145,1,2,-5938.217072125226,1
171,129.6238636848474,1.676904557897936,1,1,-163.4986175900176,0
172,14.952882533969717,0.9444200576832629,1,1,-1186.4216740876846,0
173,3.7618363598299402,1.954705530442887,1,2,-1979.9824667385074,0
174,27.993261570084638,2.618073434070594,1,4,-343.32225235496435,1
175,26.92473449710181,1.4877649065977827,1,0,2628.334436935495,0
176,3.8475356236882563,1.0250763564890901,0,1,-1951.5043609624172,0
177,14.84162266109722,1.2014470973633762,1,3,-5453.395248804618,1
178,166.7117957441121,1.4497196997300046,1,0,-1118.883414826464,0
179,62.54414344338315,1.24116285554813,1,1,-1595.220590101755,0
180,54.66918180102659,1.5214277757101335,0,0,2692.901843286919,0
181,17.080592661303218,2.5990862200981173,1,3,-1033.6224435442514,1
182,7.9679282706658014,1.2966100719977978,0,1,-288.9737205398942,0
183,26.195045994016894,2.566623354175629,0,2,-5601.446576536705,0
184,47.77454863327142,3.420636045226697,1,3,-2040.5768550606344,1
185,12.885258344785017,1.2409267192100406,0,0,2142.3932231387894,0
186,15.569317429815495,3.4360545985246205,1,4,-2666.14222155189,1
187,2.295089278530407,2.1434638054828907,0,2,-536.0308634327475,0
188,15.019985611366243,2.728500429683019,0,2,-1348.511558759389,0
189,88.01186615141779,1.1203289418377065,1,0,1025.4073868085861,0
190,14.978395617928948,1.1201647153385554,1,2,-3572.335981092536,0
191,67.73267629855448,3.3951808078979213,1,3,-857.7127930665292,1
192,7.15168436644379,0.8332212249825791,1,2,-519.7683339524892,0
193,43.69356742228205,0.9696913806962035,1,0,1590.1252900162378,0
194,50.040917445421464,1.1553614333185451,1,0,1692.2169037213118,0
195,1.0119683456086555,1.2792981824445389,1,1,-6476.074665340314,0
196,2.5403759579454714,3.126445546712667,1,3,-5266.571609281295,1
197,122.141812054376,1.7458365984723554,0,1,-663.6096662808679,0
198,171.92301366992052,1.3821054709788276,0,0,3115.478345193228,0
199,24.504540087175172,3.0369300737958382,0,2,-2472.219108778164,0
200,17.023637861972123,3.0702352014618692,1,2,-4090.303554795053,1
201,25.543880064129677,0.8063999676216654,0,1,-1477.3351089128228,0
202,74.07600324270803,1.0284623081691837,1,0,5425.94087184089,0
203,49.22961922542505,1.5400670359020778,1,0,-296.3951492137212,0
204,18.27478173106983,3.2569727800440873,1,3,-805.4123947810497,1
205,98.56357620772042,0.8103525471397997,1,0,887.6096875090316,0
206,12.98879556796176,1.221059375578961,1,1,-399.95405922392774,0
207,60.897676197575734,1.3710166355454274,0,0,3778.1443134693654,0
208,16.12152375516223,1.03197270168992,1,0,1303.4402930189783,0
209,6.256632389934218,1.281568004855061,0,4,-4904.865322416834,0
210,3.454003271574573,1.7831178783407764,0,1,-3686.2239336766033,0
211,26.29647936238143,1.5451378023548457,0,1,-237.78997673949607,0
212,166.99957026778898,3.4541854864379724,1,2,-5151.040514538809,0
213,69.54597510619777,3.2837014323633262,1,2,-372.07439380777896,0
214,41.7401327512454,1.0524497987867338,1,0,3109.2101439004346,0
215,22.038503049716155,1.9150239816744157,0,3,-4755.4575851596965,0
216,29.38842063969122,1.3734244673835487,0,1,-7044.202739211588,0
217,44.63057212170375,3.391542983338967,1,2,-1883.056938533894,0
218,8.682237281549945,1.440798977897097,1,4,-2353.7892246154397,1
219,58.28767404022592,1.197478900367448,1,0,1079.1634074919455,0
220,42.80503193697768,1.0628493100900425,1,2,-3022.0652448355045,0
221,26.467399297537124,1.138184175864871,1,0,1829.0938483964446,0
222,15.799706474011652,1.187153154812166,0,1,-3768.0604421899216,0
223,28.768129613166515,0.8086852274113844,0,1,-697.2436456911455,0
224,9.021292698136186,1.3996357338498482,1,0,598.9491034604524,0
225,94.1258619316139,1.6314513228268337,1,0,4312.028232161959,0
226,59.16046397221031,1.2839606723264008,0,0,984.1682640692617,0
227,4.6871909157575775,1.8637942785843657,0,2,-5124.3026409750055,0
228,4.726616780484296,0.949664048083007,1,1,-4317.949004424832,0
229,0.3686503101257831,1.7959122868398425,1,2,-4448.669561442502,1
230,0.6975383290036646,0.889914296955361,1,2,-1190.4468978389,0
231,280.39010316439334,1.3142304116363328,0,0,2862.9840966624733,0
232,10.356918647139304,2.7747169380852523,1,3,-4858.754705302075,1
233,69.86140097737578,1.3236937374670368,1,1,-4317.374338718983,0
234,9.94040424602935,2.4382479650912368,1,3,-6309.504770162541,1
235,10.956731754797511,1.2195793084227402,1,0,5410.407497378021,0
236,5.696251014108857,1.5463458884099652,1,0,3089.063176557086,0
237,225.29268805444943,1.2897553551165257,0,0,2138.6749163916184,0
238,323.01151662782405,1.6773773503179852,0,3,-3827.029254141852,0
239,17.5460284054589,1.370516434971658,0,0,219.5036565486189,0
240,141.46642563616905,1.7837403757693726,1,1,-354.9553703072256,0
241,73.46384181971929,0.9894618569638669,1,0,3266.3968193072606,0
242,19.77430869395445,1.4268928550509057,1,1,-713.4312587263039,0
243,46.282633616258316,0.8752822095652375,1,0,2991.386518962238,0
244,32.14065115424533,1.5475312832548078,0,0,-1403.7494019661535,0
245,21.284009346688837,1.502918187827492,0,1,-400.7181051492721,0
246,0.8555286690359704,1.1082081029850368,0,1,-2400.436341012006,0
247,30.22008793532358,1.6445261665091957,0,1,-3861.9331097589697,0
248,47.929532601210326,1.5820372008342316,1,4,-6907.143821361892,1
249,16.633586660029373,1.2236748031133593,1,3,-6251.57054108974,1
250,26.722571453446292,2.8714402966910715,0,2,-107.65224432082096,0
251,1.2550380378575132,1.1812798329674399,1,2,-1061.2847515005117,0
252,5.345471789662096,0.9987855776177172,0,0,1635.774279230851,0
253,2.9801720267261436,1.7487120043013045,0,2,-5107.769394208157,0
254,5.5296990945702555,1.3678249375494986,0,0,3140.160100175845,0
255,5.703324189702786,2.2800259855097496,1,2,-3939.4358783299976,1
256,142.0099962504046,1.5675060358853776,1,0,-1934.208054122958,0
257,76.91603581946147,1.714164617504228,0,0,-2012.2744968136308,0
258,21.196186177633074,1.1887360398257791,0,1,-384.3253691735331,0
259,57.42088721349481,0.9926065636115124,0,1,-2482.8074841117214,0
260,4.617663303326087,1.349105142720322,1,1,-685.2017395781766,0
261,109.93653937423335,0.9695254392291793,0,0,1504.8951909935677,0
262,66.28383994125406,3.414743562332692,1,2,-689.2011977208435,0
263,9.034182212238608,1.1247777411062003,0,0,-719.7334465578529,0
264,63.85702613989566,1.7243618841817723,0,0,1006.5833607359889,0
265,16.034506136266188,1.496474653335334,0,1,-3129.7407360156176,0
266,67.35294093273086,1.1573930140699473,1,0,3088.947720474882,0
267,24.824583298262496,1.5991981346189117,0,1,-3376.313995261482,0
268,19.15330559825492,1.6483477382621636,1,3,-2452.2405090870648,1
269,13.308522144715143,1.5181405023717403,1,3,-4655.112443009068,1
270,67.64014766569908,1.399263105853193,0,0,967.8431892998726,0
271,154.85843039572558,1.799103446203456,1,1,-552.1895311968433,0
272,12.693838955782578,1.7128188809171552,1,1,-1422.705264901873,0
273,39.47324840451459,1.7202959595919785,0,0,3471.630322205554,0
274,29.49978604106823,1.4329762266492172,0,3,-3461.3577981253757,0
275,196.69414030162486,1.7925759857665466,0,0,1332.050932902248,0
276,65.23445525432402,1.5270422088161983,0,1,-476.65945455090264,0
277,28.60893359954711,1.4208331511015748,0,0,2639.8696401507004,0
278,50.176369200386425,2.5903073351615573,1,4,-3606.933926562705,1
279,11.51263075105495,1.581617269502508,1,2,-1953.9573975547742,0
280,42.72817062506055,1.2203215816454098,1,0,5384.206891882001,0
281,23.225630138896346,2.4761130234190256,0,3,-2941.223113960116,0
282,11.629604530777492,1.3166711715882973,1,0,5.908806993294547,0
283,46.64031728150306,3.301565210013406,1,3,-736.0314578901307,1
284,15.121889992015008,1.408399395243916,0,2,-625.1925354345553,0
285,16.903444156779983,1.4856653895967826,1,0,1389.8788775912265,0
286,7.9853831363492525,1.7942342313775117,1,2,-2282.7061690339247,0
287,21.854846745339216,1.60408598592547,0,0,369.0565462691736,0
288,82.78684627190103,2.4458137285907107,0,2,-2628.2754192744806,0
289,15.231230430883308,1.3488409662894814,0,0,2976.9971913075115,0
290,6.69944263449615,1.4144122246720425,0,2,-3285.2360592393284,0
291,34.283538746969775,3.2757309488773023,0,2,-5096.504246465074,0
292,9.119114279956264,1.6486803900157607,0,0,2070.591390461219,0
293,31.101059225230305,1.5581751057594797,1,0,-452.44923784438606,0
294,21.946169794855116,1.5732840909425247,1,0,1608.172385243322,0
295,19.731552442709845,1.6769704525083595,0,1,-2673.4615964173236,0
296,78.14554529532032,1.6832528334958023,1,1,-369.2403564232668,0
297,24.47128908061014,1.0020210769839886,0,1,-4205.559376502533,0
298,71.8137451422322,1.7127234697206655,1,1,-2372.087948766184,0
299,161.2660804788639,1.002491140332237,1,1,-1827.6134098913565,0
300,45.46159059805552,0.8552614119077305,1,0,1755.8820264959897,0
301,23.000061957139355,0.8986546147926019,0,1,-3428.6018896547507,0
302,1.9880609322058755,0.8469845027950321,1,0,703.8568033878734,0
303,13.354488132903661,0.9433574977484604,0,1,-2985.694272501577,0
304,22.481463735942494,0.8729555496190834,0,0,1911.8510429629478,0
305,27.76033159834222,0.9663808627925828,0,1,-4553.103422552178,0
306,128.27542831242528,1.1313902236901452,0,3,-5553.472180653296,0
307,5.739365897321109,2.954094887598086,1,2,-551.0524980878458,0
308,27.414867128122594,1.2338271344911789,1,0,29.40780564407669,0
309,26.090889760243048,1.6393170562262311,0,1,-2523.080684304843,0
310,22.28353527886907,1.2803820624682025,1,0,1473.532135416882,0
311,19.787788044841122,2.98929725240931,1,2,-3618.7269291130706,1
312,108.8783846845753,1.5607024305523636,1,0,3686.32178378868,0
313,96.36287551753308,1.310564937816812,1,1,-5218.600738467656,0
314,9.095927053923274,1.2238056906419983,1,1,-3386.9239023738355,0
315,118.46671932998407,0.8422706758120557,0,0,1641.897909225326,0
316,28.93489949788421,1.2810000892571987,0,0,1661.5751899875622,0
317,31.13717027056727,1.0714135577748838,0,0,-552.9403202062244,0
318,19.15866789343233,1.339394480818283,1,0,1096.9208501501412,0
319,29.207254149789954,1.6452628941298943,1,1,-3114.3040987462055,0
320,54.87730479062029,1.2996246473713169,0,1,-2380.90816020818,0
321,102.51788422998673,1.4744010725603083,1,0,4953.942936645888,0
322,129.3375067768699,1.1002510356206452,1,0,-1316.224478396579,0
323,29.67609637374768,1.0576916000658731,0,0,2433.572706398561,0
324,93.75713402654304,0.9713186301952911,0,1,-1167.3635163149502,0
325,192.1990369317252,1.6561024105707036,1,0,1695.4194668205846,0
326,8.004845697070454,0.9117279873839133,0,0,-1986.9734531790446,0
327,0.2547666702351506,1.087872503544015,1,2,-2660.832615804025,0
328,24.04374090801997,1.9390112522769452,1,3,-2908.7685517866717,1
329,8.575222157747909,1.5325475576114471,1,0,2338.035873679059,0
330,11.918084987796835,1.695972445057623,0,0,1586.433367598287,0
331,33.94295101992183,1.5288326530871907,1,0,-1976.8228028104195,0
332,3.9590243969627843,1.7819683489180373,1,3,-957.6407126485205,1
333,28.988959446384815,1.2678812039010077,1,0,1495.193998823268,1
334,2.812003277265707,2.0436039218176525,1,4,-3369.845218973851,1
335,29.482680977115947,3.3740200817971946,1,2,-4507.634721443739,1
336,41.22940916076876,1.0149181664831022,1,0,-967.4355829730325,0
337,14.729402016091536,1.5052451475929733,1,2,-2481.11271236514,0
338,32.92178804615849,2.8464595661108176,1,2,-2283.7960182023517,0
339,86.21108261293347,2.606670760256951,0,2,-2149.061516207012,0
340,17.07776199540835,2.429711987713702,1,2,-6671.766667557555,1
341,9.032255541447453,1.414902699161463,1,3,-5372.782461867586,1
342,55.704238057195674,1.0029007383092123,1,1,-3205.2075588664547,0
343,4.42527439415924,1.0538982727950872,0,0,-30.334995862628375,0
344,0.4849712292373276,3.221108783932024,0,3,-2801.158145151485,1
345,28.1858495353457,1.7585414757204991,1,3,-3986.1352351245387,1
346,70.67053659761322,1.13241539435248,0,0,6006.711731632848,0
347,48.35785631671056,1.476020589367661,0,0,-1927.8789673593515,0
348,1.1202411122684164,1.7251466412907814,1,2,-256.24507691305644,0
349,51.1393651048337,2.1693422068447417,1,2,-7055.847455559183,0
350,16.83030902655239,1.1404706909657696,0,0,-102.09323325818309,0
351,6.0403475194394245,1.5672228279108535,1,0,208.75448216984546,0
352,9.342752854006589,1.3224043229688451,1,0,496.89872439087446,0
353,164.04798890443695,1.230841960433791,1,0,-168.17597719450282,0
354,47.7696347278647,1.1439434519231049,0,0,4685.870449353291,0
355,21.875478147142456,1.7284444702895945,0,0,1788.8814249823117,0
356,2.956199861931334,1.3488040348964478,0,4,-3131.563794987253,0
357,26.679378078369037,1.4623760651995603,0,0,-949.9462193427385,0
358,30.4622042473078,1.6561652565464267,0,2,-4162.499445463724,1
359,130.1547636686236,1.5684700617129637,1,0,1495.3098316452101,0
360,3.5277482020876736,1.2200967968254983,1,0,750.676548829463,0
361,17.658554124629404,0.9331141078090135,1,3,-4533.621738438097,1
362,4.109282214046382,1.459622824886438,1,2,-1546.4012757512446,0
363,8.119580242768164,0.8260870957815413,0,1,-3342.1151530530283,0
364,14.75750176739907,1.729789292043024,1,4,-5139.028182861997,1
365,17.890760356477955,0.8335532327373273,0,0,1969.3598874098805,0
366,171.0731146495056,1.4517800883878085,1,0,612.4360895763048,0
367,44.314048844526326,1.409086653608182,0,0,1666.485620684843,0
368,59.78253392968984,2.311490232540264,1,2,-4621.274238809414,0
369,44.90538147223936,1.2766479008089187,0,0,415.7398668106059,0
370,39.95649427444945,1.6636968587697447,1,3,-2936.0754390672587,0
371,252.8531126967957,1.7946802895536118,0,0,-1564.1983651298024,0
372,0.848764301771488,1.7174950045451103,1,0,193.30637473060642,0
373,22.522855793050613,2.4570392028834735,1,3,-4948.432418848888,1
374,3.7054676945534077,1.0941057031030264,1,0,-2416.3623629903504,0
375,10.031382061439627,1.7188397718236275,1,0,2795.2336182657473,0
376,0.24373363917407684,1.173500981335112,1,0,2801.6763240297514,0
377,28.881628407284076,1.2451486976036614,1,1,-519.228610268575,0
378,15.285102860230973,3.2237233178732874,1,2,-2030.745140181426,1
379,26.69724118661152,1.5849288819158314,1,2,-3771.3105443308577,0
380,12.097301202491888,1.0673970179781955,1,2,-3181.1900116770867,0
381,99.32636028381377,1.4742045417881489,0,1,-3303.4407061875354,0
382,36.18639193957739,1.7434513017959632,0,1,-4197.102014108051,0
383,14.96429834792747,2.254296157237754,1,2,-980.9809626795427,0
384,93.08730706190887,1.0998345998431733,1,0,1860.6844156110212,0
385,53.56135648350179,1.0007029905751157,1,3,-471.4605156926923,0
386,34.40244826975499,1.0122710073768553,0,1,-563.4783393293001,0
387,65.42682584705358,1.207000325466126,0,1,-2549.0233715738277,0
388,10.982031505271646,0.9480775813213418,0,3,-3552.9371871821063,0
389,1.6995101703816728,1.046600978986024,1,0,1535.6980196930801,0
390,70.76182598591456,1.6269296396329918,0,0,4357.5534063396535,0
391,26.955310916079462,1.44195670162118,1,1,-8649.034168409979,0
392,10.77228179845936,1.7127421958984765,0,0,1175.6838391349104,0
393,19.896534276187595,0.9229757016691793,1,4,-1752.475677125239,0
394,53.51840251181736,1.179549528473704,1,0,650.3547986348019,0
395,23.773169385566742,1.5071441900953686,0,0,5650.716786884315,0
396,74.00913106050703,1.5891191870666599,0,0,594.175825910188,0
397,58.13902740441298,0.9258387618394529,1,0,2978.1098580749463,0
398,15.483951185236213,1.303208157780711,1,1,-3489.287248995668,0
399,6.469397527037691,1.9265677106593815,0,2,-127.41634761230898,0
400,28.191322909921073,1.263340368705686,1,1,-4867.612421203856,0
401,69.43677368490911,1.3807762027014667,0,1,-363.8187171520899,0
402,93.7319958889009,2.9603280953680065,0,3,-6078.216554578479,0
403,0.8084861192276556,1.1455453414800147,1,4,-2606.9752929488363,0
404,22.12536093830255,0.955665549988764,1,1,-5674.846047206622,0
405,75.03183619734143,1.216176927191899,0,1,-3548.3497379375412,0
406,41.96382518438046,0.8902765991821237,0,0,1630.7273017666193,0
407,23.80707440907176,0.8888292543811471,0,3,-1642.6754827174282,0
408,26.841188462488148,1.5993804832595462,1,1,-2694.0410957597396,0
409,16.27385661871559,2.7435403131062466,1,2,-4125.275547240255,1
410,51.12726183947407,1.6614538663212277,1,1,-787.7725740247263,0
411,18.07186749272043,3.451800966812878,1,2,-2119.60061235816,0
412,91.11321099237047,1.5084982654395338,0,1,-61.74312403550584,0
413,3.636342341642489,0.8822139200213286,1,2,-2015.1407577570124,0
414,36.89262334299397,1.6030527176450584,0,1,-3993.4682260002105,0
415,25.691738998499282,1.6404010888095573,1,1,-2213.0899248669148,0
416,18.564378080544166,1.3933861350053156,0,0,1165.2710134130657,0
417,12.342893599132376,3.1982094290097924,0,2,-2845.156199761786,0
418,29.17194275691167,3.0363478106934414,0,3,-3635.088236061825,1
419,56.76546208051529,1.3069877133998382,0,0,2016.774247748204,0
420,63.701517905594365,0.9892569870355816,1,1,-3438.7089200172068,0
421,23.320599313572462,1.976686347213992,1,2,-2797.13324574858,0
422,83.88348440167151,1.2326179150382819,1,0,-236.17967552086293,1
423,31.870325441532373,1.009199599199831,1,2,-7501.901697432283,0
424,4.885480417193931,3.300125006970508,0,4,-3242.018647761604,1
425,9.628664787021204,2.872668443588858,1,2,-15.592569522247231,0
426,209.42266029302522,1.4480303378936616,0,0,2262.056646935696,0
427,63.86287525483277,1.0894121638681176,1,1,-4568.427855270729,0
428,40.014523187060234,1.36764976849097,1,1,-3998.1155315704514,0
429,22.78112659261973,1.3119855862571603,1,1,-3980.956825476934,0
430,28.409727183448936,1.5157257575962904,1,4,-6461.982241301323,1
431,2.4752672279008157,2.5731877723119,1,2,-1056.2458725902075,0
432,45.05166107526579,1.1562028050733142,0,0,2776.745885128436,0
433,247.98782187916203,1.008313087834003,1,0,3933.940166906833,0
434,9.183863816241534,0.9884210171847848,1,1,-807.9106978091561,0
435,84.10832838700084,1.3732898632014607,0,1,-1953.6309062270602,0
436,10.383914884327599,1.9364459156214977,0,2,-4268.672923828019,0
437,17.581408753847803,2.8665656533360817,1,3,-1425.0207606650629,1
438,59.049762800842295,1.5556393410145004,1,0,2827.543921892364,0
439,9.345411700018115,1.630898536491616,0,0,4866.09264371071,0
440,83.60435144268567,1.1273493029711492,0,0,-152.52937888163297,0
441,35.68675724374557,1.4539916504627088,0,1,-3597.035850422242,0
442,11.378300069035612,1.5261274425600813,1,1,-1540.4507884458462,0
443,9.65244984940834,3.1741853709163683,0,4,-865.6083017786782,0
444,5.512454027367204,1.6397054851591786,0,3,-507.7011892917774,0
445,59.53769068738123,1.3721044818665384,0,1,-941.4129092627159,0
446,60.59691708476549,1.2400029044530063,1,0,228.66678457876287,0
447,7.909851732399966,2.797640839495716,1,3,-388.9414262241421,1
448,29.688240897712664,1.0124178334422773,0,0,-341.37069663475654,0
449,13.732469601464247,0.9319075504364254,1,0,2889.8891130637667,0
450,4.85933137905744,1.6996793366635397,1,0,688.4586602159454,0
451,15.236606401805897,0.944537744084792,0,0,-845.0079646168288,0
452,14.525141112116025,1.577708748362232,0,0,3010.2129544045265,0
453,8.898511272991785,2.1674237158347087,1,4,-1062.629769078432,1
454,2.438855663619801,3.2390780390563454,1,2,-215.9678273245754,1
455,4.6172611042035605,2.5732534968871805,1,2,-7142.258164713754,1
456,1.2844122053353861,1.2620683300328817,1,1,-1386.0455559404525,0
457,18.5747190588257,2.7469856670124932,1,2,-3338.040180617516,1
458,2.261749284607315,0.9852658281969338,1,1,-753.4697355154901,0
459,59.595818859516314,1.7130943972969304,0,0,-3590.681521626424,0
460,143.7429857409436,0.8258312516133951,0,0,-146.31357199016156,0
461,3.222436888446972,2.7583075654557323,1,2,-494.60085285721243,0
462,41.44626032040263,0.9766927243204747,0,0,1632.2209050513911,0
463,1.0263649071121241,1.5833017814526709,1,0,1007.6109016439782,0
464,17.745518489991834,1.6296094182248912,1,1,-1098.021902032327,0
465,47.56592492957862,1.5502790474044446,0,1,-3975.3652834906025,0
466,6.843770562693835,1.2646193521526907,0,0,-925.1031457110007,0
467,7.357068946717245,2.5338620453425773,1,3,-1474.5936540119687,1
468,31.70688051008496,1.637326981483874,0,0,-881.6076935110914,0
469,45.93035926645032,1.6077192830192477,1,0,-992.4776153045032,0
470,16.197846972699462,1.1654999529011607,0,1,-2406.36953969438,0
471,13.985197658336102,1.6336526975796088,0,3,-373.8879496948384,0
472,0.8659552181511616,1.3676493985128717,1,1,-3719.0269951868963,0
473,96.2306490704687,1.7966013455134417,1,0,1147.6835111883097,0
474,11.139258483440106,1.2584512129272112,1,0,2359.23899734314,0
475,126.08383557661796,1.0173403885015637,0,0,-1194.7404318294157,0
476,13.25680989535817,1.7939895424799968,1,2,-5418.637437425719,1
477,24.957526485731393,1.4392125312051767,0,0,-242.87473547593413,0
478,313.18836922356417,1.0947491304658348,0,1,-4726.935350312069,0
479,11.086057746208411,0.887627915047293,1,0,-451.03374705626265,0
480,7.455636313582698,3.412407695551196,0,3,-1441.417099529842,0
481,34.673904226659815,1.2228107991524417,1,0,1002.4339671421867,1
482,41.35528979600647,2.9915409058868017,0,4,-518.5298019910751,0
483,36.57191393342265,1.6808260711464778,0,2,-4491.751126044846,0
484,6.805665533877179,1.799299921471655,1,0,6746.974228018243,0
485,85.4596897417482,1.0478370980150906,0,1,-2116.5958203746213,0
486,0.67238792710603,0.9345575096732494,0,0,565.6473635267998,0
487,5.3986931698310885,1.6998393840936756,1,0,-787.699417832473,0
488,82.14968957643448,1.5539553823770222,0,0,3535.282158525321,0
489,20.659303450488498,3.025880049523354,1,2,-3851.3092789504626,1
490,56.90062442191066,1.6797025007438235,1,2,-1529.4145987180918,0
491,10.072311536636532,1.5655523332777443,1,2,-2871.066031355276,0
492,30.29898789473135,0.8176055770096055,1,1,-2696.191952968448,0
493,26.357339385209382,1.005363547047661,0,0,1573.093286418645,0
494,55.46818697444412,0.9836497724668892,1,1,-5866.2404856492285,0
495,108.43475129789397,1.747893739843525,1,0,1472.2484732610258,0
496,62.02584701103966,0.938307232803163,0,1,-3444.1950885063015,0
497,13.206213034870087,1.258663983235444,1,3,-638.4507389175942,0
498,4.089097146796657,1.1829803621057629,0,0,54.53810962373018,0
499,42.932229643417216,1.1589237620984585,0,1,-4233.092225854534,0
500,60.340985933432925,1.782742678977368,0,1,-1940.0974584580044,0
501,27.055539635906317,0.9693190653118053,0,1,-643.7699469059144,0
502,0.7643278082714372,0.8982189983150356,1,2,-48.35636230754608,0
503,1.1012440035088231,1.4290004249242343,0,0,-1079.7450889451566,0
504,7.419725798765985,1.0477291612943667,0,0,-925.738478885517,0
505,19.03480592942218,1.6741022719291028,0,0,-310.6014384847863,0
506,23.58550047982026,1.2176786470840089,1,0,3488.255533923501,0
507,5.3096016528906915,2.357342522769734,0,2,-625.6387688702011,0
508,3.9971120032158143,2.634983036689709,1,3,-1499.9761954674782,1
509,5.107528584709545,1.1701472671078958,1,1,-3947.3782461574538,0
510,56.363154709443464,1.3174479119871778,1,1,-4048.4247556144155,0
511,42.6527727364631,1.0223380567014275,1,1,-3842.647210422122,0
512,10.663274995791948,1.6024254456468674,1,3,-13.737478538924279,0
513,20.80879874221516,2.790024317667582,1,3,-207.21098204348664,1
514,36.725049486716934,1.1911531903409514,1,0,-75.0790891910085,0
515,22.094562693241993,3.1964011523200826,0,3,-1015.8367272996443,0
516,31.84267757100812,1.7557588424512183,1,1,-4108.077313048216,0
517,130.57777534861415,1.47507733758422,1,1,-5171.064052041003,0
518,32.233312588641944,1.3362550841791467,0,0,-980.7443572711932,0
519,0.4708335663129348,2.2422269853792205,1,2,-1556.239264817994,0
520,2.2913723271367044,1.059711597957465,0,4,-775.8438686954596,0
521,20.761735938850045,2.413364982650306,1,2,-438.4870769798622,0
522,33.994260901966236,1.735783901424661,0,1,-2615.0189557123704,0
523,206.4963773684143,1.6184576527354722,1,2,-2351.3487355998163,0
524,10.34305897323189,1.7331071845460475,1,2,-4376.697867338465,0
525,19.06852728169277,2.972912266740413,1,2,-3798.912918670394,1
526,19.15703485669932,2.0590347453802558,1,4,-2146.8390478541214,1
527,23.311356573860248,1.30467649413617,0,0,670.1137678378861,0
528,9.877051729551779,2.702592279498281,0,4,-2050.7626946540868,0
529,4.3317641189023215,1.2337426708075578,1,1,-2729.3098240170666,1
530,17.107394254642827,1.2950319445216059,0,0,3852.3397250635016,0
531,34.277170817400425,1.9617887710438695,1,2,-1380.1640806653038,0
532,65.13492425635265,1.951046039067571,1,3,-4192.681258788147,0
533,24.168846048839757,1.7318139922565807,0,0,1489.7198242422933,0
534,32.06580043961217,1.1138324950301186,0,0,4530.007717899869,0
535,30.449213203870823,0.8060148843607877,0,1,-4553.990182489317,0
536,3.5719754413740556,0.895141670122322,0,4,-1285.7167853843266,0
537,19.689360262364588,0.9651291963447753,1,1,-1814.6884608417804,0
538,44.5900744016498,0.9394521659181455,0,0,1120.9133086831598,0
539,65.32254644198092,1.1430084851257791,0,1,-1219.1437764701463,0
540,41.7988231161817,0.8983531895933471,1,0,3774.9034774715583,0
541,103.22627175851025,1.2001623653546936,1,2,-2184.8231350303586,0
542,2.448190444373312,1.1513223101507841,1,0,2121.203597322313,0
543,7.281450756672851,1.0488142769595985,1,0,431.7963924320061,0
544,8.422238349813185,1.684057571664662,0,0,-891.0213296084207,0
545,82.86477493760684,0.9299661865895997,1,0,2084.3493266163705,0
546,8.63434225923033,2.9576515750467314,1,2,-3669.803982198774,1
547,2.493030711728452,3.2160214602644084,0,2,-4630.069351027923,0
548,24.13919019792715,2.6227457544252064,1,2,-970.5015327298327,0
549,1.941407867888164,2.6004346063904418,0,3,-2490.1439456685166,0
550,26.34251085861065,3.15613558220526,1,2,-581.6044909860229,0
551,13.543246269351455,1.684021063215837,0,1,-6106.645099444486,0
552,1.2798619526038617,1.4901259448805342,0,0,1041.0850710178893,0
553,9.892146075109377,1.586801412523227,1,0,3297.166425129441,0
554,9.282199092814615,1.9335279922784447,1,3,-3689.3408057545607,1
555,91.57509108142914,3.3845623265349065,0,3,-1851.7784752140733,0
556,32.87220786301672,1.0075855713338386,1,1,-443.03528006214583,0
557,62.97702012280615,2.7855186357591033,1,2,-3775.1877713525773,0
558,11.100156177813608,2.1489315881215365,1,2,-4343.49259069586,1
559,4.2319329348828045,0.859587008226152,0,1,-700.3471333625771,0
560,40.338455620505314,0.8764560641833041,1,0,1885.1061431241442,0
561,19.831496951342828,1.2243482870198819,1,2,-6115.452721819455,0
562,46.525028384166205,2.0908385717888285,1,2,-1422.1146242818866,0
563,54.65454026287198,1.341735387650808,1,3,-642.8698987521338,0
564,17.656700630298783,1.4161678269063247,0,0,-1927.1596090954558,0
565,7.233110615438867,1.4130841217868657,1,2,-2492.280154348469,0
566,164.65203519489063,1.6356372738616336,1,0,1735.1225878528041,0
567,17.76632263319275,1.93499345949795,0,4,-1047.7636448631415,0
568,20.800754026207503,2.788919939422592,0,2,-3856.508196539964,0
569,5.416497216460168,1.2478132549084253,0,2,-664.0097646512729,0
570,68.34308616949475,1.0666701307145954,0,1,-257.75376520708596,0
571,36.45293870833268,2.8823007699050702,0,3,-4640.847419744772,1
572,48.3720469564545,0.9598051737061154,1,0,2310.4482181634,0
573,6.213360671223773,1.941742106022426,1,2,-4841.61422162183,1
574,45.6227866333555,2.6100410806067154,1,4,-3099.5286603639715,1
575,15.564507134673239,2.779933078537335,1,4,-4264.1888600249395,1
576,7.141815261192898,1.2317653349090107,1,1,-1742.2325799692871,0
577,37.220444310971295,1.9638283309373767,1,2,-689.1146414627499,0
578,92.03537382521691,1.733688151266231,0,0,-1612.3501378925166,0
579,131.87794580533853,1.0753374160884817,1,1,-2499.171599151756,0
580,35.977129199042956,0.8107748704340543,1,3,-655.9033226655329,0
581,8.028080665645332,1.5110505430352987,1,2,-2642.716615982081,0
582,42.80449901571242,1.1179877303281092,1,0,1872.099401513678,0
583,8.240405100058405,1.8085832695168074,1,2,-4051.8717751878085,0
584,5.009232519669336,2.415606184153837,0,2,-1387.7287129514073,0
585,30.18184049157078,0.9782019787595915,0,0,-2120.8699421482074,0
586,24.93696400207813,1.5143485644331256,1,0,-185.8161860835305,0
587,59.09648617344321,0.9206283851033036,0,0,1156.1296536504842,0
588,54.34057901088589,1.1153807718773816,1,0,487.66010214427683,0
589,78.94959696852031,1.6338030943030808,0,1,-1026.8448996832103,0
590,98.9776762664366,1.3151386385015345,1,1,-4186.933659633045,0
591,4.4337417820318334,1.3585272914831714,1,0,244.62140132292643,0
592,14.493226723362632,1.7397264323132886,1,3,-405.864232910028,0
593,63.57654813524385,0.8228484008993981,0,0,5141.7692049872185,0
594,2.7216781119885645,0.8559371279830329,0,1,-4814.615993607229,0
595,14.14874017731233,1.3047614485145957,0,0,2950.135561562855,0
596,12.417419351891331,1.0966935905970585,1,1,-1451.5006913081502,0
597,38.002577836506376,1.1716049349189972,1,3,-5116.881194258672,1
598,8.599395189358336,0.9401520094108553,1,2,-2627.8419493088068,0
599,37.67672752770632,0.887675788558046,1,1,-3462.6773165178083,0
600,32.85423100196981,0.9152460169009001,0,0,558.6211308570365,0
601,67.19502223141669,0.8453118990510865,0,0,-4282.617690790649,0
602,69.57647234294532,1.6007437783106568,0,1,-5167.456702334799,0
603,14.385493959202284,1.2933122036660842,1,3,-522.7662383019865,0
604,161.8673499883754,1.0280615202691477,0,1,-6788.846919319366,0
605,3.440340973770026,1.184519182443772,0,2,-3424.526310600305,0
606,1.0146923030763941,1.558072850829106,0,0,3307.7096095622665,0
607,7.479040165690991,1.284604826685928,1,0,393.86998894366025,0
608,199.50943845874352,1.087005284356355,1,0,325.03841798680014,0
609,13.9047478555567,1.7051104626464413,0,3,-476.9719201030366,0
610,70.03050251804723,0.9857330886765188,1,1,-1427.6274721416316,0
611,134.26957730989506,1.5935614128959696,0,0,1671.4761706314575,0
612,52.37190662112088,1.3241488094937073,0,1,-408.79159324826014,0
613,34.88716903294644,1.204101110211973,0,0,1363.9272373735341,0
614,0.9999754607063969,2.4204800987005797,1,2,-2640.946170186641,1
615,10.797139315816672,1.6826521247387651,1,0,-2030.0338560356377,0
616,4.928215568047064,0.9180298556454164,1,1,-4040.4540725217216,0
617,51.327073636951404,0.9253973235388131,0,0,-1586.1987406274047,0
618,9.422238722958081,0.8909995049421527,0,0,4048.05682925766,0
619,8.710722748845367,3.1191504914017685,0,3,-10879.992557902748,1
620,45.80595349748994,1.6486190171684343,0,1,-3906.3207868567633,0
621,27.771075738048335,2.7985588439220836,1,2,-507.70653812200135,0
622,35.75052062991581,1.398948275014265,1,0,4137.16097921386,0
623,3.0127525784693363,1.3367811208918385,0,2,-2954.6498147017414,0
624,53.01007337513474,1.6642477751283469,1,1,-902.4544678862085,0
625,19.415841274462927,1.3227202158827578,1,2,-3043.5509224274574,0
626,74.74752621602619,1.593587652328182,1,1,-3153.6951414946247,0
627,31.334395339343118,1.4544043745342186,0,2,-3370.3138899888545,0
628,4.522367088436145,1.1510947103916351,0,1,-5457.394872339101,0
629,19.31100218600441,1.423329947398749,0,1,-391.08876582893254,0
630,34.32847866004717,1.6400885890564463,0,0,2890.1016537137357,0
631,44.38063634020945,1.0222112741272404,1,0,890.3811462604793,0
632,13.584056280713519,2.420848695778049,0,3,-1942.9624870639586,0
633,1.326044886805657,2.8876231439483337,1,2,-4261.771262021071,1
634,16.164367113341722,1.3492986960998856,1,0,2464.9855818175974,0
635,13.056591040264081,1.602846546370957,1,4,-4106.884910031602,1
636,34.17596172560403,0.8853534352646776,1,0,5597.801798215267,0
637,21.56013923991617,1.7661354402088505,0,4,-2772.871688637063,0
638,68.04273377490748,0.8110858726515001,1,0,1553.8265510015297,0
639,2.8622022261612505,1.8454683213572787,1,3,-1683.531410669279,1
640,7.640261721178438,1.3726274314934825,0,0,287.5360057518251,0
641,12.057668461705278,1.4354571161318193,0,1,-2756.3584207658387,0
642,80.67005728833074,0.9233731071204221,1,1,-5622.981933118541,1
643,24.167240804035195,0.8478768283907148,1,1,-596.2622485714694,0
644,89.41167568810279,1.266101765066257,1,0,1654.6073075556444,0
645,3.6691981618302645,0.9083075864097693,0,1,-4773.006138013505,0
646,72.44156593372364,1.469878271053707,1,1,-472.74924788542035,0
647,41.426337271637756,1.442739914183234,1,0,1829.8610928562857,0
648,5.261040400960257,1.6850519996413658,0,4,-555.191235413055,0
649,3.8815542226498865,0.8129143309726672,1,0,1.0581864076002603,0
650,12.64419757505347,1.721156580073428,1,1,-4073.5929528883107,1
651,30.418252634381894,1.0162815309139388,1,0,2689.0353696578795,0
652,60.06821118116596,1.665331117310453,0,2,-479.22660258444694,0
653,21.52001767296591,1.7778964882054082,1,3,-2937.8563987687617,1
654,14.549413384971382,0.9458930945160745,1,0,-1097.0233698830484,0
655,55.7617015265943,1.3270307204703213,0,0,1170.457600616538,0
656,31.89579356345617,1.420963046026336,0,0,-67.50020816094707,0
657,69.19118350845935,1.7669862806176595,0,0,412.24811461247714,1
658,194.2655781095261,1.3869282838699377,1,2,-112.72886962213943,0
659,10.796661977207693,1.043689312787557,1,0,2348.6736301059345,0
660,2.3980175047435695,1.7904008396600317,0,1,-3082.3598443047313,0
661,17.26604444371448,1.370787254457548,1,3,-5012.2349611602585,1
662,8.273557340477069,1.1162321682698786,1,1,-6780.071542913322,0
663,16.48149772370346,1.3507272276786761,1,2,-4371.1262967320035,0
664,74.57986745958888,1.0505030780526783,0,1,-1953.9981066987098,0
665,78.5846601094518,1.7075278854611131,0,0,2246.0945859062913,0
666,12.567015303137346,3.240990707387181,1,3,-3534.7927021369032,1
667,148.96454191491856,1.7050177753595759,1,0,-305.7665481023596,0
668,8.761511263231077,1.533341413110003,1,0,2290.8586127960752,0
669,50.75951532286511,1.7140815893894397,1,0,-1807.0816952959185,0
670,124.11072686991082,1.569685070340841,1,1,-4067.812844835944,0
671,7.591845968096724,1.016918426138672,1,0,-686.4719600655931,0
672,108.19690135522401,1.0399538719928503,1,1,-5270.331419638857,0
673,11.9112566483034,1.1960887602462176,1,0,334.6023286754332,0
674,124.62328952276873,1.1952106332414565,1,1,-1875.5534647690183,0
675,188.56977042643086,1.3742857890287095,0,1,-7543.908471910549,0
676,17.190883685142353,1.6945562595135624,0,0,-1337.2654862291502,0
677,17.708933211448976,1.5964104338818683,0,3,-8320.03411054912,0
678,8.989623877988794,1.380903922389052,1,1,-3667.010993778755,0
679,6.537401048829957,2.7565558570445035,1,4,-7213.944091796632,1
680,48.48237685122713,1.1594377237858322,1,0,-804.7375740487396,0
681,4.272252644703185,1.1916299943049586,1,0,4738.032913420329,0
682,64.04650365649319,2.753132023208799,0,2,-2412.157397815404,0
683,28.037160305238245,1.4470712201810558,1,2,-43.086897193572895,0
684,16.627251372371248,1.502437860412075,0,1,-4813.2196326190815,0
685,1.6434742504659712,0.8342628281844738,1,1,-6621.990750437309,0
686,101.357753484628,1.5867391472314523,0,1,-3407.051436006639,0
687,1.7233805287320967,1.5721341375104139,1,0,6367.150637062608,0
688,56.75403137939854,2.798780851298899,1,4,-2.627506846451979,0
689,74.34758115298771,1.755089092772486,0,1,-223.73477642795478,0
690,4.88521670957802,1.7788260249226888,0,0,897.1293539403861,0
691,8.208181946851397,1.5973913781561264,0,0,3845.180660697138,0
692,55.77006197856448,1.4930981994176804,0,0,2338.1274047324123,0
693,37.68400787513627,1.3533872339096127,1,1,-3502.08128138504,0
694,0.8703212907113413,0.9279200116914025,1,1,-3259.2045701904167,0
695,2.423087706726147,1.5379069962729226,0,0,4602.573940320936,0
696,86.00808522983999,1.4571303867588825,0,1,-662.6061033138876,0
697,37.38485843581458,1.625200163283485,0,1,-2556.5640427350386,0
698,3.4179731684602594,1.3838962927970013,1,1,-18.239268520476344,0
699,27.036885466913485,0.8343051192837999,1,0,2885.8409954928475,0
700,14.343191287628485,1.9248069494293456,0,2,-610.6582391237723,0
701,149.04328044865395,1.7284176735767356,0,1,-2673.7406755968195,0
702,4.047866367104368,1.6658151665226602,1,3,-3524.983966342304,1
703,10.018933855094929,1.6357294222391667,0,1,-73.3906316629459,0
704,35.15282880249704,1.4849820697614557,0,0,-214.55090824239164,0
705,242.79131821848782,1.561862271534051,0,4,-1583.445442937358,0
706,3.2933268110750458,3.4032457565108274,1,3,-1779.3320694259592,1
707,40.70801869112518,0.9043737663112091,0,0,720.1390810157927,0
708,46.34161192097624,1.307528069491446,1,3,-3587.6496495208894,0
709,6.827756501773924,1.2487347182522848,0,0,2891.5550753296975,0
710,86.40779842638105,1.7446083381009778,1,0,936.538529937247,0
711,3.5695881131613216,2.423557413651878,1,2,-2065.384296855964,0
712,53.98033660325229,1.3137090040122206,0,0,2726.6719996873308,0
713,2.45230068839917,1.4774612255204418,0,2,-6327.738641530861,0
714,197.60885329512206,0.97024209515252,0,0,-1233.030314268878,0
715,14.42310237331589,1.41481660367766,1,1,-2809.7022988641857,0
716,189.05837473510158,1.6273983343176384,1,1,-6145.716942568659,0
717,153.77158067856195,1.5918502985486565,1,1,-597.2082120414934,0
718,26.208634581151415,1.4437851914560227,0,1,-5058.344881553153,0
719,87.59645488971569,1.6160062722946487,1,0,-4638.870108306875,0
720,20.92222463125347,1.3505898266934144,1,0,2007.2869091458558,0
721,40.01405494382361,1.6884178206297948,0,1,-5743.763034301375,0
722,15.059107531881628,1.2797761524922247,1,0,-326.7662580991632,0
723,23.811462641165356,0.962423797689521,1,2,-3012.9345838045965,0
724,13.27173667587764,1.679949383382093,1,4,-163.49143458589515,0
725,19.811974528714384,0.9352053801319945,0,1,-2602.357127202438,0
726,129.8234242085925,1.541875591532255,1,0,1471.7354367990322,0
727,10.864072054996136,1.3415870541846906,0,1,-1968.5741641615282,0
728,85.7246229607687,0.9607013799264665,0,0,2164.6794422576804,0
729,7.774617671330055,0.9966154001715098,1,0,1600.2993952734992,0
730,109.88880036232014,3.4028686103266104,1,2,-1029.852556179975,0
731,1.7104513570666404,1.017024189875432,1,1,-928.4017712725022,0
732,188.9362627950412,1.2202955061233558,1,1,-5219.401978450051,0
733,18.681689631985055,1.3288220393614725,0,1,-7815.01690546631,0
734,132.61116147406352,3.4390891515690596,1,2,-3447.374923820632,0
735,8.029925761906881,1.48139090069223,0,1,-2563.911024461213,0
736,23.154633220773547,0.8865732973650157,0,0,-1019.3745773846781,0
737,50.182558008452446,1.4727756632677225,0,2,-2562.74551259858,0
738,80.49077700813515,1.5640098621236729,0,0,726.4289404328,0
739,4.934385296879809,1.2151584580841277,0,1,-773.4756017388936,0
740,142.7332061720696,1.4834208168051664,0,1,-1681.771093295828,0
741,0.13407646069877321,0.8579371104296537,1,0,769.810796353812,0
742,11.182822141879658,1.417337405460541,0,0,1995.6125379857174,0
743,1.0414037758504275,1.7595248479957846,1,0,-268.4928207572507,0
744,11.590055680887854,1.1022080700652135,0,1,-2649.936844148042,0
745,184.15952131995118,1.6291046260618114,0,2,-1314.388721135117,0
746,52.6126541137048,2.715950530617293,0,2,-5056.2932515254415,0
747,23.132246387936195,1.7990250822967382,1,1,-6987.131426703026,0
748,75.49605331453162,1.179534463691487,1,2,-2188.1603416882585,0
749,22.399040068542337,0.8901388301528089,0,0,5591.562043266349,0
750,40.73567246061733,1.2840889390581647,1,1,-6512.245733614667,0
751,91.11458304490365,1.6188753903810775,0,0,885.3959389770954,0
752,8.981564420639396,2.539315058068679,1,2,-1977.9557292152342,0
753,71.11308277667077,1.5064273200092009,0,0,1502.758311456918,0
754,71.35780074735942,2.8523715461738433,1,2,-5472.74593756119,1
755,0.5213940429076687,1.1619160209708475,0,0,1254.050908797174,0
756,41.04269796587566,2.1441258129770286,1,2,-1674.575861108313,0
757,17.701501623996833,1.7418147999351974,1,4,-1698.7323352788935,0
758,17.351337361891485,1.123958952259601,1,2,-719.4918377280496,0
759,36.35546066588259,1.0929672470056393,0,0,1843.7513943458544,0
760,72.39349691757265,1.0976368629071565,0,0,6268.671812098074,0
761,7.04726662077092,2.9449387353437237,0,2,-2298.8571605700427,0
762,21.305442067349126,2.89052092189105,0,3,-5307.898237418083,1
763,36.51279588842553,1.2099213920946197,1,0,719.8846275209407,0
764,36.741099480260765,1.1042312049944611,0,0,140.9999762278262,0
765,154.77806543797948,1.038624182571343,0,1,-1676.6263664498765,1
766,6.666699797718103,2.499941883487396,0,3,-3116.6737581364077,0
767,0.7185551001813568,1.1271041987126886,0,0,3647.402497437582,0
768,52.39999839768443,1.9627749401052197,0,2,-750.9577488264392,0
769,37.73841554091612,1.3265308420891846,1,0,1345.8515503681688,0
770,21.693868535567486,1.2723292299511852,0,0,740.602602199732,0
771,3.5477279006095777,1.2694598327867814,1,1,-5861.283489603704,0
772,7.536345077832146,1.0703006889329558,0,1,-2397.029675229202,0
773,21.675004709012487,1.4530623526981257,0,0,4274.259746726451,0
774,19.823504426730786,2.5445644684733058,1,2,-2432.7285608662974,0
775,63.63232181501417,1.3756034340863064,1,0,775.9672345498775,0
776,58.46463238106929,0.9501951507448004,0,0,5062.563169693138,0
777,2.2729380733056663,1.6292418857449502,0,4,-4765.803762173087,0
778,24.61536597988419,0.9515792719919152,0,0,-83.36030956818786,1
779,43.11747066155203,1.5178423313431761,0,0,-1475.7857806912807,0
780,0.9963793728701275,2.4036805365882215,1,2,-3491.2516338147984,1
781,20.47117404984934,1.2949703726975992,1,2,-107.18578337473036,0
782,9.370808534520949,3.145999344396528,0,3,-3822.382057107732,1
783,4.216564780983178,1.4316659363975266,1,1,-3835.7103486939095,0
784,12.290275906791482,1.385291006991196,0,1,-1231.0634770272409,0
785,39.136296882978606,1.1331581346655415,0,1,-6075.297150125987,0
786,51.53982944689446,1.0515077412173959,1,2,-1275.7155695327192,0
787,62.66256827288926,0.8772563783891238,0,0,582.2094790581813,0
788,32.78742563281215,1.0843077354443889,1,2,-6424.634505098768,0
789,12.461300535097703,0.9651572135644362,1,3,-5243.041969078289,1
790,30.57931286101955,1.5226564613676623,0,2,-1703.812057611958,0
791,10.661229088098136,1.0129399413984124,1,0,-799.3889740371869,0
792,162.32578558677503,1.7570876539215727,1,1,-2749.521589779564,0
793,89.3243272119299,1.0363167426271631,0,1,-1485.3012433099716,0
794,175.767135316466,0.8265878661770059,0,0,7.220740932216586,0
795,18.943398328442953,1.216563960197007,1,1,-3997.6642361727813,0
796,11.904730591818916,1.7033905903466124,1,4,-3335.768104285848,1
797,5.79461093227763,1.7659256389601352,1,0,2001.4733720525956,0
798,3.0454213654307822,1.592667909336802,1,2,-4750.2254061722015,0
799,3.821801154986314,1.0162875254561223,1,0,3702.1821515589827,0
800,14.051739313754721,1.2088032936408806,1,0,4795.424466690138,0
801,51.30264454754828,1.7799995457778905,0,1,-4575.894079774853,0
802,15.160588013683808,1.3974140298872368,1,3,-368.62197943048113,0
803,41.2218295786217,3.1615807973372174,0,4,-1460.0331078772888,0
804,26.324225408406026,1.1732471460476828,1,1,-111.1222529953302,0
805,28.02569575563787,1.1002960655225171,0,0,-127.88612421800076,0
806,6.768023512841711,1.9205695810023786,1,2,-45.36824811832548,0
807,3.3946022657596786,3.020593283949874,1,2,-4083.709257694816,1
808,19.736513334635685,1.727730128967708,1,1,-8852.762022966988,0
809,32.05478366366587,1.2066027679183686,0,1,-5453.782624403464,0
810,12.646842429740538,0.8302527961575366,1,1,-4268.04664049093,0
811,51.252261379779554,1.40508925519038,1,0,3499.395820183042,0
812,2.438053097986098,1.7224984016152889,0,2,-2798.9811576233187,0
813,43.30938529171887,1.5424704249848145,0,1,-2368.859345650872,0
814,36.56853056301148,3.252278071330895,1,2,-1524.274296349701,0
815,39.0325649475172,0.8849348422319834,0,1,-456.1538776571351,0
816,21.41729824788649,0.9434517790165042,0,1,-259.81620470604867,0
817,64.31621350094724,0.921296230383776,0,0,608.0513952561428,0
818,1.0038705934185181,1.1130385929642894,0,0,1423.5073983754455,0
819,50.21462945524531,1.6686310683990007,1,0,-22.911256892444044,0
820,0.7139610835341437,0.918740632720444,0,0,448.86311914416365,0
821,258.65575680496596,0.8352044040587698,1,1,-5518.38806638244,0
822,6.512847186197089,1.382754259576305,0,0,7463.029548817284,0
823,17.367573877812468,1.2874283672456617,0,1,-5457.3881739783865,0
824,4.318434862982081,1.2265210047123163,0,0,3824.266957227728,0
825,183.16381805966927,1.2737965571079788,0,0,-492.3752083234426,0
826,45.54938483285812,1.7828414226771576,1,1,-613.0515394997255,0
827,62.32778630509993,1.4039795716645314,1,1,-2871.0906932734424,0
828,54.83473327598982,1.2858332916102193,0,0,2567.219445176732,0
829,31.558976509684754,1.6169137703573249,1,1,-3567.4066013011375,0
830,11.421290064263685,1.2819111697018544,1,0,-703.2557301931874,0
831,42.34730240125141,1.3162038114848778,1,1,-3194.0843518946504,0
832,21.545617489709073,1.543876416697389,0,2,-4315.930465123324,0
833,22.43474337061919,1.6571933637521612,0,0,2999.006607677411,0
834,5.972914456756639,1.322574290365076,1,0,910.6074658000629,0
835,37.41156037255855,1.6840408450456499,1,0,-208.13285680147214,0
836,3.9005878398730696,1.132258077178352,1,0,2590.085335214316,0
837,70.52023447766312,1.441952271012958,1,0,4515.913592106488,0
838,79.3038916330698,2.7172647443751687,0,3,-2710.1798816320634,0
839,29.709285584167954,1.6268692708481982,1,0,-520.0304362040372,0
840,53.161429707851205,1.287691412276906,0,1,-572.1898507259316,0
841,9.386953098263833,1.473003591582582,0,0,-2388.9796900695806,0
842,48.782411855286114,1.7004210405933955,1,1,-4641.032549902858,0
843,0.19976582482538913,3.257681992337456,1,2,-714.5636822019696,1
844,3.6224995895251455,1.577976809149189,1,2,-2845.0183093370797,0
845,30.7984716804583,1.1317018717242289,1,1,-5898.780043423301,0
846,10.042062472766666,1.362107264597755,1,0,5343.422915643208,0
847,43.25755459365496,1.7112577805719282,1,3,-2735.2262059031723,0
848,31.11169258659444,3.0401515001015307,1,2,-1276.8659141495098,0
849,9.235125795130458,1.8513810819517866,0,4,-2770.112206834203,0
850,70.93671201538189,1.1410257430457698,1,0,1461.990033519908,0
851,5.125223993467292,1.8632995843711684,0,3,-3593.848316033169,0
852,25.21902361146559,2.044198187211801,0,2,-3564.2407842531006,0
853,15.21666424737998,1.650951628224255,1,1,-480.3302698138991,0
854,51.442900840855266,0.8430649561482001,1,0,999.7841827514789,0
855,92.83704031640768,0.8444616909023223,0,3,-2587.1906985681185,0
856,13.3797105765913,1.2372462300837972,0,0,5262.8629907031245,0
857,5.232887794702545,1.1203144213106881,1,2,-2143.49204052614,0
858,190.7662722085031,0.9287225815173336,0,0,3031.0512115866795,0
859,16.715991808112154,1.0125830029958216,1,2,-4432.173510660894,0
860,18.11519190427048,1.553232464665033,1,1,-653.2026856994157,0
861,0.07333089121638105,1.3930052132055537,0,1,-1290.6313143211405,0
862,155.41540923060012,1.5879534783177935,1,2,-7796.105240021569,0
863,36.185603186406276,1.4259021328865185,1,0,3623.155625811796,0
864,56.06416509157584,1.7353302859543531,1,0,2472.309988783035,0
865,35.87244581218489,0.900557130574627,1,2,-1617.652161986572,0
866,184.20177969812895,1.6777075222328302,1,1,-3204.30353705674,0
867,96.54398746036914,1.0222447652236983,1,0,1747.6190856321336,0
868,24.40737330965516,1.0713338329895516,0,0,3072.857836286724,0
869,5.531747851283036,1.6280235944832562,1,0,242.0514658339889,0
870,35.95963886919721,2.240725507223622,1,4,-4098.256007930138,1
871,12.7429167797405,1.1331641041706617,0,1,-1027.613227823111,0
872,48.3438883126468,1.5246998558804299,0,1,-1460.1855371691322,0
873,6.894889328323982,2.9759139775199057,1,2,-1083.3134610431298,1
874,102.42889437045575,1.6676690507476994,1,1,-1630.9245388984148,0
875,32.51066092322682,1.151467682917959,1,1,-1528.2247458522668,0
876,21.857401262687752,1.3301064994768061,1,0,-1732.9677691741476,0
877,104.18052710968271,1.7934536656821491,0,2,-6415.940333021268,0
878,15.154163264915033,1.5406018352503865,0,2,-1408.1013054741165,0
879,15.504774351707223,1.2268339509247665,0,0,944.1216654251034,0
880,42.8788491041484,1.1076488237326645,0,0,-162.63205975711116,0
881,23.833439345404503,1.672997279486835,1,1,-7136.774601027791,0
882,24.296749757983648,0.9278181704681008,1,0,-669.125642261085,0
883,34.55064754063038,0.8598551728017155,1,2,-4363.5350619163,0
884,33.05015948454042,0.8832142966391966,1,0,2456.7031741219607,0
885,7.175759325826209,3.2286562853890928,0,2,-2041.9193560044332,0
886,37.64701024168006,1.0536405202442132,1,0,2101.429497576509,0
887,16.07709883931154,0.9896673595437484,1,0,3187.702460864933,0
888,32.317289984407374,1.2153591190455417,0,0,1034.9983820952743,0
889,30.457203190024444,1.0330985963281707,0,1,-1682.4501194637173,0
890,28.308714600055524,0.8997143597322533,1,0,-908.4773460603838,0
891,37.19411509265802,1.1538084832250934,1,0,533.2473671463472,0
892,5.726082043094318,3.3100578282144184,1,2,-725.5974491494571,1
893,91.89861912545604,1.5934437934305719,1,1,-36.36970462822774,0
894,42.79595647624686,1.225037866823612,1,1,-5339.654370393546,0
895,33.87284208116458,1.1957183880266165,0,1,-1223.9004164418227,0
896,6.471501684105078,1.0630337574284865,0,0,1171.239507887452,0
897,1.148333126865975,1.719981555985011,0,2,-899.2859787481541,0
898,81.09821630101442,1.1671687636915236,1,3,-3944.2491407401067,0
899,10.55031044265045,1.4697120210598889,1,2,-6928.271635260843,0
900,83.23384907367567,1.0682180142476079,0,0,-540.1030677453318,0
901,3.449248893872354,0.873111004687729,0,1,-5608.61907337153,0
902,31.40254315895831,1.5121608675169524,0,2,-4325.20007289285,0
903,32.000325312158694,1.739037781251736,1,0,-3055.137561406057,0
904,11.42730420009853,1.2026139704101053,0,0,1166.6460602770974,0
905,6.241644124817852,1.420105656466626,1,2,-1288.0294458170363,0
906,33.68679285585589,1.075554143980196,1,2,-2957.8150335844,0
907,10.419256460653523,0.8177330638336812,1,2,-1616.6505806662005,0
908,22.444189423302056,0.9693590473800227,0,1,-3083.4959183477786,0
909,4.716664594592187,2.246269489433176,1,2,-7950.922149497475,1
910,7.555801238594596,2.4610491250351023,1,3,-2887.8497843971904,1
911,14.101800553270813,1.294709504054075,1,2,-191.75915735247054,0
912,2.562572018486502,2.210283129013919,0,3,-2651.9776085269746,0
913,74.9370084921504,1.0894525374186408,1,1,-4543.081030894207,0
914,3.949266320646534,1.7166434373974093,1,2,-8272.591634411343,1
915,47.94213707390132,1.9709423854417323,1,3,-1148.2001726408253,0
916,101.02627919519365,1.6848188234666175,1,4,-1720.3413822111659,0
917,18.13117890014781,2.3892704883613485,1,2,-1697.693744085936,0
918,72.30815795043351,1.7998514856332293,1,2,-2198.445939684776,0
919,63.35787118428209,2.052485443525019,0,3,-1195.7416416614385,0
920,62.918708352477424,1.7922981783843963,0,0,692.1592658324361,0
921,61.03617178743988,3.3785391726972365,1,2,-4366.516544862519,1
922,41.284193257966024,0.9880725557664677,1,0,580.7035884459806,0
923,83.90487868627088,1.4941672252211817,0,0,425.0328361577476,0
924,20.305393854139346,2.0423313590843555,1,3,-4391.664424616438,1
925,25.10898045972356,0.9443683389818868,0,1,-5857.5010890976955,0
926,7.11037169724312,1.1040674336567116,1,0,4343.335887978974,0
927,15.813190244143241,0.8436464394594287,1,0,7451.153721091952,0
928,21.45574868396608,1.5052805841170616,1,0,2867.3691081276647,0
929,78.38285809506328,1.7551744661795956,0,1,-667.3783556143901,0
930,9.484676297148495,1.7732310529785638,1,1,-5519.1633841436305,0
931,146.7398957971678,1.0860715466199504,1,0,3100.298611104078,0
932,2.2017905120158394,1.6912514267251186,0,2,-345.07557055394454,0
933,52.34290826613559,1.3513876788412529,0,0,1014.1759333016321,0
934,3.0700557725378688,1.0475597854012162,0,1,-3347.9682138650282,0
935,104.46322510758921,1.4976984930903967,0,1,-1173.6950067559328,0
936,31.70871612670928,0.9787413146657707,0,1,-3104.1182862894016,0
937,45.191001709191184,1.0539911906803263,1,0,-1107.8968344818627,0
938,64.05228958630896,1.4871439786980356,1,1,-2270.601761143295,0
939,4.462915018220558,3.1923187464027225,0,3,-1.556482288429379,0
940,96.68505752748126,1.4998656036477365,0,0,2356.1303000839607,0
941,46.603218702368004,1.4301597681576526,0,0,1037.6031815401611,0
942,14.51929747209415,1.7492514252271865,1,0,6061.291443318675,0
943,10.006344010307549,1.1087828957660277,1,0,-57.61936150096176,0
944,27.182309022929125,0.9960503699695984,0,1,-4055.234745118687,0
945,89.48215896895533,1.5266645091699762,0,1,-8305.367937692008,0
946,101.74148391344755,1.5385114554894754,0,2,-7281.942100238724,0
947,13.10942675230974,1.8510736941950676,0,3,-5810.437007061108,0
948,15.605177697335032,1.375519175484747,0,0,-218.4157147200351,0
949,18.630986381105025,1.3095106034565953,0,1,-4365.948038983557,0
950,102.53062057780447,1.167762769887903,1,1,-3251.4967864745468,0
951,22.83279733990355,1.2781333846534428,0,2,-4283.659673325578,0
952,8.016788175874465,0.9698188677525571,1,0,-330.0727008252379,0
953,35.76727302126715,1.5900370297977928,1,0,-193.31564341792114,0
954,82.21850363490623,1.724964198731199,1,2,-1779.9450518337244,0
955,18.61329699538171,1.769453854481985,1,1,-801.3616827455855,0
956,195.73287056446333,1.737293101086748,1,0,1040.544947279289,0
957,150.46117064174967,1.7623491835795315,0,1,-4436.7896390885935,0
958,33.266619947241665,1.1739374755741183,1,4,-4850.710541223472,1
959,5.690113534276096,1.3890821804335955,1,1,-1704.6184935019046,0
960,87.16522692340371,1.1404580933431134,0,0,2947.3863345299096,0
961,39.83663288724452,2.384549335680062,0,2,-4867.363447664051,0
962,57.89310943534546,1.465077943912481,1,0,1809.2908132395862,0
963,39.04819412780548,2.1552518761660426,1,2,-3366.069833959273,0
964,95.33819802660014,1.7791756224351714,1,4,-3346.73497215351,0
965,13.168470237141571,1.6486135258651191,1,2,-9032.574615611253,0
966,1.4426449185766999,1.2794646881699239,0,1,-3477.8349591553106,0
967,125.71591636323033,0.8876530477958547,1,0,2227.453358534242,0
968,109.23214606637961,1.734270068834149,0,0,4385.660510305414,0
969,45.26960194857185,0.908974516345955,1,0,1345.1249168152171,0
970,1.158425762745882,3.4685622892270613,0,2,-5016.6721473475845,0
971,12.566162229196848,0.8379606764398863,1,1,-1715.8895066729851,0
972,95.24024314897359,0.9565200029414448,0,0,1550.3380846613102,0
973,91.5115373051937,0.8770455804196038,0,1,-2713.88866101604,0
974,101.47714071781526,1.8749842638643213,1,2,-2757.191004556208,0
975,58.70505154641771,1.6612894144800112,0,0,2407.807609076421,0
976,15.23049426512116,1.2210916891282195,1,0,3485.7856022202523,0
977,21.87339973255432,1.066369496872559,0,0,1495.205899014175,0
978,5.770598562141914,0.9332592771374066,1,2,-310.17769764450395,0
979,27.85456306490839,0.8454066575727228,1,0,-17.79511002514073,0
980,44.60737071037083,1.0607506807596934,1,0,4830.877197858446,0
981,7.7384154215475265,0.8523770871637187,1,2,-4320.450588281415,0
982,24.799937096448378,1.6940584283470357,1,3,-218.55586944663537,0
983,49.881280337007276,0.9365730317380376,1,0,2649.87539853225,0
984,33.72764391221848,1.377385632430113,0,0,45.22933339473161,0
985,30.929822010956876,0.9474263249610564,1,1,-1872.9003215908435,0
986,19.453950739879794,1.780972435941103,0,0,-3173.931648620245,0
987,18.392540440322517,1.4749460465986224,0,0,993.9216116577859,0
988,14.001056133450046,1.1625775444885047,0,0,301.0532920923349,0
989,11.316581428851713,2.5351020981389643,1,3,-3270.292615766169,1
990,15.505707482754296,1.782376382605285,1,2,-2682.0098853895142,0
991,54.78105241196335,1.625468007755622,1,0,116.24980481774651,0
992,44.03073052818225,1.6526605167945732,1,1,-1522.4339833645859,0
993,7.187456679981722,2.684039558809989,0,2,-207.62936870491467,0
994,25.67212131887389,1.389883234969439,0,0,3566.358609484368,0
995,39.21876325825103,1.3014018948903585,1,1,-3422.598639967943,0
996,22.312742986752244,1.5910849955622166,1,0,-269.32051003000015,0
997,29.296894175973126,1.1958025008403705,0,0,513.0280159611004,0
998,34.17351021342353,1.7455700695783616,1,4,-3605.463321049615,1
999,4.756083867190528,1.4149161083065174,1,0,-193.82530848181727,0
1000,97.28956399058775,1.0861641123106713,1,0,2653.6404133298383,0
1001,6.9593014851290285,1.248221498876617,0,1,-3335.9703667868857,0
1002,130.2962208189306,0.8354402313666341,1,0,2142.555365400802,0
1003,28.95360759888502,1.2528307970101236,0,0,4523.264596110486,0
1004,7.072025100474988,1.4046563254562177,1,0,3726.058091592291,0
1005,279.1434980257083,1.5358907395417023,1,0,4830.156792034078,0
1006,17.536694827574255,1.7866498681039298,1,1,-706.1180505124848,0
1007,10.671758114601786,1.643062372343885,0,0,2612.0342500086144,0
1008,98.79323577531613,1.3165621223451067,0,0,1570.5080995224453,0
1009,54.29235888171223,1.0585396518382624,0,0,1569.9221704690758,0
1010,6.388533897314459,1.8470373497734562,1,2,-2302.610773603984,0
1011,27.75507532790481,1.1254545742157551,1,3,-7533.187824705426,1
1012,31.210004017075203,1.5377731502483853,0,0,3899.9603362254516,0
1013,61.93548742885794,1.2072436974769785,0,0,2367.2098873554132,0
1014,15.24191737640028,1.5178989780608767,0,2,-2325.949263147793,0
1015,52.58792923128395,1.7917693643232797,1,3,-665.6805324594502,0
1016,78.0295819272416,1.9058107314203934,1,2,-2493.8155633382794,0
1017,38.12961663951812,1.0223387421299965,1,1,-2561.8437924091386,0
1018,43.16768477450819,1.6202073013385123,1,1,-2032.154254713302,0
1019,0.13213894247399413,2.0035184481401185,0,3,-5716.111737028634,1
1020,126.13025031415464,2.6882302478750466,1,2,-1623.245639100027,0
1021,2.81212855833475,2.1032552648297025,0,2,-6314.129024933525,0
1022,7.529311255943851,1.7198949967444754,0,0,3087.1355119298823,0
1023,1.5923669404796015,1.6683661901953493,0,1,-1556.749953317595,0
1024,70.74340200741052,1.3235876378474836,0,1,-114.38208221138984,0
1025,65.09639934822238,1.776956364033388,1,1,-381.8592726868628,0
1026,79.3265503773591,1.4081013352595217,0,0,-1085.560735264551,0
1027,10.126331454893249,1.7972942900810405,1,2,-1469.5442042487255,0
1028,15.001792567182726,1.7982026532357525,0,3,-4250.310298934871,0
1029,39.736920567152254,1.6129962672811158,1,0,3855.7873391573166,0
1030,5.631805299791173,1.5407770772632245,1,2,-5242.45067015467,0
1031,17.113511035995167,0.9610731905773899,1,3,-5138.327091563922,1
1032,7.767628160285241,2.210667125509306,1,3,-1410.8767149582031,1
1033,30.530238022698192,1.5863270918651167,0,3,-1412.9530845293702,0
1034,6.62912108807184,1.2212000575187552,0,0,3913.6970486494697,0
1035,27.496004657751225,1.38653627132752,1,3,-1992.3399394243686,0
1036,12.51112334490331,1.7074236517989314,1,3,-1183.1475806026983,0
1037,171.79824445098296,1.3981348515891403,1,3,-2969.23688662683,0
1038,6.761445633686971,0.922786733352503,0,0,-1086.9277173052046,0
1039,17.14482124184408,1.6529434943892862,0,2,-3004.8444556214863,0
1040,6.532498003773137,1.5160466853332855,1,1,-2647.0839581178598,0
1041,6.994859842087832,1.7285840854760628,0,0,3186.6700358948074,0
1042,111.8480295309158,0.9115996705852292,0,0,2175.698097675435,0
1043,45.62239479531459,1.5539126804643835,1,0,1726.5432625459773,0
1044,43.55738362349702,1.1184136724912064,0,0,-1311.7353517100341,0
1045,14.664729507935386,0.9556562357246443,0,2,-4285.057901843453,0
1046,102.15798248490249,1.1118542709008907,1,0,3191.1004464483212,0
1047,106.25407920286484,1.487411619227811,0,0,1790.7937764874055,0
1048,24.281293992253982,1.420769842398077,1,2,-1475.4384951000136,0
1049,7.838111066955459,2.46938617140397,1,3,-3553.783730646306,1
1050,41.63876248366493,1.591707913768829,1,2,-4713.9462952744825,0
1051,70.79742371908937,1.160676976492518,0,1,-9.726080811949487,0
1052,26.59313391047457,3.1362597743977094,1,2,-646.7125902110511,0
1053,32.79301795736806,1.902284609221653,1,2,-6317.651655432572,0
1054,7.078895155844577,1.5054637349701236,1,2,-3989.9381554582524,0
1055,14.369605064118296,1.5218897564991474,1,2,-936.8105234826901,0
1056,21.05439478268865,1.37103140315473,0,0,-3048.8585509849263,0
1057,23.261734398802105,1.0894724315858433,0,1,-2862.214957112509,0
1058,0.33859772512219,1.3483307058525047,1,1,-4129.788091403941,0
1059,50.75785788506787,0.9045509061836714,0,1,-3331.3176269872242,0
1060,3.5421746480999614,2.4323509122944036,1,3,-717.9952949616495,1
1061,4.421732589045988,1.2976722704345183,0,2,-996.3544813604599,0
1062,20.806642245756212,1.5125207204416307,0,4,-5623.72156512722,0
1063,9.53726897955581,1.0570528711430511,1,1,-5690.55565972769,0
1064,144.80271259918345,1.2084907969203686,0,0,2142.7702557363727,0
1065,16.131556428952422,1.6610712596793356,1,2,-3203.524940181189,0
1066,24.68710197055615,1.2217568093857545,0,1,-315.55562423151423,0
1067,4.203407503465662,2.0102089844284246,0,2,-3748.966368570218,0
1068,28.197858755309166,0.8821691369271365,1,4,-1810.4345296011716,0
1069,3.192560727418946,0.8419948386740009,0,1,-575.5054755777201,0
1070,0.37044765550144276,3.1646327014629776,0,3,-2290.0939765787193,1
1071,14.874393754546093,1.2175896315030093,0,0,449.72929342554903,0
1072,54.86171992291228,0.8532386372773761,0,4,-3015.570281709016,0
1073,70.02130106810809,1.4787507680112633,0,1,-1126.6132609098404,0
1074,36.67660286080635,0.9756529736472099,1,0,1261.5165970384448,0
1075,32.181119728576554,0.8705215895595315,1,0,1566.8344749484972,0
1076,5.2928727926260075,3.4763147073812704,1,3,-2891.459552946752,1
1077,98.70177627092974,1.5500892613411663,1,1,-1564.541185217318,0
1078,80.87824906269884,1.660815255344678,1,0,3747.8986823307455,0
1079,39.110095448119715,1.0344672834566602,0,0,2708.6156273197,0
1080,59.180207465119686,1.7799860489073538,1,1,-8162.33526976346,0
1081,111.89621888293944,0.9707407401266973,0,2,-558.7438348792944,0
1082,20.372421969586068,1.2403668259544747,1,2,-302.5062900243488,0
1083,44.992361636843576,1.3744722459820684,0,0,3650.2731561957517,0
1084,48.39613947026965,0.9572270285261045,1,2,-1740.0112698608013,0
1085,100.12437302687994,1.1612891477204412,1,0,792.5236372627102,0
1086,58.70353730135689,1.609386345083704,0,0,1318.5433215981793,0
1087,14.122252723650897,1.7563744029635826,0,1,-1593.6182334180044,0
1088,17.72690824167695,2.9135147691896552,0,2,-2859.13008042822,0
1089,57.76118357977029,1.2946194223538687,1,0,1556.941604202621,0
1090,7.32783310165231,3.2068459036542967,1,3,-3290.8353393388334,1
1091,72.97987118168653,1.1245450908816799,0,0,1471.2051021122447,0
1092,4.97462772510786,1.2845349896945955,1,0,1740.5667394095053,0
1093,6.658173069312056,1.1940992514909097,0,4,-768.3458405732886,1
1094,3.2935089386333067,1.5461175241972587,1,3,-1289.8867937065338,0
1095,11.771903258868925,1.394332127956081,1,4,-760.751387118831,0
1096,76.25960430086764,0.9227106409847977,0,1,-5033.319010155543,0
1097,62.92606655037741,1.5813228265903279,0,1,-4335.8447277223595,0
1098,18.382548373522603,1.4766658625460782,0,1,-1517.1374576860826,0
1099,6.390340332551653,2.335828577000437,1,3,-5804.645326824834,1
1100,0.21080206215158087,0.9463595440941356,0,2,-863.828054011638,0
1101,66.7961029584353,2.25144046282222,1,2,-3330.247342188083,0
1102,26.234942405319423,0.9649264069241134,1,0,2103.167545593499,1
1103,63.402104501301324,1.764260545685118,1,1,-6142.309029137692,1
1104,236.3283708700193,0.8353458204788637,1,0,320.43918013120197,0
1105,98.32210227416799,0.9407687404042028,0,1,-2971.8827649720733,0
1106,3.132338030254611,1.2283820149125746,0,2,-2966.627783354426,0
1107,36.47894250455475,1.31874355757605,1,2,-6288.028323916094,0
1108,0.7469207281204426,1.2822232022023992,1,0,1566.3581982849696,0
1109,0.14811453013620549,1.6810916209951798,1,1,-1964.9358961933121,0
1110,7.01579483146655,2.303817657203707,0,2,-772.2033218880374,0
1111,4.130532604236899,1.7550798922217332,0,2,-2509.4796417643815,0
1112,22.034682364297442,1.9978511140152884,1,2,-2055.423043809408,0
1113,8.28578771192662,1.761726746192433,0,1,-3315.5044559470393,0
1114,14.5788692217086,1.5570832518029385,0,0,2726.4770593138637,0
1115,0.45184915900842215,1.0278898306934139,1,2,-2251.651351396505,0
1116,7.558910021471394,1.1830432277576772,1,2,-3418.163174876129,0
1117,48.33151035875747,2.542000698713501,1,2,-1954.636703704055,0
1118,1.527729694436616,1.2992439773731344,1,0,2774.5502683496607,0
1119,35.65650672116619,3.435079454502638,0,2,-1619.6125345609573,0
1120,16.544640865814088,1.186695257616864,0,0,2989.993732888526,0
1121,10.262304036084428,0.803344351967927,0,1,-5159.057361838104,1
1122,94.44893159346059,1.4646262720795806,0,1,-4035.775644963913,0
1123,31.24801909564363,1.7568254028225108,1,0,1574.390043163873,0
1124,7.778186930699425,1.2391980110951017,0,0,-305.69168592962296,0
1125,13.583035424856371,1.6355153754438818,1,2,-1696.3136768580034,0
1126,18.941008497173893,1.6026670930499578,1,1,-1731.0184024434068,0
1127,44.21862871749007,1.133620708737305,0,1,-1230.4955232537313,0
1128,49.696909594264895,3.0890906437207963,1,3,-304.0543296359747,1
1129,18.160657334830795,1.1987532413156927,0,1,-2791.348222561994,0
1130,8.15156200968383,2.8946926830158635,0,2,-6754.264726190973,0
1131,33.66584034495449,0.9811824662171086,1,0,2233.0092659081174,0
1132,57.2096124340678,1.608447473582995,1,2,-5941.93399372452,0
1133,9.85846578488223,1.0686255859718132,1,0,2022.9381378909825,0
1134,5.291604162868737,1.3604827787778313,0,3,-599.4005317917527,0
1135,3.941687421017676,1.068363664742892,1,0,-94.23723319937358,0
1136,34.24216140996254,0.8205805271513003,0,0,-1946.9653373925585,0
1137,9.756864614120323,1.7427825274952076,1,0,-76.30941625252899,0
1138,0.06310954990123274,1.7104771161665586,1,2,-9097.631607227548,1
1139,13.036880290037393,1.7171615219194698,1,2,-888.4493066611271,0
1140,11.734915937849749,1.248759159903985,0,0,1096.1375038851888,0
1141,56.65037956607899,1.1386118376914862,0,0,3472.8980181365832,0
1142,6.699963288478034,1.79580559902725,1,2,-3943.4180311936097,0
1143,75.36540787069141,1.0349847439331317,0,1,-3832.467666915605,0
1144,102.93934732200944,1.205424151470892,0,1,-155.20723151062884,0
1145,6.343284129386362,1.1145096360034255,0,1,-352.0126145045674,0
1146,16.725911206015894,2.4278240718375788,1,2,-2389.4257192161836,0
1147,0.7946078575781726,1.0807784902357191,1,2,-2275.7141013290243,0
1148,5.34850788736391,1.4841850330998128,1,3,-3220.8700228947373,1
1149,21.99015170678208,1.748708350321222,1,1,-4627.014632234723,0
1150,41.30730171643408,1.3716809230725466,0,0,1544.612956098551,0
1151,162.4865634381302,1.3667492779254458,0,0,6219.0180713934915,0
1152,58.88699633467287,1.4006835051370903,1,0,5656.329318085786,0
1153,36.670152072796306,1.6968058360677118,0,0,1988.7290804834092,0
1154,2.2056842642981804,3.411723253279102,1,2,-7617.196399179178,1
1155,78.84531222958316,1.7269921487479953,0,0,2219.939363528287,0
1156,1.535610738537671,1.4193884396912524,0,1,-2051.499909655095,0
1157,80.69817608561695,0.8047786685000646,1,0,-550.9885631206466,0
1158,18.114750902390877,3.0520554054844213,1,3,-2069.8880017268343,1
1159,6.177235973038968,1.2058771738884118,0,1,-9638.76065219655,0
1160,107.61309989990511,1.6594975252088957,1,0,1285.0654435026386,0
1161,4.792201866096301,1.3177143297165572,1,3,-4099.541602419924,1
1162,2.0775884668255284,1.149371866539727,1,1,-32.326115104268865,0
1163,29.85574170936389,1.0969987063284536,1,1,-2745.497575760117,0
1164,51.813271569179385,1.5090251746511487,1,1,-7301.715532412386,0
1165,14.779036130094845,0.8829465581117519,1,0,-2053.1735756273065,0
1166,14.995391392502844,1.4647867132005863,0,0,1206.2313998120642,0
1167,33.15587416813967,1.0529748341516174,0,0,3383.4711531758244,0
1168,45.412902974187816,1.2146150182351867,1,0,2589.4655560550227,0
1169,26.082121220212507,1.378906183528454,0,0,745.8593306425646,0
1170,108.61050502397325,1.3764186872112618,0,0,2667.4009930884326,0
1171,104.48012904886825,1.5456904403848606,1,0,1996.2728230672574,0
1172,23.688445838244544,0.9820990414291657,1,1,-4173.909544999761,0
1173,5.099299987619636,2.9918415365844715,1,3,-4577.812544417568,1
1174,8.29987851780411,1.6274838632384823,1,0,1015.965920248984,0
1175,6.2307690667618125,1.7615885759583372,1,2,-2698.723454012634,0
1176,11.262020920919069,0.8310759938838177,1,0,1245.3939300974016,1
1177,15.119030940483672,1.0590686665559441,0,1,-113.78733116514286,0
1178,37.79714230144242,1.0748168078554254,1,2,-5107.559353641049,0
1179,25.723702242804393,1.7590149847338363,1,1,-2235.819946482672,0
1180,73.47336362019703,1.2500755804320356,0,1,-870.7752367900466,0
1181,33.22951618552091,1.6467275350123116,0,1,-2678.765831598954,0
1182,15.27727511051297,1.6565355936129365,1,2,-5563.833157339039,0
1183,61.96830084051028,1.1109605177037913,1,1,-2846.8178683053347,0
1184,216.4464156479832,1.2727601644750377,1,0,3795.531491960449,0
1185,45.2222557272005,1.1090814900139299,1,4,-6368.464313723076,0
1186,9.2794420832295,1.62963991577487,1,2,-5832.911302537097,0
1187,26.264486876194116,1.7179512087829174,0,1,-3265.8469226778557,0
1188,113.08176665742364,1.5511108581743343,1,0,-759.8960277216693,0
1189,23.84009678201481,1.445560065266378,1,3,-2098.651483206325,0
1190,128.61326758695816,1.779054790403858,1,1,-1302.061110727398,0
1191,31.94387336018789,1.5119331429043417,1,2,-2513.9569505284044,0
1192,7.351154470595943,1.4123458557878494,1,0,637.4075171403849,0
1193,6.537297798571111,1.1975443289828434,0,0,-513.5491504173108,0
1194,13.396883443649212,1.5464014924618552,1,2,-3442.03655011918,0
1195,85.51184999943119,2.8176884587043345,0,2,-7717.4607620167735,0
1196,38.25329943075471,1.0800040365998744,0,0,3994.2943566839913,0
1197,11.650330232796279,1.7290106676423114,0,1,-1030.6511120569487,0
1198,30.016443692759392,0.8007495078961747,0,1,-212.05491855690207,0
1199,62.53499671102613,1.4522458453926461,1,2,-2035.8710976575367,0
1200,31.466235443778373,1.5265540644667883,0,1,-5523.674682312334,0
1201,4.263968519911551,1.7346377811580977,0,2,-4953.305116562198,0
1202,6.738627366541593,1.5945323862835967,1,1,-4909.095086612031,0
1203,0.0008010271587189703,1.5654282623947489,0,1,-8769.781503646222,0
1204,33.8940402587247,1.7293547086294954,1,2,-1342.50716149269,0
1205,4.982561166856738,1.5442722567568952,1,1,-994.7936809290011,1
1206,55.90257073532822,2.6851050426747998,0,2,-6189.981827429701,0
1207,0.9252186472393292,1.4955797982169183,1,0,6127.234856718624,0
1208,13.11974078142348,1.699340557795654,1,2,-5202.453883394188,0
1209,6.476106683322751,0.9107461067303632,0,2,-2650.8038185868395,0
1210,11.867096117614487,2.7932246539596157,1,2,-20.328378804824297,0
1211,45.395358499612904,1.2356886111624688,0,1,-2193.4424924782616,0
1212,10.74301015447884,3.1517023034835563,1,2,-5142.576138036816,1
1213,14.215851658844688,1.2105619066913211,1,1,-10893.306453903919,0
1214,28.055878037937195,1.6421338565939267,0,0,-2533.268401537441,0
1215,2.358775219339199,1.5892050872385224,1,2,-831.975458234052,0
1216,67.72165243284792,1.4649503383149538,0,1,-5098.69512149597,0
1217,353.4639797636705,1.0815708112824298,1,1,-5685.332622387432,0
1218,16.8965342456104,1.787754572774314,0,0,1348.6887625652446,0
1219,110.2482828180477,1.580299577319229,0,0,970.2476330223111,0
1220,0.981047960454115,1.2369225853477253,1,3,-4033.222541122826,1
1221,44.47841044742372,1.7074891475672687,0,1,-665.3371300605882,0
1222,14.785513908185191,0.8955665205178411,1,2,-2550.3603331569925,0
1223,46.79438620452162,1.614505346500816,0,1,-529.4880471582501,0
1224,15.576033788736112,2.791266821287275,1,2,-2166.4565568224043,1
1225,82.33382158463426,1.0151100312497776,1,0,122.35883504715412,0
1226,77.8058512230872,1.1264279551753655,0,0,2332.3135265031406,0
1227,3.630239282850327,1.4000060532677687,1,2,-595.1733635425958,0
1228,81.98604984623138,1.7908603337632294,0,0,3193.92652629679,0
1229,6.56186725137816,1.7211209476092881,0,2,-7329.696390974908,0
1230,22.580576457731706,1.566292667980467,0,2,-602.4144726368866,0
1231,2.133743003928234,1.7417368213573683,1,4,-839.3901556974099,0
1232,80.04773099279173,1.3148383293014256,1,0,5365.198216497156,0
1233,359.61164139386557,0.9959816852747575,0,0,3721.0333429751477,0
1234,35.96381117570499,1.4558096222860784,0,3,-1300.0443155156713,0
1235,26.976234879335326,1.6384995370270947,0,3,-2449.831501331672,0
1236,13.620354788165123,1.6400352506958615,1,0,3684.4225299794243,0
1237,61.706408060760346,1.3847686938349322,0,0,5128.828422349106,0
1238,105.54730060890947,1.7210952331486085,0,0,-1325.7203100784554,0
1239,82.26758820559333,1.356675382329056,0,1,-7332.349182998676,0
1240,0.9606736150839816,3.461826357712776,1,4,-1094.8616119092862,1
1241,2.73280172528901,1.6382544025244967,1,1,-678.0636195103723,0
1242,24.842618955616537,2.2686064276105578,0,3,-5561.798920822961,0
1243,2.7920550890294153,1.7959431219584183,1,0,2052.796815811832,0
1244,11.96453895429424,1.7904017445336882,1,2,-6416.632479119007,1
1245,5.6202472383873925,0.9873410105653088,1,0,-1176.5736653637678,0
1246,144.2550562196882,2.1580107420277264,1,3,-328.32764593152797,0
1247,36.57372013539722,1.4529475121987314,1,0,5154.084447665551,1
1248,27.383855769094176,1.6977960096243514,0,3,-1212.0271929376268,0
1249,2.1061766390877827,0.8072493538733829,1,0,3223.4146500891766,0
1250,2.1160360245321503,1.0030026742678344,0,0,-1532.2784338178635,0
1251,7.796821166525751,0.8968939029837981,0,0,1915.3572725858548,0
1252,63.06976426178087,1.42852556794554,1,1,-3685.3321844051443,0
1253,54.19691252676909,1.0169398287832188,1,0,4613.949739540494,0
1254,1.7963292896884526,1.61031736556984,0,0,-580.4434468038867,0
1255,12.954161638136622,1.5301546633027612,1,1,-1299.4803243436977,0
1256,0.24247499929110156,0.8912804191340815,1,0,1813.6938627964917,0
1257,92.949054134941,0.9491364922969032,0,0,2136.025425464316,0
1258,54.6487660159997,1.1739912530258807,0,1,-5175.118604466491,0
1259,1.3574053266556523,1.519280024489837,1,1,-4268.113990082476,0
1260,17.43623449755597,0.8715217152780311,0,1,-1446.7225859647933,0
1261,189.873260969534,1.7694614208781843,0,1,-2081.2300509514307,0
1262,36.38150051467065,2.647840057999658,0,2,-1736.8150024018673,0
1263,6.40984261709167,1.6043999725739968,1,2,-1204.8003160653916,0
1264,3.3764492504128407,1.7440334482141133,1,3,-2856.5743098806524,1
1265,5.251466954409764,1.5725572320776176,1,3,-1628.5135151991308,0
1266,1.488275276555107,1.608194716993228,1,4,-2326.252899271385,1
1267,91.64841591209131,1.7230007114427923,1,1,-6863.737087149934,0
1268,89.45667921210138,0.9577166143191701,1,0,823.8926935547131,0
1269,98.46861891750773,1.645097687467358,1,0,3288.3605644574536,0
1270,47.63471576838828,0.8863187418271969,1,1,-7007.400819919078,0
1271,13.784152201945219,0.9227532108928438,0,1,-3889.2811034700553,0
1272,30.861585931373384,3.337860589226773,1,2,-945.3902223779107,0
1273,8.316332346793185,2.647538047356466,1,2,-3760.990756964259,0
1274,38.21445832785943,1.2328869078570919,1,0,-779.8596828752793,0
1275,10.823749083049341,1.8489757598084289,1,3,-3354.545779966554,1
1276,4.165050288249174,1.7566441412748381,0,0,4828.031174213445,0
1277,45.98821746866723,1.640776549346474,0,0,3206.6940094701804,0
1278,86.31019226602385,0.9857241804245225,0,1,-2763.5338197147857,0
1279,11.903616957190984,2.057848795626025,1,3,-1860.402061825257,1
1280,30.648005825408898,2.3161469892788378,0,2,-2787.7264587616155,0
1281,37.645135244691964,1.2900968546410396,1,1,-4143.10512025435,0
1282,31.321166132680233,1.5744343197568016,1,1,-1633.0270422714843,0
1283,137.91725993799068,1.0659976941386105,0,1,-2259.550401209136,0
1284,3.3382104288800396,1.3644963078813155,1,0,-1613.5413422727065,0
1285,20.1906576188049,1.1212779067731713,0,0,3481.5567383805237,0
1286,37.28345295960571,0.818870880021417,1,0,1769.9937738477508,0
1287,82.87470442132114,1.7428629623615783,0,0,1827.2499053589372,0
1288,103.12905462358239,1.2334597235049878,0,0,1541.3738992259905,0
1289,37.70482589642054,1.4040246898322286,1,0,1477.4512788955833,0
1290,13.964242490338098,3.0862334363272605,0,2,-3884.681054214956,0
1291,96.05533631747389,1.0145066306969497,1,2,-309.0771609298263,1
1292,6.255899485311156,2.7716267180136147,1,2,-1469.480768471426,1
1293,96.14039344357526,0.9999294213861074,0,0,4424.757303360717,0
1294,13.701210986600351,0.9849499554091938,1,1,-3123.760762195301,0
1295,57.58066482279435,1.5874611296856282,1,0,2309.3671565501336,0
1296,16.454722606024855,1.2890465726747895,0,0,-42.19767659000013,0
1297,49.87854640135859,1.3203629701781416,0,1,-2878.0407949420724,0
1298,10.649840004099255,0.8098456225021885,1,3,-5978.9275049317275,1
1299,175.97598163684697,1.5267506543780378,0,2,-949.4274996156146,0
1300,58.98469199572973,0.8697857301126982,0,0,3756.975241882266,0
1301,18.76766913784198,3.036901262013349,1,2,-5873.682287950224,1
1302,30.49746631429947,1.5162761351651008,0,0,-26.428116542114594,0
1303,16.504675549930028,3.059964667698578,0,4,-126.84150988418969,0
1304,38.5969892071284,1.1966619470949496,0,0,1453.7237930081217,0
1305,1.913340065904488,0.9127037546256925,0,1,-504.9577195545794,0
1306,73.24411653202117,0.9564846923704825,1,0,2560.6426777283104,0
1307,27.462445376434495,1.760865668180587,1,0,824.6270679807278,0
1308,13.738116311496547,0.9300911352682392,1,2,-580.1613255888569,0
1309,16.51586915878615,1.3960844318939878,0,0,4990.400365129215,1
1310,99.46056937913383,1.6740123907023399,1,1,-150.7791511575174,0
1311,45.93995550718962,1.0839250819187134,1,1,-3568.51139860437,0
1312,50.84531013803419,0.8320466105374603,0,0,2497.34104449825,0
1313,80.53153168465144,0.9361271592491833,0,1,-110.31740106144207,1
1314,7.939113235791719,2.3833576698634857,1,2,-320.21085449449765,0
1315,18.301091430234585,0.9563644765550359,0,1,-5962.048842308446,0
1316,13.135932876400835,0.8226873169948129,0,1,-1468.6729334234492,0
1317,10.85476316782317,1.3462684395989228,0,0,4467.695525967884,0
1318,69.75960930710139,1.7234792307813493,1,1,-7609.741717928695,0
1319,133.058684618005,1.688461011372271,0,0,-1087.9493646243823,0
1320,5.3429342416181,1.5460806389235677,1,3,-7033.865952353097,1
1321,43.193659822507755,1.710758225469302,0,0,682.6364877890888,0
1322,25.493999390325957,1.0285415355929812,0,0,7.582818172904354,0
1323,93.45989575270416,1.1154031379884364,1,0,-238.9426370966239,0
1324,22.957635345404285,3.039243120381534,1,4,-3661.7697229321752,1
1325,14.475221397270396,1.2373799618631867,0,2,-7179.07693124512,0
1326,57.96636404767841,1.264851475468373,0,1,-4713.801070478479,0
1327,100.43537767676611,1.05254671334806,0,1,-1488.965801209065,0
1328,188.9910067427864,1.1713972720028711,0,1,-187.84880555882455,0
1329,142.81873636842184,1.5668621332156543,1,2,-181.28998624865244,0
1330,47.539388639035295,0.8179011448574214,0,1,-5319.8213527483695,0
1331,67.82718093969504,0.9166202352249639,0,0,1906.0862698855867,0
1332,13.305853534518045,1.549574725700247,0,0,3485.1647473803378,0
1333,34.877349202160524,1.6257898211491724,0,0,1585.2950418559867,0
1334,75.09008617176947,1.5300768589185074,0,1,-6112.465061950541,0
1335,96.80317357974995,1.6649891730537547,1,1,-6896.892467826665,0
1336,22.936679497735764,1.2132223577178025,0,4,-841.1265835607624,0
1337,23.662802259054043,0.8096405333893973,0,0,-90.63468670878456,0
1338,2.5689545417685737,3.339676244205646,1,4,-3540.79575666849,1
1339,24.87641378859395,2.0543113226617966,1,4,-1149.7947555968099,0
1340,24.335073638737573,1.5340536078173252,1,4,-3887.5069229837572,1
1341,42.794879585586685,2.298586600522171,1,3,-5070.006910177364,1
1342,5.703635013534227,1.2865309180629387,0,0,4278.650652936578,0
1343,2.200606324083543,2.0428848803337676,0,2,-5571.953556736551,0
1344,20.807560587427883,1.2791108031437282,0,0,2460.449685671642,0
1345,20.647027081796647,1.103411582509717,0,1,-6665.8727078268985,0
1346,40.648309963594784,3.159751574091348,1,2,-415.93883334351267,0
1347,129.30700139460157,1.2591227493729655,0,0,2050.374750849487,0
1348,27.560958299772064,1.7688223189877332,0,1,-1581.108404718762,0
1349,16.730723316618846,0.8878156975960751,1,0,643.48483212283,0
1350,25.260729808193243,1.2291289274157484,1,1,-6179.89867549675,0
1351,82.9039677255291,2.1029547663830637,1,2,-4308.302367408146,0
1352,77.8708957875701,1.5697371524984356,0,1,-3648.1990012791093,0
1353,90.98051668229009,1.2260055633603395,0,2,-4128.839117007597,0
1354,166.2199566642437,1.6614547958518138,0,1,-497.4375423721797,0
1355,19.035192701434273,1.7135811350763852,0,0,5153.469675106755,1
1356,33.98636684797332,1.9110249936554136,1,4,-3177.243978434919,1
1357,13.048750994145772,1.2471994697377302,1,2,-665.8762222068494,0
1358,21.816208908503164,1.924995456974502,1,2,-6211.156476731392,1
1359,33.53005008046972,1.1678785486468146,1,0,1944.7408635426061,0
1360,77.22565303968904,1.2115032199114302,0,1,-2458.0746761468504,0
1361,26.40681669495945,1.2380674401415388,0,1,-2851.5568243782327,0
1362,12.637457215270368,1.122641995823059,0,1,-7187.478628207035,0
1363,17.623883658263242,1.2994018791927893,1,0,1403.9508695607058,0
1364,13.066413741152433,1.2291087819078794,1,0,3861.916147354849,0
1365,47.4232048956785,1.3130502517763663,1,2,-7032.979723650543,0
1366,53.682946100242546,1.781326010576934,1,0,723.0748180836343,0
1367,36.694317907940906,1.163108888135803,0,0,676.3741716900141,0
1368,54.79197120614144,1.6065138301122022,0,0,2778.0370677421115,0
1369,17.41740054391069,2.155834166953094,1,2,-11637.846594342878,1
1370,48.789679758042595,1.564414282801648,1,1,-440.6772127323711,1
1371,26.660206529378744,0.9967510478907189,0,0,691.7107963714369,0
1372,6.010243402327248,2.415628937303981,0,3,-2652.407279785257,0
1373,14.037568358410613,1.485569654470242,0,0,637.0250806662998,0
1374,63.59596485998331,1.3839726237422387,0,0,989.4132107102396,0
1375,1.2385029660539286,1.3291145310506634,0,0,358.92704758723517,0
1376,59.71715997426712,0.839030705673835,0,1,-2555.3439910089446,0
1377,68.13156144372931,1.3990286170006827,0,0,-847.6853259468503,0
1378,18.21354052994859,1.0710034158385184,0,2,-3514.3760827628744,0
1379,34.5849015306922,1.5990147738271852,1,2,-5107.397050131907,0
1380,34.9329803054963,1.4605810440827822,0,2,-346.6596547651784,0
1381,28.48849874567101,1.382425939845748,1,1,-1641.1675966471116,0
1382,3.9280599671658534,2.5920435721047212,0,2,-2576.345456861833,0
1383,18.327814402298063,1.169648395570434,1,1,-4662.729976122015,0
1384,10.56440238564955,0.9390066917776502,0,1,-4698.89625826609,0
1385,35.72539865177767,1.0977821917513833,1,0,1857.2881648112855,0
1386,4.007685343216696,1.0824316559085965,0,1,-2695.913036153237,0
1387,69.50462611593935,2.901649874541071,0,3,-5723.128780251472,0
1388,54.41992007425179,1.7173471250649728,0,1,-885.8581366098961,0
1389,11.713785824955474,1.7685586006312457,0,1,-1083.0546570779418,0
1390,18.287192419431836,2.6321189928808755,1,3,-3978.992186572499,1
1391,39.096065763186644,3.09983828683771,0,4,-2515.435782607029,0
1392,86.43366665129172,2.0369084996443587,1,2,-657.3712324969515,0
1393,9.062001102103412,1.8163528340759794,1,2,-913.385505637795,0
1394,8.20112852888909,1.73021224659428,1,2,-3146.5572102655287,0
1395,52.70394938316749,1.4926837794618688,1,1,-707.2949834190795,0
1396,177.22813995126285,1.9245708056188162,1,2,-2184.560992605962,0
1397,74.45040426119657,1.2722395170940188,1,0,1967.0113520468663,0
1398,2.3209568298231344,1.3894472039355015,1,1,-2467.355302261121,0
1399,49.087233570865806,1.6436141933939812,1,1,-2471.6882552547095,0
1400,48.63113458241428,1.4243379734567945,0,0,2477.669491234998,0
1401,37.808428187750934,1.5817464800718155,1,0,3039.518337699664,0
1402,67.5112217168508,1.3524761500778142,0,1,-84.33360710384386,0
1403,24.447259316401396,1.4892543472922244,1,0,793.0172321715345,0
1404,1.8415759877829532,1.0178188247574558,1,0,3817.999717969695,0
1405,176.74422627245124,1.0700225033246404,0,1,-2754.5589164699522,0
1406,17.487614669859006,0.9316304189259195,1,0,36.60556972118752,0
1407,18.50119089787268,1.1137613743023458,1,0,-3286.510158083169,0
1408,57.837390268340656,2.2120635424592967,1,3,-156.0078192669789,0
1409,0.6976660956585833,1.6053905397720691,1,0,5289.907377146079,0
1410,63.41383581953524,1.715872306375603,1,0,2976.2927671759244,0
1411,120.89733542210766,1.2399792740894149,0,0,3222.1408321497697,0
1412,3.1633288332399547,1.111127830394493,1,1,-2940.259316057139,0
1413,93.92314428372312,1.2325019067239307,0,0,-718.8721796355867,0
1414,58.69950165984533,1.254167838446405,0,1,-2427.7527180488423,0
1415,37.13478315707639,2.7109746147060374,1,2,-525.7500457958693,0
1416,2.9334753975676255,1.5742085994030535,0,2,-1440.3822453293662,0
1417,89.01694597697104,0.8752225740374274,0,0,2544.6566226727355,0
1418,35.199687575224765,1.1375659667575708,0,1,-3929.465525191642,0
1419,34.95407245025015,1.8543799961317324,0,2,-1321.0241948497485,0
1420,22.563351711229757,1.5561734737645512,0,1,-1986.821608768218,0
1421,5.303100353479688,1.4479552998222505,1,2,-3278.281556910991,0
1422,58.12675476498449,1.5867960725789532,0,1,-4978.098811744708,0
1423,91.07214057219464,1.4933599186227038,0,0,2392.977889706881,0
1424,5.962681032974675,1.4690445061251451,1,0,-4161.999020795718,0
1425,38.55932467978556,1.2960376425478748,0,0,1963.4907562447484,0
1426,8.927404306320332,0.9603940377624004,0,1,-2313.1076221239277,0
1427,97.07260930996455,1.6150107964646487,1,0,240.35498705854934,0
1428,3.2549312248216395,1.0075049541698184,0,0,3164.6998166861003,0
1429,5.644380816487989,1.651300293428257,1,3,-1456.8964023681829,0
1430,3.6964789000074383,0.8711385932028806,1,2,-1800.253577606154,0
1431,119.25829141078141,0.8613448096835111,0,1,-903.6398558540732,0
1432,34.09975040325826,3.4842577886205053,1,2,-4557.594118961157,1
1433,21.797791459997825,1.6032791239918303,1,0,-208.60791862711517,0
1434,39.757237791921426,2.092132253070914,0,3,-2789.5988687454696,0
1435,21.260298136739927,1.6303548786492823,0,0,1509.0033562586175,0
1436,0.4301652875384727,0.9978207645105001,1,3,-3823.1918521980833,1
1437,3.2031171698585625,1.28606723350371,1,0,648.2214837901832,0
1438,39.898198126991566,1.0684433197363665,0,0,2677.722531682137,0
1439,223.48744919977142,1.3839548936540909,1,0,-2953.339910213689,0
1440,0.5164326405589466,1.6167514008542636,0,1,-5750.417128647751,0
1441,84.08228726881785,1.0406113616227968,1,0,2878.299657009613,0
1442,4.888455382167396,1.5791831007248096,0,2,-3737.5376492932296,0
1443,9.343696003646894,0.9662793099191264,0,0,-1262.7197689200884,0
1444,53.267038184260194,1.6205897915021001,1,1,-3142.4427314473887,0
1445,97.8560653341438,1.3113442851303718,0,1,-6272.393780072887,0
1446,16.829676074985006,2.700155021756043,1,2,-2879.485125544701,1
1447,28.21528209121948,1.2196379047482493,1,0,1517.2042466262437,0
1448,5.57495243371642,3.149523628190658,1,2,-623.811748205309,1
1449,227.42094574995843,1.2613427052139694,0,1,-3611.734189338693,0
1450,3.8296675431630343,3.253528719087301,0,2,-3896.987001830748,0
1451,143.25477991241414,1.5568396858242735,1,0,5682.900709791513,0
1452,131.0664877770722,2.8946357511312164,1,3,-1852.7791269656695,0
1453,27.429885074314992,1.1438383196085387,1,0,-1798.483485117456,0
1454,19.00169228745715,1.529744413326544,1,2,-3022.656479648835,0
1455,7.192285609198275,1.5215536932024678,0,0,2134.7668841602685,0
1456,7.510196748844988,1.231752216420926,0,4,-1555.8254771522472,0
1457,63.65823187519517,1.7858451092311665,1,0,858.8026049640889,0
1458,14.298550103143558,0.994849370466063,0,1,-441.68891579863066,0
1459,4.857227986211856,1.5121625241188439,0,2,-3342.473166977008,0
1460,10.036451867402839,1.643982398966461,0,0,2969.4692750034023,1
1461,104.57012712444809,1.261099485207371,0,0,3914.826319531958,0
1462,16.000813871950662,1.5820307761523509,1,0,-154.46491781987424,0
1463,24.648774531669574,1.5033175086996606,1,3,-3872.3901644274383,1
1464,18.851630337310333,2.705323409453075,0,4,-731.4103305741207,0
1465,62.1747722130826,1.4917994321650525,1,2,-3544.8383260832225,0
1466,13.87605082371031,1.2914214937999255,0,1,-2862.3569312700915,0
1467,56.4040187528527,0.8791206443394766,0,1,-997.0632269284197,0
1468,24.940046587552253,0.8062602885482992,0,0,1593.121253981721,0
1469,42.22280747253382,0.9273238396850505,0,0,2505.0387629956363,0
1470,61.78516804163364,1.2969758292711115,1,1,-5794.671818630479,0
1471,29.12404265139601,1.5522938212233404,0,0,3263.013664827709,0
1472,37.12809091866445,1.3815813552169263,1,0,-2064.077375068763,0
1473,56.36834851308327,0.8368537891132052,1,0,2729.1478383325652,0
1474,76.00268520629596,0.8991311479768119,1,1,-4012.2673001900603,0
1475,74.85880109567904,1.6039452510344758,1,0,-750.7506144468707,0
1476,25.182801712264872,1.2134137962679965,1,0,1233.3354413320462,0
1477,70.71890029197017,1.7049636303077276,1,1,-6023.981503463714,0
1478,44.31495673933507,1.6669028059786366,1,0,4465.787532776718,0
1479,120.86123034317569,2.433040920348079,0,2,-4055.556882937948,0
1480,21.787312428193502,2.176656886058696,0,2,-2048.0955496386737,0
1481,119.32720109824062,1.4965020276661594,1,1,-874.3215443717907,0
1482,20.94379144212407,1.2080994145332111,1,1,-3258.6107774483944,0
1483,1.5765712762493587,1.2119302774458116,1,3,-50.875652729693684,0
1484,12.445884471496187,1.2921551842065493,1,2,-324.31846371661686,0
1485,187.08236762986786,2.8538443528189408,1,3,-1753.472414313229,0
1486,14.429706566995609,1.2104893294049865,1,3,-4960.124484858173,1
1487,9.156724344288959,2.4848309897923726,0,2,-4853.459640033872,0
1488,39.549110393775024,1.5066171404387176,0,1,-1944.2443961427443,0
1489,52.079919586669696,0.9409262011214086,1,1,-4509.635083028392,0
1490,37.8106221304262,1.653714492749736,0,1,-2472.270275001772,0
1491,54.29755312641251,1.4772304323896917,0,1,-2695.8128208429007,0
1492,7.254217569549591,1.6640602391536734,0,0,3362.1520413067506,0
1493,49.70431158573687,1.387886836206061,1,1,-6946.167872732589,0
1494,43.165440055719,0.980814614727303,1,3,-1957.229218137848,0
1495,64.78595659232073,1.603542298469308,1,0,1235.1735142895905,0
1496,261.5289341039332,1.3031688464218514,0,3,-3386.2468415269686,0
1497,4.411529901215594,1.5658345419011375,0,3,-3255.893507489127,0
1498,23.859463216320787,1.703571075471149,1,1,-3274.3060067294377,0
1499,6.626561814032332,1.4648123095450485,0,0,1619.9311900519115,0
1500,16.264928895420297,1.4611878118373354,0,0,-724.4251135854861,0
1501,2.542057352742517,1.0931531449946064,0,1,-4263.458495722783,0
1502,42.91708757071976,0.9768853665638283,0,0,3669.266458247377,0
1503,35.69999349008846,2.237679899671166,1,2,-5239.9282213913175,1
1504,20.68590852694299,1.1397861846539996,1,2,-4135.458814517629,0
1505,65.20722833445043,1.4257598607645205,0,0,2684.5291373169957,0
1506,2.7454799413252027,1.3808218037342779,0,1,-3811.6303829259186,0
1507,82.63100027815518,0.8855350826422778,1,0,4557.307176210061,0
1508,4.134249132126698,3.0281509466815053,1,3,-5084.207517742039,1
1509,85.3263263913337,1.6724512681388715,1,3,-5588.65473781827,0
1510,36.06698790867067,1.4742544253895837,0,0,-593.4038448205761,0
1511,174.9874122775138,1.6302669873890114,0,1,-401.1534595915132,0
1512,32.68319105063785,3.324108057821767,1,2,-657.8112598576911,0
1513,15.312720835545301,1.1444189425624358,0,0,625.1688039406079,0
1514,40.87176494662176,1.7632366924108689,1,0,6796.275727424115,0
1515,6.922321089071614,1.2202879965371392,0,3,-4334.955406489625,0
1516,62.98430292326386,1.692399041537572,1,2,-1001.024894343599,0
1517,28.687202646660527,1.6022176064371765,0,1,-2834.622339487902,0
1518,12.146697181892273,3.436113291918514,1,3,-6729.66809079938,1
1519,17.920502161296113,0.8985407651882918,0,0,-1646.3629872737552,0
1520,49.09824208322601,1.2680339606259508,0,0,-390.6817145326536,0
1521,0.021798873032000135,1.720255774468088,1,2,-831.7778347372041,0
1522,14.075580552687587,2.9579145329260568,0,2,-3471.520973804877,0
1523,7.864055411184662,1.30956262586531,1,0,4254.650092852691,0
1524,3.4184706057900636,1.752613985313387,1,1,-82.9577907025946,0
1525,11.535303444437195,1.6769694505298487,0,0,4640.717976572205,0
1526,6.487009123819491,1.3677790230986502,1,0,1856.0026956793733,0
1527,16.33195594813175,1.563832859507995,0,2,-2264.411400915195,0
1528,11.814812593740035,0.8632036065868958,0,1,-1435.1640675970018,0
1529,14.67809083757329,1.2182220464014337,0,1,-3033.5930909143212,0
1530,21.649385483651784,1.522435713568221,0,0,-218.83482693479004,0
1531,18.693060186143363,1.2240718410132445,0,1,-5776.601789670272,0
1532,20.903174973624196,0.8915449848812375,1,1,-3431.073206732589,0
1533,26.721272158334685,0.943661383029484,0,0,-1201.5419773740668,1
1534,68.84417564724943,0.8040758528284131,1,1,-2753.741780775399,0
1535,37.197599961149535,1.0613707756501205,1,0,309.3252826297223,0
1536,6.257888948802684,1.7790822312904062,1,4,-1350.0703369259047,1
1537,8.65493641767486,1.605626856680889,0,2,-1411.5847339595416,0
1538,103.43056220085683,0.9813424832318224,0,1,-25.99414108631754,0
1539,24.97480023283526,0.98685159749783,0,0,5134.607658370496,0
1540,13.587168426367382,0.9648940395497119,1,0,812.9926722111268,0
1541,10.261788970279309,1.7391788173406966,1,2,-7524.795937282353,1
1542,31.243893924943695,1.7830792535019993,0,0,1800.681592267505,0
1543,14.128157571155977,1.0406283115658919,1,4,-2660.62727512392,1
1544,1.488491723123638,1.3197892911401605,1,1,-338.215312072879,0
1545,239.60803797098427,1.2627029594489718,0,0,1535.1961780222603,0
1546,26.698580479804367,0.9315542310637418,0,1,-1699.2569659555636,0
1547,11.029859419773567,1.4797089593373602,0,3,-220.77962095750127,0
1548,18.205961607306076,0.9998835322533972,0,1,-2246.3064323118892,0
1549,5.017244146923553,3.49521053383108,1,2,-4565.591148999041,1
1550,152.81973396549654,0.813019085913477,1,3,-4731.207427968209,0
1551,20.93232677177177,1.451591645624318,0,1,-4926.364025988787,0
1552,29.957947797213833,1.447531231330761,1,1,-4327.361206618105,0
1553,164.41803173645047,0.8908894303032608,0,0,702.9625955430353,0
1554,5.729319324560267,1.6236853192294893,1,2,-1783.4450050364753,0
1555,24.786133590782555,1.5777390637042727,0,0,922.7010125706092,1
1556,12.711937262475548,1.0258987340645405,1,0,-1720.874733574076,1
1557,35.449543994015045,1.7800231384418552,1,1,-3542.758878498903,0
1558,29.87766013626248,0.895556837949885,1,3,-598.5017186430323,0
1559,116.98764072661135,1.1698479625815805,0,0,900.8227590167694,0
1560,0.9001941697210294,1.732979027967695,1,0,1102.6135394416895,0
1561,2.724596048986089,2.996257059066713,0,2,-674.8925408518799,0
1562,23.26633191931015,1.3654983103034928,0,0,-121.69535674064127,0
1563,53.1314701940717,0.9021910415035184,1,0,4070.2155287387086,0
1564,41.906281059322694,1.2281384532542323,0,2,-5621.137823438898,0
1565,26.429987703415,1.2062209584258796,0,4,-1387.6143675985836,0
1566,0.5675709750402723,1.6553531909162413,1,3,-6629.984793369396,1
1567,4.525825962824907,1.1100655102790804,1,0,2199.7286806115267,0
1568,15.626904400915715,1.6571925200852573,1,0,-2535.4714460867954,0
1569,11.384925897068038,0.9960241100774921,0,1,-4640.654889599187,0
1570,59.26943172025968,1.1411393246935502,1,0,564.0281602784761,0
1571,4.141296197106501,0.8798237730879005,1,0,1414.5681082043416,0
1572,27.63198073629507,1.3628808462878506,0,0,1622.1519163157604,0
1573,59.23489286641102,1.5009451447269013,1,0,3691.893971373764,0
1574,11.66492307696742,1.1185011357086987,0,0,280.9649025448816,0
1575,27.55145696541949,1.5121555333007906,1,1,-3939.895460687967,0
1576,25.036846368842724,2.098425062625736,1,2,-2270.1295538801273,0
1577,47.480113536471244,1.3056004141009563,0,0,1065.4615180600174,0
1578,16.405098434363786,1.0123992051500006,0,0,463.4111952339299,0
1579,52.40181895609655,3.3859214805962825,1,2,-5493.060245371507,1
1580,1.2792595359300118,1.5928523337771088,0,0,1527.7762329480177,0
1581,83.93739649193441,1.4048913748791825,0,1,-5363.015727183791,0
1582,0.29932558007375254,1.0035051912248698,1,0,-71.00838709045138,0
1583,10.261120783081726,1.1328097010209324,0,0,3616.477724205702,0
1584,18.459351786371727,1.1264455458643976,1,0,2938.850823229098,0
1585,9.427832995011007,0.8240299495471817,0,0,2755.860664445912,0
1586,5.159546570924927,1.7636354893498627,1,4,-1020.373817978732,0
1587,33.804840434682696,2.7913506291270442,1,2,-8424.917401203078,1
1588,14.382945214863826,2.7456818053792906,1,2,-2022.6178464545148,1
1589,23.46217469947431,1.549756052861238,0,3,-4206.471148052514,0
1590,89.8325486571767,0.9832519021589771,1,1,-3628.8091279441487,0
1591,40.0496308999196,0.9799514470917591,0,0,2245.2772374512165,0
1592,0.1855009153703766,1.0638197680549846,0,1,-70.0609660144678,0
1593,17.640292551671862,2.375527160876775,1,2,-5213.847502243998,1
1594,5.925849771768905,1.4608702645168465,0,1,-1325.3405726274596,0
1595,0.08178250772430912,1.5818989055236545,0,0,3368.7941136636914,0
1596,75.72006862478828,1.2571826148008554,1,2,-4638.251061810808,0
1597,6.478503494376694,0.8471731501791074,0,0,2059.7145925004747,0
1598,11.74800783612689,1.392703128614281,1,2,-1637.8155014982603,1
1599,8.730706883382048,1.4000732829073677,1,0,2284.8445419233526,0
1600,16.77235399815911,1.6265667174718623,1,1,-2169.0235238872447,0
1601,37.0484188268787,1.6630551436258028,0,0,591.6562651473653,0
1602,29.696479501389234,1.6521168219415703,1,0,2442.1507667378232,0
1603,222.86138883253295,1.4160590456841826,0,2,-2495.240820385349,0
1604,75.17200991457295,1.744706064977944,0,3,-3120.079181047629,0
1605,61.18068468960119,0.933212997056167,1,1,-2702.3430209285825,0
1606,23.084185772686673,1.668559552137484,0,1,-6938.052657097121,0
1607,65.65914573741061,3.2311099011070885,1,3,-527.7145069977892,1
1608,25.54081509045571,1.7068004468725704,0,1,-1631.4224736766641,0
1609,62.70390221456341,1.4856137264428315,0,1,-5513.470236391255,0
1610,16.01729883581132,1.7441989723187765,1,1,-4177.492553585179,0
1611,28.16116518708928,1.1005539835569724,0,0,1802.365764161159,0
1612,38.587125474360235,3.020351133982704,1,3,-326.6962880488404,1
1613,27.41307542591489,1.4623885809186987,0,1,-3511.206175374745,0
1614,3.9703295828227345,1.5387585720706334,0,4,-2922.799131960556,0
1615,22.29634512738408,1.625880238407562,0,0,2988.001315562845,0
1616,9.929699339138034,1.399490938844638,1,0,1600.0082764072833,0
1617,10.129173694908795,2.0397482050937077,1,2,-2993.871275816366,0
1618,89.63895058987264,0.9579688819842962,0,1,-1206.8700492978746,0
1619,18.567138548858857,3.4192659006515815,1,2,-1336.1615504711103,1
1620,18.354595143805287,0.8960644892154337,1,0,3099.378856952747,0
1621,12.558347453452045,0.8440011266986291,1,4,-2781.5238262068096,0
1622,13.255645543219533,1.0562337210685233,1,0,1321.6015147185235,0
1623,1.512728505289605,3.3467928786316925,1,2,-2831.871476344987,1
1624,29.19190251012153,1.4687117905615956,1,1,-876.6746816523228,0
1625,101.76130852208199,1.4123302135871683,0,0,-1359.870875185185,0
1626,9.531782648774408,1.0910991376332158,0,2,-1740.7896499912365,0
1627,8.455748203016322,1.2080945142281259,0,3,-1016.6356097151779,0
1628,6.683773599272891,1.4390168326568749,0,0,1979.576467441182,0
1629,109.01317913156194,1.6038757395785215,0,0,79.92892446462565,0
1630,44.92448067385782,1.7623339272659604,1,0,-1394.5258257033756,0
1631,33.53540235574785,1.525850420760836,1,0,4692.096412114404,0
1632,18.430283352044178,3.1731637482062522,0,2,-136.14373316057936,0
1633,41.50462784365389,1.6125581159137217,0,0,-56.110808404316,0
1634,50.845600704715096,1.722968721177971,0,1,-2755.847875261811,0
1635,3.541433218921609,0.8011056845024785,1,1,-2917.664608260333,0
1636,100.81370194374495,1.2265486817789903,1,0,1341.556998834383,0
1637,7.283929681013447,2.829411920710296,0,3,-919.0433699570128,0
1638,33.489741860656444,1.4929557914442677,1,0,4154.290817644331,0
1639,115.54215673824572,1.039175037535908,1,0,-4491.279037613499,0
1640,63.24265219995073,1.111178117862893,0,0,5013.480018164415,0
1641,6.068426486991559,1.2866413954675666,0,0,2121.9466531537946,0
1642,9.318602487276248,0.8886513946637644,1,3,-2801.0984280114058,0
1643,1.669501496694296,1.1718561256851774,0,0,3617.057059422616,0
1644,18.02205795246421,1.5671610699195595,0,1,-1369.1725393084207,0
1645,18.22262848459389,1.775865936049645,1,1,-1048.8354659471597,0
1646,86.04107493461551,0.8010735210786846,0,1,-4544.828800844332,0
1647,53.95609175118644,0.9954071678728611,1,0,4473.212722844466,0
1648,24.38697590255139,1.2766166784948658,1,0,-1429.0434708336397,0
1649,5.763100205526647,1.0268083447018945,0,0,-950.6622071116008,0
1650,0.11411537441523194,2.0217142435435496,0,2,-2676.3452004822198,0
1651,6.7134635352124175,1.31123064433327,0,1,-133.88632318173495,0
1652,71.22148892291486,1.598333441368558,0,1,-3062.392364125077,0
1653,0.38379727338449754,1.7173099925769928,0,2,-1211.3553406054566,0
1654,20.094887817090857,0.8260894404993782,0,1,-1257.564706079495,0
1655,162.08908441645883,1.5468496809462593,1,0,1176.7092245013482,0
1656,4.255628590962658,0.9431155279132051,0,2,-2753.7713748689694,0
1657,5.525598807218923,2.8736189550062354,1,2,-6361.125435387878,1
1658,11.824621165079611,1.3859133619533544,0,0,3816.433400470643,0
1659,32.180084891705214,1.244037978411706,1,3,-4372.7650750897765,1
1660,51.48346086051036,1.0770454537125438,1,0,-3180.50125808373,0
1661,31.756228283310772,1.455784839200489,0,0,-308.6962139848529,0
1662,226.9047768767968,1.509742515006831,0,1,-5550.1270331341875,0
1663,1.4692398487672598,1.495572266130066,1,0,4243.999634291127,0
1664,2.1334609841296146,0.9234795681143354,1,0,-460.0148095559648,0
1665,96.9234226212356,1.061336444320098,0,0,4610.889898595902,0
1666,77.81795350866538,0.8938622499234583,0,1,-3262.734399652344,0
1667,9.7276788081876,1.4869232599214026,0,0,3584.227128584061,0
1668,4.692520604898598,1.508165244149447,1,2,-200.9160088831004,0
1669,7.303891796157158,2.5372252352042297,0,2,-5484.018936179993,0
1670,36.11772698644998,1.6300342782002795,1,0,-310.4911374951514,0
1671,0.18495347967917034,1.617297345586056,0,0,-953.8294076325446,0
1672,0.5941596943751164,1.2621129377875924,1,0,1544.4682117253906,0
1673,7.39959413804179,1.7429083324117993,0,0,5259.605586501748,0
1674,55.787297974821385,1.022904833881592,0,0,2520.4986122587316,0
1675,38.65933616110302,1.6128615022860315,1,1,-5374.821291183787,0
1676,28.28690070546705,1.5501688922262709,0,0,664.4699293998223,0
1677,215.31949881367586,1.1628159849038786,0,0,-1190.5137063194647,0
1678,9.71149248582044,0.9054285674142177,1,1,-5612.983297017565,0
1679,149.11919868413835,1.1244808732956466,1,0,4249.460811204512,0
1680,223.4301240731413,1.6960812261876193,1,1,-2830.921655356907,0
1681,11.456105503029255,2.782476429277419,1,2,-2963.5349831803433,1
1682,12.182538617606498,1.6926125156835754,1,1,-653.1005550202133,0
1683,91.2674970937336,1.09570446502034,1,0,3194.5422447771844,0
1684,4.265368454616665,1.7663054648473242,1,1,-1659.7203301665584,0
1685,14.150456167154198,1.5250702080752925,0,3,-1664.516603394144,0
1686,37.761686078304365,1.2137518534648968,0,1,-3609.8535988081403,0
1687,10.401531143724773,1.4452478300164988,0,0,-1243.6482780563192,0
1688,28.667888503532097,2.428690950243019,1,3,-2162.4973936542788,1
1689,24.916207873818937,1.1803057108808162,1,0,721.1635002538943,0
1690,42.584848658302136,0.8552643927180258,0,1,-471.6564820588278,0
1691,71.36106088212398,0.849861149679303,0,1,-5867.491372442066,0
1692,4.131763062564256,1.3164648851221314,0,1,-3024.3532887842484,0
1693,3.247917229067555,3.439373978692315,0,2,-5337.774279312701,0
1694,9.712526400133079,1.7985349701869384,1,0,2673.659387607954,0
1695,16.981022575075006,1.4016609574835832,0,0,509.6364610033453,0
1696,101.55959509744248,0.806103650438891,1,1,-977.7123122784683,0
1697,27.916832496702128,1.6379776299064677,1,0,1662.6560160249087,0
1698,60.197201716639086,0.8804029824443819,1,2,-113.14944940121586,0
1699,21.4045377697662,1.4843407987251676,1,3,-3902.453770140092,1
1700,17.90440597093215,0.9077413277693133,1,0,-98.40982560935936,0
1701,62.110913169653216,1.4487047859291322,1,1,-2847.2134042799457,0
1702,30.526442808211,1.0939124444415942,0,0,571.5111060364934,0
1703,150.20682600896035,0.841097770593147,0,0,-297.82003434050625,0
1704,78.5708047238523,1.6178204080449485,0,0,4961.506221084366,0
1705,22.527334741988316,0.8246115996890061,0,0,-193.3438702300823,0
1706,24.462375845652964,1.4459135181091343,0,1,-2592.3922480597216,0
1707,8.42534583443792,2.8531381400323816,1,2,-3840.4495830872656,1
1708,18.128802831314893,1.289652607567617,0,0,2955.836499548675,0
1709,23.552414438251212,0.800408838809197,0,1,-4676.050548885109,0
1710,42.37394029164245,1.4765697165025253,1,0,576.7377096024477,0
1711,11.906992153312853,2.8969501879021777,0,3,-1938.010863119731,0
1712,0.4947876569633788,2.377234581603335,1,4,-5162.8950204803805,1
1713,31.771287972752933,1.0100409083584159,0,0,2094.5453079682056,0
1714,15.72426527138008,1.17755475584479,1,0,993.1697101660754,0
1715,54.762952688800446,1.5429465470934525,0,0,-237.08829883218914,0
1716,8.334617886451454,0.9979683196481927,1,0,-875.5955660004133,0
1717,14.74911331014313,1.5644980667427562,1,1,-58.49374573047862,0
1718,169.90562974666514,0.9974316423627065,0,0,3636.3702371854715,0
1719,91.10519104027344,1.2994560432651767,0,0,-554.2735472196027,0
1720,7.670792820492797,1.6301856580739604,1,1,-2748.339444215361,0
1721,72.92089575424497,1.2185285539687105,0,1,-1730.433506065007,0
1722,3.1963886138938404,0.8809144536698765,1,3,-2846.0187800987305,0
1723,8.903228772620844,1.0582667918046829,0,0,3143.0548323943967,0
1724,70.26150246861582,1.3734753387232452,0,0,1734.831623673939,0
1725,139.19391345724017,1.4682454768369384,1,1,-2641.668824275228,0
1726,8.015720772173793,1.0740481392722137,1,0,178.95865681731152,0
1727,102.61128369346267,1.1950320389636375,0,0,456.47572237968984,0
1728,1.1644066096137364,1.1113723238550102,1,0,1676.595781725998,0
1729,95.41687869260072,1.3391024434840273,0,0,5442.029362277577,0
1730,41.28327720662709,1.6045363206822163,1,1,-3194.8077875709632,0
1731,44.21110559515557,1.4744914195294427,1,0,2894.610422204384,0
1732,101.41960726929584,0.8911107083347379,1,1,-2805.413220743997,0
1733,94.70919507824883,1.6484762168703226,1,1,-4997.256879858383,0
1734,10.714462721438508,1.5740817354935843,0,0,6224.665818280774,0
1735,99.79477516719466,1.1355204268617132,0,1,-2959.824895696041,0
1736,52.563498699299146,1.2803999945672881,1,0,287.0613580837064,0
1737,32.35152654102582,0.9212142528049234,1,0,1957.5727436882262,0
1738,45.7915936314808,1.3037667815753666,0,0,3713.8720171654545,1
1739,18.352219344872104,2.7668878051121855,0,2,-3918.6881536341853,0
1740,63.31501132648809,1.4332496534002659,1,0,-652.4211439501969,0
1741,15.786331629832784,1.510372795376519,1,0,2807.891255721164,0
1742,54.793800621683246,3.046424168472246,1,2,-4179.245952857205,1
1743,37.836404033809835,1.5665090150871506,1,2,-3276.997389211426,0
1744,14.688325866375534,1.9844976915087182,1,2,-5253.369652623891,1
1745,4.2184646739955936,1.2541053101611808,0,0,2051.004105566559,0
1746,6.780153149167944,2.3682508678784893,1,4,-3915.772366843199,1
1747,98.61257090348282,0.998908445389149,1,0,1437.6479912951772,0
1748,7.133080482595247,1.0333388264201715,0,1,-705.8444338478134,0
1749,18.941955107589614,1.113875012372096,0,2,-592.4486490472391,0
1750,52.187982790448785,2.7709012659220873,1,2,-4851.245082937918,1
1751,12.91111672632005,1.0144125582395382,0,1,-7427.044905296175,0
1752,20.700315375590982,1.7128010363813957,0,1,-349.15827991702827,0
1753,65.90505152041453,2.286994374971563,1,3,-2654.3130874633885,0
1754,85.85718529612323,3.0994032258630337,0,2,-3368.1537875265603,0
1755,12.743476273078837,2.5587462069560463,1,2,-802.412555225123,0
1756,50.700483655852516,1.1409271143459983,1,1,-1211.019304301423,0
1757,78.72131960206798,1.64260232751199,0,1,-162.86765110954047,0
1758,19.49392462490475,1.162766493068926,1,0,762.9456806960736,0
1759,227.77235234350042,1.7015412421731602,0,0,4971.93792297599,0
1760,21.784254670879907,2.0742132287805695,1,3,-5778.094433325887,1
1761,11.82038970548109,1.7077658780392966,1,0,5474.333108317325,0
1762,86.83439032187009,1.1630146286454337,0,1,-873.0708822934982,0
1763,1.0194773488146536,1.2086158690847855,1,0,-67.43824444846018,0
1764,261.47450272898146,1.6060347994968787,1,0,-56.334434499121244,0
1765,103.74229403588342,1.3625358115767108,1,0,-2119.3367801925883,0
1766,11.109488422651122,1.7403885320247832,1,1,-7579.080506853495,0
1767,135.8516125988129,1.3292706260210156,1,0,2075.3479221488615,0
1768,18.912300897055314,1.4147235819723858,0,0,2666.6128825985143,0
1769,103.17972269671994,1.0980000219964894,1,0,3514.186848495649,0
1770,32.088584341280665,1.6055816728967702,1,0,-440.79321680519365,0
1771,59.88564609785541,1.3441354858102734,1,2,-531.2793458361302,0
1772,7.948129160757018,1.5455776360259268,0,2,-1805.735439205907,0
1773,11.654961439380234,2.0787621800253957,0,3,-3215.470296014,0
1774,179.97250834149042,1.7083004123795407,1,0,5320.790839566795,0
1775,15.02126723309817,1.5094239067807464,0,1,-2750.2290555230106,0
1776,41.068862760195266,1.2619797987176389,0,1,-935.8924948478657,0
1777,37.80648258159967,1.613711154265416,1,3,-3429.1123724772156,1
1778,21.816109731941403,2.4030679855808748,1,3,-2153.3324251418426,1
1779,80.10466144045706,1.0517146605656205,0,0,1793.9391024284319,0
1780,36.10090805185508,0.8581977583508397,0,1,-3544.570483014233,0
1781,32.2807281885639,1.6500010738972375,0,0,884.4913271437407,0
1782,29.807378781766776,1.1113888604235131,0,0,-2036.2463402549984,1
1783,11.777425307424187,2.655858608600645,1,2,-373.30572992746875,0
1784,49.46336474507981,2.0061105404599484,0,4,-1599.249278144027,0
1785,0.9986557470331429,1.673738613824216,1,0,1326.7776790318653,0
1786,124.11226885074866,0.9957996197330808,1,0,2410.720450371284,0
1787,76.44170461574777,1.265434841778728,1,0,4555.684962816039,0
1788,18.89500819387548,1.5542531143207288,0,0,19.22665317871656,0
1789,43.89557876575077,0.8535304050263331,0,1,-3720.281805316993,0
1790,18.994961101448844,2.7984248249432175,0,4,-2948.7536546480633,0
1791,42.70307534300778,1.2190807565940607,1,0,574.0059231825455,0
1792,105.41243748463125,1.7956873518004346,1,0,4117.938707327905,0
1793,67.49796602763803,1.7824883996138277,0,0,2081.2031722623633,0
1794,11.125797075729075,1.5517474560237314,1,1,-1602.5549807600587,0
1795,48.14032127711773,1.6013876353556087,0,0,1315.9382005150105,0
1796,105.28491972072815,1.6748048211326765,1,0,2691.1698388974064,0
1797,23.292731558981185,1.5813387663249512,0,0,3479.9483586828537,0
1798,14.318208403014088,1.602486173532468,1,2,-6063.44401514595,0
1799,14.823374794292993,0.8816979764843191,1,3,-2415.1920056709478,0
1800,11.171071592919697,0.9193799206731424,1,4,-946.8803008496809,0
1801,1.0018567394359479,3.1073418936157093,1,2,-150.0914393896628,1
1802,89.66136578241452,1.0819844134055847,1,2,-141.5599897637744,0
1803,3.514199157829517,1.3916433361324447,0,0,76.21128492772891,0
1804,21.622364138079952,1.4584610378084863,1,4,-3865.11050831318,1
1805,90.02869330423391,1.0146168981498014,0,0,4151.73752855657,0
1806,60.36139838937592,1.1559863943095094,1,0,-2619.178034827566,0
1807,4.528387726887465,0.8707713385533462,1,0,632.7541349048022,0
1808,7.078615277599772,0.9965592952487443,1,0,1317.944407174359,0
1809,38.354462640288,1.110294112802241,1,0,3388.9172747430707,0
1810,30.716157008011045,1.6256476550690417,1,1,-6139.505154664788,1
1811,73.12157479184245,1.1203804866466416,1,0,3645.2749982448695,0
1812,24.573889686370602,1.1949378505942945,1,1,-812.4733067848697,0
1813,36.9151863765013,0.914600272786864,1,2,-731.6744477921773,0
1814,15.50728276692557,1.6710696660302387,1,0,3250.5721826918734,0
1815,138.11430785819917,1.5849069298181844,1,0,4510.247876397774,0
1816,7.163376978552814,0.8767255685674042,1,2,-2538.9755857822147,0
1817,138.74743628065298,0.9498996717606564,0,0,1430.4988534103506,0
1818,10.020698373933792,1.7570545613275272,1,0,1346.6799525833821,0
1819,1.4969154647772702,1.3257587318453665,1,0,-1919.9658022637195,0
1820,28.286515974227676,1.505037159680417,1,0,-1382.2920113574614,0
1821,43.01327247761914,1.538263998585375,0,1,-1284.8432215616065,0
1822,65.04741607861276,1.2756785868524747,1,1,-1101.7689444421549,0
1823,25.53731052261583,1.6746148794689204,1,1,-2060.8232530641603,0
1824,14.153182056991692,1.193406504174233,0,1,-1880.1455522973629,0
1825,36.77170002108624,2.7393226382292912,0,3,-4258.988911166323,0
1826,2.7296291701055075,1.114895059027924,0,4,-783.8799717835682,0
1827,100.54142176938745,1.3536320488896172,1,0,2785.0878647887394,0
1828,89.14613707708617,1.480179704167215,0,1,-1616.721014482694,0
1829,23.94552761959537,1.6477425760683224,0,0,1052.6000252894344,0
1830,46.48981621585032,0.8493117392096413,1,1,-676.6469219194814,0
1831,255.42331690126957,1.7761730805679894,0,0,190.24440228217804,0
1832,15.630074502158566,0.930117744070387,1,4,-1846.0928367650695,0
1833,60.64629132936229,1.0221184335499292,0,0,2141.5072288926863,0
1834,7.826934726941124,1.30920958397357,1,2,-93.6341209961929,0
1835,15.882355118214367,1.1824928493053142,0,0,2317.4484962479373,0
1836,10.646639502205208,1.0682658780208711,1,2,-2837.898008563426,0
1837,8.549852826679443,0.9465470828412951,1,1,-2616.674956945415,0
1838,41.8834584344857,1.2728015316034251,1,0,4229.675774257912,0
1839,4.530999155606176,1.2562775350252917,1,0,673.63038890238,0
1840,0.7004198830211135,1.5769143827602972,0,1,-2528.734988360906,0
1841,21.152850809755584,1.4030137495669457,1,1,-1965.762522589719,0
1842,4.345095528305612,1.5286381160771025,1,1,-3692.551925129098,0
1843,0.857760987746524,1.0163499149336368,1,0,879.9912325528115,0
1844,11.712210544818259,2.1057011615373593,1,3,-771.6653093733521,1
1845,33.94725213178765,1.2309893043433897,1,0,3303.527074258983,0
1846,3.6290276300699986,2.487784059935832,1,2,-336.3106784781371,0
1847,0.9826905576767927,1.0203419317312674,0,0,717.6286812223816,0
1848,16.325582583078095,0.8437259552426554,0,0,1628.136675351274,0
1849,9.227191829166713,1.1884670520684955,1,0,1298.5366400681548,0
1850,19.687998721055486,0.8373358916170591,0,2,-3093.2044117761766,0
1851,48.713657208187286,1.1508235151249981,1,1,-4587.677173440683,0
1852,37.83945066931132,1.7794263593988164,0,0,39.63948934257519,0
1853,53.97075335483029,1.523554068831913,0,2,-587.5255378105635,0
1854,74.27002710611345,1.6597830694864046,1,1,-708.847267097864,0
1855,130.70562653749295,1.2531587768446726,0,1,-780.0835039188078,0
1856,3.4596314134712856,2.4547372137464567,1,2,-5529.089349011474,1
1857,0.13762245329605458,2.634491830205844,1,2,-3138.0882519324596,1
1858,22.35345773842329,1.777247458752777,1,4,-784.6879193119962,0
1859,25.86305715810719,1.3919453294250654,1,2,-4046.995484619551,0
1860,11.41025154909198,1.7095207042537348,1,0,2640.654453342615,0
1861,93.12886558905372,1.5232068897412543,1,2,-1258.5412152772592,0
1862,12.890904919784893,2.077578164407864,1,2,-2399.7908875427197,0
1863,1.257558967338173,0.8011947755322041,0,0,4680.357790413183,0
1864,23.271543069766157,1.1208449514837522,0,1,-516.4023723320693,0
1865,22.149625081282707,0.9643088114118268,1,0,2998.097957940583,0
1866,44.243786568972695,0.8621537676444591,0,1,-7708.6994418580325,0
1867,32.49544335610076,1.236497331164523,0,1,-5306.615699481317,0
1868,28.35019837692434,3.033458685650115,1,4,-4320.025580905896,1
1869,3.907101071388783,2.013484925614213,1,4,-3484.1373228071775,1
1870,67.83410136184887,1.6392367945064035,1,0,-1119.5746383215992,0
1871,29.08432809673257,2.9065528042470596,1,3,-1263.3270799417296,1
1872,149.16672251437933,1.3720834677168903,0,0,4487.423437915864,0
1873,6.326631438904378,1.4357361196028844,1,0,2622.6771282880663,0
1874,17.015022490140236,1.358320904049018,0,1,-3937.402666937669,0
1875,62.13221907358806,1.4057144851508006,1,0,2903.1033226641066,0
1876,7.945876837262437,1.4113520701369633,1,2,-2167.2917941141,0
1877,18.720150455712982,1.5788099362947197,1,0,2885.7364476146167,0
1878,96.29667459718782,0.8466695674006932,0,1,-3864.461369369059,0
1879,8.854210983493578,3.405048792410101,1,2,-3614.7322207045136,1
1880,19.381797920340052,1.3169111084484517,0,2,-5889.814020926865,0
1881,39.43523575576215,1.5383611598034443,0,0,1129.6844789075158,0
1882,88.43887795300132,0.8576421652987583,1,2,-3628.241133998581,0
1883,115.99330429646486,1.0320146962955579,0,0,2278.3360944086035,0
1884,14.094790932561056,1.2325912206119907,1,0,2558.981689416327,0
1885,137.19064249990208,1.1192508360777658,1,0,3101.7072858986767,0
1886,116.21187782929339,0.9613349189276997,0,0,3423.9025688283746,0
1887,61.90542518349478,0.9747782576781249,0,1,-55.41829332076395,0
1888,61.63839762918152,1.0028596846671838,0,1,-4506.775014042045,0
1889,163.95214093612674,1.461249922992279,1,0,7848.975787737465,0
1890,23.097807763299745,1.595945427442503,0,0,956.1629740500547,0
1891,34.856088185943655,2.6875578837426177,1,4,-608.5677867927498,1
1892,63.7700144173044,1.640349487845,1,3,-4479.799981068917,0
1893,84.83913379985074,1.2807409749427314,1,1,-2463.206884421177,0
1894,29.151185263472932,0.8052241781806572,1,0,1392.2176740164061,0
1895,59.44704572059168,1.512948870906845,1,1,-1801.7085432775793,0
1896,106.88991048181637,1.448265537041273,0,0,432.15033443367884,0
1897,10.99867797118878,1.0633433746397691,0,0,1214.9925445104336,0
1898,20.40956512285591,1.0969402493221205,0,0,183.8479645846528,0
1899,40.727828237879976,0.9240431030124484,1,0,306.3710941872739,0
1900,55.834319195092796,3.3210586138489777,0,3,-2371.3427629351927,0
1901,7.779160064720349,1.4223665926756945,1,4,-4994.882152311307,1
1902,0.43011413165583295,1.5367306109964924,0,1,-9690.898920731353,0
1903,4.702105661676619,1.7295088014053093,1,3,-1289.4807574623646,1
1904,73.33043232926681,0.9024414005119503,0,0,1713.8085604800988,0
1905,6.6702564430114295,2.9162339235983343,1,2,-618.9032219785345,0
1906,17.264116871696793,2.0569124151860434,1,2,-2004.3806102735275,0
1907,84.74777455368353,1.2215795511813354,0,1,-1264.8747701013135,0
1908,1.9731854896674628,0.8408803682298972,1,3,-2707.0036052792784,0
1909,67.62091787822312,0.9004519126344068,1,1,-2906.0359938932393,0
1910,33.44955796958567,1.76535831368207,0,1,-3424.4394230466646,0
1911,49.508036661883956,1.7429354040914535,1,2,-5073.52408171175,0
1912,63.449576205820925,1.3589032858893615,0,1,-3638.8363388044313,0
1913,76.44336433218194,1.2202473004006293,0,0,1262.789370035318,0
1914,20.441844984215173,1.6935717480794383,0,4,-569.9559891732224,0
1915,150.59731737043413,1.2686713151832332,1,0,322.37609672413805,0
1916,1.3876584941529408,1.3896464714043413,0,1,-2698.130448800261,0
1917,3.5830742571139127,1.4792092832423047,1,0,-2900.5706453825533,0
1918,67.56980559667632,1.3238216132838414,1,0,1407.511161398238,0
1919,19.166075765924493,2.8244851143696468,1,2,-4794.955416722958,1
1920,7.196773499107286,1.7506061610945611,0,2,-1244.0594704003643,0
1921,103.28019630828413,1.623792335279672,0,1,-2143.5227305118706,0
1922,3.3236608705063917,2.477147900969343,1,3,-4759.799570855363,1
1923,19.0609121919282,3.0043270704425966,1,2,-574.9185744300112,0
1924,104.67206430376783,1.2109822777950747,1,1,-826.200655567437,0
1925,22.432268199005883,0.9362721990195731,1,1,-3224.8616808104002,0
1926,47.45778483742117,3.4100082750485345,0,2,-1840.544738388558,0
1927,18.87603989729621,2.1390432349648703,1,2,-479.7810184245982,0
1928,19.81157098507399,2.9047089676250173,1,2,-4492.3402499976755,0
1929,9.7399570100309,1.75645893542066,1,0,2128.5280450922223,0
1930,37.91982996397923,1.6457273355713595,1,0,535.6113135907285,0
1931,0.21140831817340416,1.1244535329344765,0,3,-931.4329426151082,0
1932,45.23105584910942,1.1895400973448271,0,0,359.5944146884092,0
1933,5.463181497367983,1.5060886056418097,0,0,2056.899981047614,0
1934,47.67846453469542,0.9908421138289025,1,1,-802.9639309485005,0
1935,8.817877630701545,1.7078761853309459,1,2,-862.3658586133245,0
1936,272.2185914946074,1.2434404000655412,1,1,-516.5677080100447,0
1937,32.26799271900283,1.7827271446007749,1,1,-1085.2771819472657,0
1938,81.07771927208431,1.7773926432063383,1,1,-217.35341253338584,0
1939,2.544394650697161,1.018772916553592,1,1,-1802.5891152064733,0
1940,2.094268683904123,2.431370763364851,1,2,-5917.2747775191265,1
1941,5.411596359911815,1.1764571231115082,1,2,-1292.028885295455,0
1942,40.00865085817398,1.63615231895509,0,0,3337.438186374345,0
1943,13.78214217606888,3.3747185552697,1,2,-2285.9038030910374,1
1944,40.75844876481405,1.1613360892278037,0,0,3451.3420774472643,1
1945,15.737333651087475,0.9174827382261678,0,4,-5739.578265290056,0
1946,13.740803336190837,2.7107609603380842,1,3,-5471.963297152566,1
1947,50.492982474140504,1.7272621416565506,0,0,772.0660739110272,0
1948,90.54714254469054,1.8488723508490588,1,2,-10264.972616979729,0
1949,55.373162912824434,1.16443278400301,0,0,1427.9957424290849,0
1950,28.85006030079201,2.848256490173866,1,2,-6243.449120626888,1
1951,5.806106392139323,2.0952174949487135,1,3,-3330.140743454431,1
1952,10.048345846890545,1.6827546713757788,1,0,913.3304554391558,0
1953,2.4833934585018467,1.6929827663887327,1,0,-1958.0168427360481,0
1954,40.67767401202407,1.6320031665439734,0,0,3092.8948220612356,0
1955,201.92882092405108,1.422664497515611,0,0,-66.79643782315088,0
1956,23.774599566104893,1.7818612326658079,1,3,-2449.6456471445863,1
1957,0.10009440649391954,1.818794852337243,1,2,-83.71294704653747,0
1958,39.673614558469936,1.4783493381829214,1,0,3220.131785080577,0
1959,73.03253304486435,1.1655524615898263,1,1,-3448.3345377239834,0
1960,21.32294163513037,1.657483826817389,1,0,3361.190495486045,0
1961,72.84793363529077,0.8260964896055405,1,1,-3286.267069339604,0
1962,20.952837751995904,1.6396892630025546,1,3,-2937.251790339113,1
1963,51.89685657505706,1.3760950118267523,1,1,-4951.748512615293,0
1964,17.880935822377015,1.5069722695659458,0,0,2915.21250241057,0
1965,59.97522292026368,3.128498536783828,1,2,-6960.069163252386,1
1966,54.67633281000285,2.0473429969275347,1,2,-5658.570077415943,0
1967,19.773310626012016,2.678828513784577,1,4,-3671.7001949843534,1
1968,83.13417667271274,1.223396301316619,0,0,2061.619228639553,0
1969,4.649018303283044,1.3913158207377623,0,2,-831.184145209189,0
1970,16.3409700890727,1.0939487171254418,1,2,-3639.7413006519027,0
1971,10.498961540393285,1.6958621404114402,0,0,-877.8684602982557,0
1972,51.90521025505993,1.6195724773090374,1,0,1851.4453643561988,0
1973,22.84434442498044,0.9389254047956147,1,2,-2058.7462159632037,0
1974,3.1999091921688025,1.1326808412983922,1,0,-683.8886513485663,0
1975,8.496024128511577,1.4593330296599545,0,1,-428.265417482452,0
1976,16.092772818253497,1.5267781927829616,1,2,-3715.117014554117,0
1977,2.811770998148982,1.6112614150539784,0,0,-1009.4379061982022,0
1978,19.232221059871833,1.1110414401055007,0,1,-4347.146607861782,0
1979,253.72532433540437,1.4759281878410082,0,0,1547.784840973929,0
1980,6.01540556083751,2.7054940317722402,1,3,-1114.3455572367661,1
1981,15.107499705343544,1.344341031778771,0,1,-5384.130598439779,0
1982,5.323058722882641,0.8076155236213114,1,0,3269.68299897643,0
1983,3.455017022196337,1.4309613507894672,0,0,2105.334822003125,0
1984,141.81164535434038,1.5035000359188286,0,0,-1080.906668221065,0
1985,92.17771507330967,0.963948614249638,0,0,1074.6230997596672,0
1986,9.505462749651885,2.936000224538988,1,4,-1224.1556201437568,1
1987,6.085282805768767,0.9033655161523269,0,0,322.29310869600863,0
1988,36.013410818778695,1.6649608121587296,1,0,3404.780417473091,0
1989,20.286898556084285,0.9508484523346715,0,0,2293.0381601750437,0
1990,6.044625247196963,0.9481397091344066,1,0,5133.7238341100765,0
1991,63.7974382237287,1.4261653080460197,0,0,-1796.7914103663566,0
1992,15.564136136969209,0.9842528809822442,0,0,1108.246671181933,0
1993,5.954939510209619,1.5500152747762983,1,0,-1394.9092373071817,0
1994,15.80010748958011,1.1673196159580992,0,2,-2442.2126111816424,0
1995,41.68070781142296,1.4923431575193968,0,0,954.3505683050589,0
1996,130.94401284089193,1.2106536376301182,1,1,-1453.1118138441282,0
1997,8.304277963240143,1.1310453095756383,1,1,-9253.502699654033,0
1998,42.54279822270993,0.9863953242455822,0,1,-2416.7320172801365,0
1999,12.451248004906557,1.304139026343127,1,1,-672.509625923888,0
2000,65.03839043220717,1.6251251678704528,0,2,-287.48761182400676,0
2001,3.0488303507068886,1.2843895266513028,1,0,-1978.3137420857106,0
2002,47.410384791829124,1.2141158764237427,0,1,-2203.9084687107725,0
2003,10.887692789253688,1.5432564920238503,1,3,-1333.8172038685834,0
2004,103.38090954741294,0.9398528899167784,1,0,2702.4036375387723,0
2005,24.205636166771125,1.374815699796132,0,0,2615.4077730185118,0
2006,22.574510938262133,1.5944696585366924,1,0,-626.9229049469582,0
2007,5.32925697249013,1.2863009469879798,0,0,1611.977000929709,0
2008,56.372118959343176,1.74029492344307,1,1,-1646.0050709280235,0
2009,18.64966070869553,1.0372668679833401,1,0,2150.5434364522926,0
2010,1.3990913879175375,1.6261478410186463,1,2,-3281.222524231467,0
2011,14.39723943203562,2.314212534070835,1,2,-2944.9196267688912,0
2012,41.16220472043553,1.194414808028059,0,0,-2631.858866630031,0
2013,21.333062144554408,1.056781074122643,0,1,-4951.364236974572,0
2014,41.6815835678436,1.5868113993488862,0,3,-1280.2992836620856,0
2015,43.667770858687554,0.8568633883854255,0,0,1779.7085297156402,0
2016,28.053240702638988,1.076535557776008,0,0,5729.882122709833,0
2017,75.93902151905814,1.4985730567770172,1,0,1975.9455152497108,0
2018,5.549250116131252,1.037668264192037,0,0,2622.5047962758904,0
2019,18.155369915463705,1.7804416459803711,1,3,-1021.949221765085,0
2020,147.73260363580218,1.1653631102506534,0,0,1309.429579152655,0
2021,144.3567231559215,0.9734926790338261,1,0,-930.0471502831429,0
2022,55.036516116781264,1.0488361354096027,0,0,1282.2445189303323,1
2023,17.88233397721971,1.2317484466592412,1,0,-701.6754420925772,0
2024,0.1238039707198841,2.305629985898856,1,3,-927.5588641395732,1
2025,14.69893171576505,1.200399779796022,1,0,2926.341623480268,0
2026,8.877420062596466,2.623494710981217,0,2,-4599.726414655358,0
2027,36.02369570600902,2.1136364616854753,1,2,-3342.2058614973935,0
2028,14.898206496471985,1.7809125656889568,1,0,2440.4384094954685,0
2029,11.979111704199381,0.9491673037620548,1,1,-20.169181880026372,0
2030,42.217071349139644,1.5163081951140107,1,1,-1638.1735255982294,0
2031,55.76781689211649,0.9640299315144141,0,0,1467.1096076792035,0
2032,149.94912214995793,0.8550869681145509,0,0,3813.653398672003,1
2033,34.65909165218077,0.9606659266671147,1,2,-1259.2032546875605,0
2034,4.55928967535867,1.2773217407690827,0,1,-3374.330232336245,0
2035,10.617443536419485,1.7784406820338947,0,0,-2290.5675151017554,0
2036,57.09824357449418,0.9401218940157999,0,1,-1450.193886097113,0
2037,2.476416246240123,1.5304409535230086,0,0,2359.2007512569726,0
2038,37.69488507328344,1.7930902037172327,0,1,-1618.2022989183465,0
2039,3.2344013254721498,1.415288628217839,0,0,-155.799459608588,0
2040,134.9558418396731,1.4188151396235384,0,0,3641.4796416712197,0
2041,1.765196721535098,1.5170669713215568,1,3,-5282.518335442127,1
2042,112.53928573958748,1.4454173403946387,1,0,4373.13262341504,0
2043,1.4644403077410681,1.7256645581603143,0,0,705.5274604538464,0
2044,25.05701774194616,0.8689604516619409,0,3,-5578.4156177237855,0
2045,0.8957711352780247,3.1144230196764067,1,2,-5437.484653103682,1
2046,8.046361936218101,0.978566353479317,0,0,159.21153988751712,0
2047,79.59099627509572,1.575656538411568,1,4,-4303.406171977624,0
2048,131.02064398725207,1.1832389486313102,0,0,6226.961895526962,0
2049,19.388345933680622,1.5847547476043782,0,0,182.04514569895855,0
2050,58.054891350515206,0.8779924394616468,0,3,-1667.0511732599289,0
2051,49.12033028079961,1.2355858550594632,1,0,1634.5782567035035,0
2052,28.100407675672894,1.7869689291125528,1,1,-1727.5252823519907,0
2053,30.43019816982202,1.338342940610659,0,1,-3712.326568061872,0
2054,10.514354875245228,0.8599871853386298,1,3,-3261.6812002997317,0
2055,72.76080322057389,1.5974222238882607,1,0,155.15664972950913,0
2056,132.22921940830452,1.0419731600388675,0,0,6651.640517151356,0
2057,118.34303206801444,1.4801585988951116,1,1,-4335.032768403448,0
2058,19.933473000071114,0.8767360951568629,1,2,-2423.3648570200608,0
2059,4.791746067458082,2.5360728260266026,0,2,-3090.739620332537,0
2060,36.05933768017539,1.0773241458257021,1,0,-379.28522027481404,0
2061,146.70740389688282,1.1869508352250162,0,0,-718.1119356052081,0
2062,102.21821818548744,1.7300152052779718,0,0,-162.66158346454745,0
2063,3.929863762167622,1.6003600079924971,0,1,-4926.878749770005,0
2064,136.17606381267123,1.4997614175907772,0,0,1395.5266552275637,0
2065,47.81270917988606,3.390459539195879,0,2,-3010.1856362709354,0
2066,61.14899873351975,2.6189871964762483,0,2,-1183.0277829765753,0
2067,5.249204995769803,3.077465936295942,1,2,-1029.017523348266,1
2068,0.9972163964473146,3.191897821959965,1,3,-3935.824772900666,1
2069,4.609903333511458,1.251230082373477,0,0,1019.6576205674141,0
2070,3.7363201301937696,0.8865880030375106,1,2,-3128.6671424333376,0
2071,62.87784059593255,1.3047171051463673,0,3,-2536.747910819102,0
2072,53.3764995766549,1.6166277180168103,1,2,-1233.3796464347486,0
2073,0.1413883215073144,2.1102150748765713,0,2,-1503.185400997147,0
2074,28.999823449849604,1.4458078096065021,1,0,703.9185212033588,0
2075,6.977050870528938,0.8425903216943667,1,0,276.0404711732858,0
2076,136.81145872827338,1.4246193605321247,0,0,2353.634191573444,0
2077,51.06536689456749,0.8684414478011142,1,1,-4127.058626070524,1
2078,83.4665225399212,1.0263922240927523,1,0,3697.577853847697,0
2079,69.10856644054745,1.1078988602623978,0,2,-2101.1382588198717,0
2080,14.41338274930425,1.6161343643580262,1,0,877.9858267750192,0
2081,23.997630924171993,3.1855115006080705,1,2,-4541.030392593284,1
2082,38.79077556996619,1.6946787236692193,1,0,2975.0552990579185,0
2083,45.596740941519265,1.4689219790355135,0,3,-686.4844117033758,0
2084,2.5310690487224097,1.0071554854271867,1,0,2628.31834565332,0
2085,21.95411110260772,1.7344227107643015,1,0,4559.604073360097,0
2086,38.568663591304635,2.3990596682913425,1,2,-2764.772681998623,0
2087,22.802726293615347,1.7091132764099497,1,2,-5272.225138629339,0
2088,147.80366344630517,1.252216341073677,1,0,211.06716359898496,0
2089,48.108890777052366,1.2012432931511952,1,0,1555.0057002029152,0
2090,26.662679855473016,1.7885008067296462,1,0,3051.085302038362,0
2091,27.834464102322798,2.041843916332564,0,2,-4236.498366228906,0
2092,40.72926342848012,2.21836462276031,0,2,-5343.605356977012,0
2093,14.979778502388202,1.337768603800019,0,0,2400.5736746017105,0
2094,7.383960902249886,1.162793695991784,1,1,-1982.5043541303255,0
2095,83.69746562316827,1.3856759405725225,0,0,-988.6222797936812,0
2096,48.81906462879296,2.1092878765578136,1,2,-351.8872172795968,0
2097,8.28318068222938,0.8994351615384742,0,0,247.82005897476688,0
2098,87.72963439697612,0.9213566718435667,1,0,2051.503049615553,0
2099,41.58979362997678,1.034417913348748,0,0,3494.5596821568315,0
2100,102.56143134471387,1.3352722065307294,0,0,1158.2114485250995,0
2101,94.7270357993816,1.4195639806974767,1,0,4014.9123557811113,0
2102,18.415761937308144,0.9256259095116137,0,0,4193.510813080506,1
2103,9.789477330912565,1.02663738872245,1,2,-4666.477140659915,0
2104,53.842189912588466,1.2019912114050753,1,0,3240.4299666554334,0
2105,276.78669682595483,1.393082741493671,1,0,2160.4712572784456,0
2106,0.7529330683804442,1.3449821972030094,0,0,1012.9701717812204,0
2107,18.028033667296523,2.6650561189867883,1,2,-951.3116875859566,1
2108,8.00537229827433,1.0655967937990123,0,1,-4401.762885327642,0
2109,41.27136746360113,2.3982653014946225,1,2,-314.429379734805,0
2110,18.113731813672132,1.4597287903298954,1,1,-1250.8016451370054,0
2111,46.00580598839814,0.9608460986650986,0,1,-4267.59881167821,0
2112,19.848686537167943,1.873245868462348,0,3,-2548.0012224433385,0
2113,11.020275130997682,1.1706879088377158,1,0,242.65195929208448,0
2114,28.962010682879395,1.9456733258003975,0,4,-2.71968002191079,0
2115,147.05820055930442,1.5019526559187684,1,1,-6.350541730821078,0
2116,3.656919536056159,1.2458159220356042,1,1,-957.1331675672222,0
2117,102.3610042267042,1.189894393256171,0,0,2498.3506708466384,0
2118,38.08718035615481,1.152229465642984,1,0,4202.838806413727,0
2119,0.11207559705475689,1.7499122299446546,0,1,-3353.5546631793886,0
2120,82.23825722371106,1.513124377331334,0,1,-1228.2627780371274,0
2121,2.2566652814324275,1.7408327650553594,1,2,-1174.1765810740094,0
2122,5.076588643250543,1.5638760606329718,0,4,-2225.743166161854,0
2123,25.164599906713114,1.0188417024309648,1,0,1452.635898109598,0
2124,60.887846272651096,1.6400827259156323,0,2,-5795.18821725373,0
2125,12.672508811578146,2.4194349255591225,1,3,-3596.316798126851,1
2126,2.5349813511071275,1.7984819816993327,1,2,-3308.844571400227,0
2127,35.359779154487505,0.9301328067929743,1,1,-2075.1048074576565,0
2128,15.541809310580879,0.9249101318354335,1,0,3238.935909084187,0
2129,109.10015237102108,2.86824034987884,1,4,-2398.155120142187,0
2130,26.911959768532938,3.263581727279956,0,3,-3918.0327976179897,1
2131,49.74309114400335,1.5610319906003436,1,0,2612.082403056323,0
2132,5.313333315308323,1.3271069389925052,1,2,-2336.3745612462826,0
2133,145.915442396331,1.6766760199158766,0,0,416.03442866045566,0
2134,105.99292082827733,1.6234891979780641,0,0,1595.1157080053308,0
2135,65.81447064832192,1.671158180160285,1,2,-1196.1654824330435,0
2136,3.7398144198869465,1.2852381930812635,0,1,-1360.842622369195,0
2137,39.98486994078439,1.5093357050045557,0,0,-1034.9670157745559,0
2138,3.183451712383165,1.5230847217461703,1,0,564.8854198755489,0
2139,29.92453334220826,1.143894256655805,0,1,-825.2253018861479,0
2140,3.6788267465258024,1.4344905768927279,0,0,17.84468765636484,0
2141,35.938496028750876,0.8041254965832499,1,1,-3163.9698741538655,0
2142,23.872515298550095,1.1622953110808938,1,0,4044.392129419845,0
2143,4.147733794338084,2.3439637613863127,0,2,-964.9802821200535,0
2144,291.6643696887831,0.8318199661082238,1,1,-7029.743817817106,0
2145,41.292452142334014,0.9460898713540772,0,2,-3106.6192886480308,0
2146,23.525154595376893,1.083808632377412,1,2,-291.4667824671933,0
2147,63.616170584158084,1.4322321154475808,0,0,3590.14780669699,0
2148,75.46871203994112,2.6791132484864235,0,3,-3550.8837060795613,0
2149,107.91461251298962,2.7028455932025097,0,2,-1413.8659078815488,0
2150,7.375200664955642,0.8799260201956307,1,1,-1163.4537352743773,0
2151,45.14226615472144,1.0396330569858032,0,0,1964.1570272106514,0
2152,23.41253285991946,1.4509238971204916,1,0,-43.62882748163452,0
2153,93.51002348688014,1.0916641490676038,0,1,-4847.0597141684375,0
2154,2.7795701621753857,0.9623166845089975,1,2,-968.8677351250255,0
2155,31.820845815059045,1.0797197694176266,1,1,-4615.772147093634,0
2156,85.74794409760136,1.0398456642728853,1,0,2638.3837559772655,0
2157,23.60950416477601,1.014651296756366,1,0,-1154.5618224833688,0
2158,72.09717062531342,1.5623733595447233,1,3,-381.0077086696797,0
2159,8.522958503157943,0.960297247896667,1,0,2649.6377042825916,0
2160,16.000831241507846,0.846993054614861,0,1,-1654.0613393233111,0
2161,5.9588133856053105,1.4864456046628116,0,2,-1975.0129529983474,0
2162,79.06518240620125,0.9741788474748314,1,0,1928.5127882485936,0
2163,39.23077279159621,1.1794941161239096,1,1,-1434.5528078048314,0
2164,45.605123472329325,1.5516366332871452,0,0,1811.5807134181202,0
2165,21.525313981768516,1.8967275551990197,0,2,-1913.8032477062109,0
2166,13.239640357622925,1.1724473396533874,1,2,-518.3832554589967,0
2167,0.20132831480631658,1.460996732601263,0,0,1567.1315762204547,0
2168,49.883468382100716,1.3122442405459749,1,0,3001.3939537584674,0
2169,7.951315633821795,1.5892613918919047,1,2,-2681.2647210195814,0
2170,3.3320020357525313,0.8226297573605226,0,1,-2864.4955051570396,0
2171,83.24426547005832,0.9354374386009184,0,1,-3825.3755950931914,0
2172,10.930036353828099,2.717352412229329,1,2,-3183.5638619997153,1
2173,0.5087324542008265,1.3968630979950434,1,2,-1650.437639755802,0
2174,34.24437024990952,2.857970603994625,1,3,-4425.706388434924,1
2175,21.86358441567331,1.0761804803314798,1,2,-30.06864962481768,0
2176,0.31159027763551506,2.8703073509606565,0,2,-1724.7845856832955,0
2177,4.22841617359093,1.0465738398725675,1,1,-644.317838611965,0
2178,4.562752342054537,1.5872779615208108,0,0,4624.258654472163,0
2179,28.838845648340545,0.9172274123348325,1,2,-1978.6750576684076,0
2180,9.99661678041202,1.1132526135178595,1,1,-591.5702452172673,0
2181,7.348488268803352,3.058273662919968,1,3,-3521.5952790812603,1
2182,17.839617213185115,1.4688470908309559,0,1,-202.09009036394764,0
2183,73.22127178086636,1.5406744750371837,1,2,-6120.425413846546,0
2184,63.93642950959688,2.8674824540908084,1,2,-4175.821824251767,1
2185,38.27938318429342,1.4195539419951497,0,0,1411.9265499577252,0
2186,40.23780455363142,0.8525610440528878,0,0,2873.386205365018,0
2187,102.90159092334119,1.6546538436949936,0,0,2940.1474386000664,0
2188,107.26930728630153,1.6628457540342305,0,2,-563.7206897651051,0
2189,102.78764766002311,0.955743212106002,0,0,2758.2445427867187,0
2190,3.9197598919086984,1.4921292370740515,0,2,-5011.611857198103,0
2191,2.664267685168454,1.5273533390319192,1,2,-821.1396643436958,0
2192,11.850797999718836,1.5250421797335547,1,2,-3229.038385319771,0
2193,8.81573338183818,0.9648269613180925,0,2,-1738.2592072563293,0
2194,16.107781433468944,0.9492042604244334,1,2,-5712.13868257857,0
2195,21.409750301207385,2.1266588100949964,0,2,-1774.6652564693352,0
2196,53.058329755255585,1.1225972570808227,1,3,-2550.498740570765,1
2197,69.98396339146666,0.8249084264869272,0,0,3375.286724245176,0
2198,3.6524140197090316,0.9777202521878572,0,2,-7070.035953245132,0
2199,5.2247392484291275,1.770090648889217,1,1,-2207.0759933351305,0
2200,6.35767773353413,2.0630146614977742,1,2,-1450.2818410788768,0
2201,94.77445462009459,0.9467486398908921,1,0,3403.413799580988,0
2202,10.06928138241955,1.025313021735136,0,0,6575.420016388155,0
2203,46.79041054261422,2.7128503274834856,0,3,-589.9237289461812,0
2204,89.92573398037305,1.3824495569093187,1,1,-3870.5320053176865,0
2205,121.04488514638452,1.0521594678149868,1,1,-3637.828484212503,0
2206,135.7527337233532,1.3129056759327442,0,1,-2302.168196590519,0
2207,21.635861040875263,1.654117962611781,0,0,3474.477343771533,0
2208,78.81094521838567,1.420828947366242,0,1,-4334.782494914209,0
2209,3.3250728540480283,3.460695292275262,1,3,-2731.0061087369363,0
2210,68.82628814039158,1.11684329379563,1,0,-1563.461749105587,0
2211,4.881550667280471,2.4450502980425126,1,3,-4288.049270410718,1
2212,95.37036801841262,1.3018883830662502,1,0,1637.8236705107872,0
2213,44.909280934845,3.3552568878265556,1,3,-1890.878608419171,1
2214,38.262569785215156,1.3066949728655919,1,0,3426.866777368731,1
2215,9.370689471883912,2.2707779348226778,0,3,-7089.541290993135,1
2216,16.836325460546913,1.71652222335772,0,0,-649.019599968387,0
2217,25.39954902327469,1.6155741544222595,1,0,3192.0574400797677,0
2218,106.18184918131708,1.6118420716928084,1,0,1635.682694272683,0
2219,15.100229670867417,1.7446625549214203,1,2,-5437.832344445333,0
2220,19.191935864522584,2.9151931594527225,1,2,-3749.6271440213322,1
2221,73.07281348480278,1.5178583819663323,0,0,2110.6351054511033,0
2222,41.0847397356089,0.8512790161944288,0,0,4052.2406665540134,0
2223,2.309365221345808,1.1591007146805623,0,2,-2555.5012548055784,0
2224,23.150823916102933,1.6044981574066357,0,0,-544.1019821474406,0
2225,4.344108066482827,1.6281714159739165,0,2,-3163.237991457954,0
2226,87.1177071190846,1.7348413998710166,0,1,-2414.745555652288,0
2227,109.27928442043626,1.484232933569368,0,0,3136.8700111843523,0
2228,46.504144949204516,1.0896893817200572,0,0,4811.715613647314,0
2229,7.871284408069322,1.1934707009780587,0,0,5388.832642674321,0
2230,4.364338824957955,1.5885296285476904,0,0,265.8680591459406,0
2231,91.64558846184316,0.9877212794318232,0,1,-2059.429573211118,0
2232,18.17010352492462,1.363121363336751,1,2,-5056.246165435072,0
2233,41.096843851478035,0.9336287156778902,0,1,-6113.695180703295,0
2234,0.8827609873712852,0.9516760514997542,1,0,-554.337834917123,0
2235,18.99332533823102,1.346160619508506,1,0,713.8187936017514,0
2236,99.15442824073028,1.0821107193699162,0,1,-5088.550926575739,0
2237,49.93093477214409,0.9904875094742905,1,1,-5396.959488682086,0
2238,9.784649276589981,2.9930261916930467,1,2,-1897.6411927182162,1
2239,31.305723733881752,0.9217463569575018,0,0,729.2838867906554,0
2240,4.4516141877835995,2.1295482238604313,0,3,-4667.855299284396,0
2241,26.441335249892074,1.63306882085458,0,1,-3459.0785245919683,0
2242,26.357165504286606,1.340470997017043,0,0,2925.013854807904,0
2243,94.85199183741484,1.4787983008278722,1,1,-1014.6350383401741,0
2244,17.297167247533107,0.9131544460370096,0,3,-7654.452810529796,0
2245,17.14298981276471,1.315347275313863,1,2,-2226.157312534753,0
2246,24.50043357670597,1.1186862286473067,0,0,-1894.000550052468,0
2247,232.46980407139776,0.9841662145515133,0,0,1432.460236516745,0
2248,8.66183391669663,2.100065465498857,0,2,-4076.1423438639977,0
2249,31.15910212194808,1.0404497118899467,1,4,-3955.002164706461,0
2250,9.896904420533062,1.5703289010438943,0,0,5109.786778250418,0
2251,2.7829409953293265,1.6569233703767914,1,3,-4201.956196583331,1
2252,66.51441850024369,1.6572686834674029,1,0,1930.336017311366,0
2253,2.4408219828258417,1.6494193296976514,1,3,-2668.814510622956,1
2254,28.50337521071274,2.2969224243410418,1,3,-32.2206860171691,0
2255,6.720544960150243,1.7554391714575195,0,1,-926.1846731303845,0
2256,33.476470212622814,1.7815374927016625,1,0,1037.3585233201384,1
2257,7.445850290961289,1.8892726477883257,1,2,-4014.0414995007663,0
2258,29.35182422396055,1.4888557058393255,0,1,-2138.0181151693864,0
2259,32.31964245008703,1.6556953155174328,0,1,-2812.8995710080535,0
2260,70.6080629308394,1.3648023479276907,0,1,-1504.8557570149726,0
2261,4.808740258935906,1.797588719995716,1,1,-1746.407613942014,0
2262,1.158183997651728,2.8644856239934335,1,2,-869.1104393209409,1
2263,63.54641735831552,1.353826889638327,0,1,-1053.664062311173,0
2264,27.498445539072623,1.1846293848724438,1,4,-6621.201864861287,1
2265,29.131782540680433,1.6045345635844386,0,1,-2454.2094092528855,0
2266,7.678745215523603,0.8614047100205525,1,2,-1761.1122566612717,0
2267,50.23704091860655,1.728938907142866,1,4,-5090.417297464679,1
2268,93.75906720577692,1.3811229051578255,1,0,3559.7317059086918,0
2269,114.69819692207466,0.9046487575902153,0,1,-391.53200973278354,0
2270,67.30191338778496,1.3546765235760696,0,0,-213.4479879568903,0
2271,6.304092670998432,1.3498785565669045,0,1,-2045.205142545405,0
2272,3.9777039502938805,1.602589280293565,1,2,-6496.2125288287925,1
2273,38.27306110239096,0.9630644337995306,0,1,-1005.0002397757034,0
2274,1.8137999252929602,1.5604886495120995,0,0,5542.456610835276,0
2275,18.185229730380883,0.9865823065109497,0,2,-4121.098320062621,0
2276,20.531423272065762,2.8477295480577984,1,3,-4626.707613132759,1
2277,7.107516564615667,2.7356030308929604,1,2,-2026.3842391693247,1
2278,59.041384608769285,3.3469707750089155,1,3,-5295.887866731871,1
2279,30.232412462526476,2.430818361133448,0,2,-848.3406991226423,0
2280,12.712076904805302,2.325643473805602,1,2,-4483.4622805146555,1
2281,17.055823921694895,1.1351927064696923,1,2,-5259.560582869507,0
2282,40.74013595275671,1.5641005500135674,1,0,1881.922472694812,0
2283,12.436726219933652,1.2839364479805344,0,0,1520.1449465547853,0
2284,6.946913247294663,0.9037320970720838,1,1,-3470.8855934471894,0
2285,163.70012314465924,1.5600436329656793,1,0,1874.9729684503668,0
2286,18.943326560562536,1.1339256857056133,0,1,-4060.9702673740253,0
2287,46.92468019139358,0.9217953855211344,1,2,-6984.647113969913,0
2288,2.2670493973835573,1.714079377414472,0,1,-7889.691315931961,0
2289,119.98464925179226,0.8221942915683235,1,1,-6350.636577038212,0
2290,64.91505605099252,1.2726377321222482,0,0,853.912336598135,0
2291,147.18854940721081,1.769708726340832,1,0,4293.822490446926,0
2292,14.452234436993097,1.5568379831693981,1,0,-783.2286925143317,0
2293,14.722241265340674,0.8868284957787866,0,0,1186.5776707867867,0
2294,159.0468090256225,1.5460400740756506,0,0,2701.464122258888,0
2295,16.922421582543397,2.498073788096653,1,2,-552.6528836229359,0
2296,2.15277511611713,1.6237371098847504,0,0,3864.4390242541394,0
2297,105.17992302944896,1.2037547070086774,1,3,-1299.9666729943115,0
2298,98.97761081142436,0.9343741581574889,1,0,-824.4555290270491,0
2299,75.0609716415108,1.7837277257360857,0,0,2032.4926427220134,0
2300,3.950433925175541,1.5618815651716225,0,3,-5011.932238379537,0
2301,94.73588321478981,1.2074470045738828,1,0,2306.1680385428544,0
2302,27.80941713957718,1.4591414256552608,1,1,-5223.033082393356,0
2303,4.447798174043182,1.519300549067967,0,0,3723.288635105615,0
2304,10.217777284122935,1.1601780105828232,0,0,936.0822859246506,0
2305,3.196919389513068,0.8937357894151536,0,1,-3686.204341565936,0
2306,18.15547366959906,1.5069499607838166,0,2,-2089.369767366371,0
2307,5.186283830685698,1.2786578692463793,1,2,-4178.022852418011,0
2308,1.1713416842463307,1.0703644584879468,1,3,-2583.5095378612004,0
2309,44.02156825098567,0.8015798927841524,1,0,1625.0131579786582,0
2310,41.044456449331236,0.8129991009852057,0,3,-3336.6582499439596,0
2311,92.35079662348006,1.4496669505975501,0,0,2893.1226692960618,0
2312,14.052251822042722,1.3600207149520367,1,1,-4043.5728704089174,0
2313,27.708191691219277,1.7686246543648991,1,1,-2516.9789177061284,0
2314,18.01453891356982,0.8162822716022331,0,1,-3257.632512408439,0
2315,40.320930790734025,1.002638002290819,0,1,-1271.613902790424,0
2316,135.32971135009802,1.4072571082415788,1,2,-6148.846677489095,0
2317,35.586718289933245,1.0407095541391118,1,0,1330.425131460829,0
2318,3.3528568565534185,1.1432671645646073,1,0,1265.334243236368,0
2319,64.64052745702757,2.596944577719264,1,3,-2904.5168332577427,1
2320,19.170851945602884,1.5003888455080578,0,0,-68.31442327007949,0
2321,66.13161035961541,1.733563274032294,1,0,1528.4959069394265,0
2322,0.7964058742464459,1.7487565058470544,1,0,3518.0564069080365,0
2323,66.86524475013952,1.5078867895595471,1,0,-1904.8488030262251,0
2324,25.912287846141602,1.339370937574627,1,0,4953.204776219649,0
2325,10.401166090794932,2.066280767593308,1,2,-4004.6876047171972,1
2326,48.16549507750792,1.334250255107012,0,0,-400.5444290431126,0
2327,8.939201892403123,1.3815309677598686,1,1,-2344.0706879904005,0
2328,63.75211764710507,1.053638161221061,0,2,-737.6077702167295,0
2329,12.813357300973063,1.8488527878362038,1,4,-3204.5879544148283,1
2330,11.719691746727825,0.8074430989728986,0,3,-7217.585311338108,0
2331,155.92752207590848,0.8554703116690132,1,0,-489.9633741603004,0
2332,65.7244646509542,1.2017350259405846,1,1,-3010.7335014774994,0
2333,5.9977342328108785,1.1131245779587495,1,1,-4002.9082897675935,0
2334,26.00742290802999,0.8925991208235226,1,0,-932.4545596048406,0
2335,2.953181454006485,1.7258231196008937,0,0,-787.3724245950998,0
2336,3.281078730281543,3.013807581205116,0,2,-1743.3768250813027,0
2337,87.81313771996562,1.6769546960150354,0,1,-3886.157321686229,0
2338,17.150232820364703,1.0499995811443372,1,0,3309.103670207643,0
2339,11.231993385216189,1.4288618727379898,1,0,2968.7627353404187,0
2340,11.958546998781454,1.5658808451083561,0,2,-1089.0084347954767,0
2341,206.2548789191334,1.3201107302844246,1,1,-1042.9891916832387,0
2342,6.728234429436593,1.8226234878235044,1,2,-1479.7773992845061,0
2343,15.66810776898837,1.2360741741610417,0,1,-800.7761589630177,0
2344,128.2637307801869,1.6143345140961576,0,1,-1260.3422374917022,0
2345,9.357693033834602,1.1419181520995259,0,0,-937.3874738886689,0
2346,104.30092226056512,1.7772676927567361,0,0,-940.2144307578606,0
2347,38.58869344748028,3.4650837726093453,1,2,-365.11911938854746,0
2348,95.76431060897404,1.0936533693593868,1,2,-3823.9896904886377,0
2349,26.71123279300664,1.28804196043445,1,2,-987.2005542084949,0
2350,49.444229791658366,3.1417199399415123,0,2,-5080.474331688519,1
2351,107.62340269628561,1.4544742854461736,0,1,-627.622888437596,0
2352,5.381181238996453,2.6367069323763825,1,2,-2972.4445511811855,1
2353,10.131458154833158,0.917958243691165,0,0,3913.2893558501014,0
2354,51.321170641354755,1.7140133819184329,1,0,448.77609891375073,0
2355,2.2602404604391815,1.4918018532547697,1,0,2138.7589049779062,0
2356,29.710574724749584,1.5499563095133644,1,0,3922.161062375369,0
2357,10.18161664374935,1.320076651596633,0,0,2272.9266284276955,0
2358,9.88557947841778,1.7417361629641048,1,0,1663.9550679147583,0
2359,169.65308020644474,1.20999082145403,0,0,1871.8054288383823,0
2360,22.5200299915685,2.619620687427681,1,2,-4837.656284821263,0
2361,19.544653553703014,2.6084814151769873,1,3,-1206.4746038073986,1
2362,64.79587962876533,1.2385360224904565,1,0,-23.93593802605642,0
2363,44.5333503207619,1.3558859069176197,0,1,-2758.4925096919155,0
2364,13.654270459933358,2.787276504062853,1,3,-59.362193164700784,1
2365,122.44006902313595,1.6749074936536124,0,3,-2464.5463428804455,1
2366,4.167098787796179,2.757861680430712,1,4,-3632.2012405124347,1
2367,11.792456125047806,0.8358238263082611,1,2,-932.2092164045387,0
2368,81.87954589435648,3.0622486680405343,1,2,-1599.8525108087633,0
2369,30.584572820768983,0.8268540938799357,1,1,-2533.6947129503155,0
2370,141.9985967623564,1.4004406854900633,1,0,1599.9790002388233,0
2371,14.446624397582584,1.0980287367426524,1,1,-3198.8366497714214,0
2372,9.217972367943133,2.289698963021415,1,4,-3120.096501768683,1
2373,14.295948846534676,2.49013205125861,1,2,-2658.947811801165,1
2374,32.38780803499835,3.029279487601377,1,3,-1474.647636061347,1
2375,45.58787830889713,1.104020430707414,0,0,-451.9611203230536,0
2376,55.270297902577205,1.7129886528865594,0,3,-1188.512892947308,0
2377,7.5892891665104,1.2101327567590727,0,0,-898.652733312847,0
2378,3.7801616676740695,1.0206022485735755,1,0,468.3953064415732,0
2379,18.326066548345313,2.6791959721231997,1,2,-7993.059192007339,1
2380,0.6396150571842995,1.2447449702640812,1,0,-280.7262932626825,0
2381,4.451084225351487,0.956530832538187,1,0,-1487.7647813528388,0
2382,29.094076990487306,1.1752602654364124,0,0,5545.1716126136,0
2383,4.159851129007861,1.6233168554889017,1,2,-1416.390873325798,0
2384,24.507897017245377,1.3237923518753048,1,2,-3871.878687074291,0
2385,44.7352817766857,0.9253536811240214,0,0,261.14904337271923,0
2386,44.72328226686762,3.0959996605373328,1,2,-5525.961534211385,1
2387,57.85467129102783,0.8387113211435564,1,0,-2443.692454064942,0
2388,33.89806743945213,1.7421345561942796,0,1,-1507.4036082078292,0
2389,2.792247850326008,3.321949963897609,0,2,-3270.314997504232,0
2390,26.976398239123778,1.2627461881134359,1,0,542.9462516378182,0
2391,10.833643952487213,1.7124003893037152,1,3,-3469.546141523937,1
2392,2.7423743566871566,1.7634777235329475,1,0,2400.5983089199026,0
2393,21.650992299917103,1.137515371808879,0,1,-633.53357156055,0
2394,124.91348613070753,1.484146285816411,1,1,-2325.3178572702773,0
2395,80.63415741945488,1.2716435784263838,0,1,-3526.729183196281,0
2396,81.86208660738625,0.9483582382253007,0,0,3668.4058318670272,0
2397,85.2942965872234,1.7167749956113099,0,1,-1421.6590824897023,0
2398,109.71231944513377,1.2311147274031247,1,0,230.90279059815657,0
2399,4.91859487305331,1.2400037141320186,0,0,-2340.502346148712,0
2400,26.95377941139189,1.5382371454080486,0,0,-125.9528399197718,0
2401,0.8277921944316406,1.3419049128446974,1,1,-5367.026872094626,0
2402,57.002370463252106,1.6383052654098837,1,0,-3164.7734173034214,0
2403,54.926831840687015,1.2080214050543518,0,1,-1930.609964204259,0
2404,20.53682613706856,0.8407863056131374,1,0,4068.9559279648697,0
2405,2.0001996431304057,1.4692126182238008,1,4,-4322.468470040554,1
2406,63.31307687387759,0.9719959213405603,0,0,-2313.1207972671655,0
2407,68.31235880111404,0.9639705987895066,0,1,-462.18605593286134,0
2408,147.20710823319598,2.060827538679935,0,2,-2270.384640358716,0
2409,23.72078448217307,2.874139512766593,1,4,-5550.542266541692,1
2410,91.83716230791444,0.9759469355144496,0,1,-2451.8192594161847,0
2411,99.95008364197628,1.0491385860492892,1,0,2143.561268345625,1
2412,30.50495724542648,1.369182199041281,1,2,-4118.385202784004,0
2413,22.889638639954487,1.2643105127831165,1,0,-56.58123207373842,0
2414,20.812126636158872,1.645462248122319,1,1,-486.5409625002749,0
2415,39.33277065536928,1.1518240017980679,0,0,1205.3939971941872,0
2416,0.4288433162423282,1.2898087641461737,0,0,963.4339350728453,0
2417,9.564814982338952,1.0169133092443194,0,3,-3795.1050093499243,0
2418,17.68853714950542,2.180921908859287,0,2,-3714.9389044404334,0
2419,34.16092898908297,1.63805258200555,1,1,-4628.535344063097,0
2420,7.795990777321128,2.7343081743385778,1,4,-6318.826933660819,1
2421,90.41054099755699,1.036465235587542,0,0,1609.458896494482,0
2422,27.219406167483157,1.4684820450985372,0,2,-629.7299884540221,0
2423,290.9307525178359,0.8247171671130236,0,0,1922.8073947024482,0
2424,4.67599367970053,1.6067992582056227,1,1,-827.902577816471,0
2425,7.64919462600691,1.0005073118623056,0,1,-3725.6025245598753,0
2426,0.6673630172231179,0.8000161254869175,0,1,-2214.3079920402356,0
2427,30.086583866965434,0.8846229698121353,1,0,-2614.2040476074108,0
2428,99.37540967285705,1.4287437888737642,1,0,1366.5210670375384,1
2429,29.471265410624376,0.9094087679773711,0,1,-3894.042364673269,0
2430,1.2873488927820111,1.2582131371628673,0,0,-174.8530233079955,0
2431,28.292637680741993,1.1186015229495525,0,0,6172.6764869977105,0
2432,67.33127759270326,1.132055630059523,0,1,-1659.3536402298487,0
2433,15.17147594466695,0.9414806701692859,0,3,-1037.72938785199,0
2434,6.894425344110093,1.190598842317037,1,0,2332.99560112572,0
2435,12.371616683583577,1.2011053299928292,1,0,2547.254626728484,0
2436,56.17556113807225,0.816365094434015,1,1,-2257.6607982582286,0
2437,40.388136732758966,1.7459049476917443,0,0,-3155.5815353573144,0
2438,6.878215137152871,1.2061918322816252,1,1,-293.9311856144227,0
2439,30.215757649766907,1.5226249947208423,1,0,-1487.5647745103747,0
2440,8.605424776686336,2.3112593524656955,1,2,-3304.0547659447116,0
2441,47.4364875051617,1.4497002394020044,1,1,-5808.338452853263,0
2442,0.9169588189182601,1.000022129105667,1,0,1105.6255466777654,0
2443,23.31721009719107,1.400303439925565,1,0,-2271.52537615475,0
2444,29.437480587530917,0.9297346310701241,0,4,-19.325789584888753,0
2445,6.296444234964464,0.8432526048267581,0,1,-1536.50207282173,0
2446,1.105701908814556,1.7208014610800078,0,1,-3131.6825935890492,0
2447,2.149884831405434,1.062939920536703,0,0,905.9787398905511,0
2448,11.122446330842156,0.8085546051833101,1,2,-292.6624708642007,0
2449,24.10506480331154,1.3943193176447526,0,1,-3615.1106477648455,0
2450,32.465306652190236,1.1236396879247135,1,0,4487.225012771512,0
2451,139.74379006932102,1.4049534113295374,0,0,2834.018700744905,0
2452,5.613283970356809,0.9714370251598253,0,3,-1254.1710207792971,0
2453,27.09343841576443,1.286919327643026,1,0,563.9698713727905,0
2454,7.737350980903463,1.5516712870964677,0,0,2114.4492526310614,0
2455,54.48912049957072,2.8519669151144327,1,3,-3905.036616813606,1
2456,1.9062095601659639,1.6921021720068443,1,0,-2105.692059411096,0
2457,0.5296798780719694,2.661029076713702,1,4,-2536.4022324122475,1
2458,64.5738263747548,1.0200524805316218,1,0,362.03772996823,0
2459,21.663980035837405,1.4748123839636849,1,1,-4222.968011497975,0
2460,36.633385708463344,3.15795727357571,1,2,-5764.529407582374,1
2461,9.965328751337356,1.5275018874636292,1,2,-1824.5195332447772,0
2462,107.9226775024295,1.0863978600708992,1,0,-319.8040092552187,0
2463,6.407276784963731,2.7534458732442584,1,2,-3283.148464887645,1
2464,46.227708045969266,1.6336664053597494,1,0,2778.231245834792,0
2465,21.145671870740383,1.3080345566335778,1,3,-4589.41522583044,1
2466,141.83104621704,1.143807856106557,0,1,-640.4414367125373,0
2467,40.06329364970199,1.77165068555637,0,2,-618.406314410423,0
2468,27.017779381690666,1.4568676572582133,1,1,-4116.434183392056,0
2469,52.8140665605886,1.5580254411745067,1,0,2663.9069269659303,0
2470,43.36446024242678,1.3988613642680938,1,1,-407.56436996652883,0
2471,36.305933824621256,1.62778365799574,1,1,-3424.952979097451,0
2472,30.028285943075467,1.0050275690158212,0,0,840.2684986659608,0
2473,53.32439479525834,0.8534371854495945,1,1,-4164.210510286204,0
2474,29.63090881853826,3.2418830403248697,1,3,-1792.1510459461379,1
2475,67.97801510334484,1.290087671980067,1,2,-2181.7041770065593,0
2476,24.10313125229274,1.5190130102365655,0,0,-1159.5865570045162,0
2477,35.36582607039537,3.1111483497405894,1,3,-944.2286472339001,1
2478,20.12175340127895,1.2136116288634806,1,2,-3191.089155304803,0
2479,49.48010733935122,1.1762944043209524,1,2,-2493.1129982065113,0
2480,16.99781051807551,2.66652865375369,0,3,-2747.12795933205,1
2481,42.48677677726299,1.2071202077851013,1,1,-3988.7946718940275,0
2482,2.328557805935035,2.922276295663732,1,2,-10377.06830835648,1
2483,24.82321822706863,1.3719405735856531,1,1,-2516.4656799138643,0
2484,28.94912745726596,1.6537843881043335,0,1,-1451.6580860351696,0
2485,108.99283969838405,1.5984470845799426,0,0,-1168.8233678423712,0
2486,65.28635324385112,1.5607200389973284,0,2,-3317.5819188479004,0
2487,132.1163994727852,1.1556937430295742,0,0,426.81577076466033,0
2488,7.54619267449191,1.0403891663151352,0,1,-3012.109178352305,0
2489,67.96132364888913,1.0007163706742368,1,2,-78.82125247987824,0
2490,132.1932121838262,2.1993248448184612,1,3,-1854.2625725894711,0
2491,10.456563282942149,3.09272096995765,1,4,-4202.146892985409,1
2492,113.43868971667843,1.4736511669964147,1,1,-662.276598761262,0
2493,106.01889239161717,1.3333667726951486,1,0,281.3783056552113,0
2494,39.88826532221529,1.6568986480505232,0,0,3897.244204466797,0
2495,3.4895886706024024,1.1568308823839761,1,0,1682.6923828474628,0
2496,1.382208664178125,3.334763217833464,0,2,-1009.4886921962366,0
2497,8.932108929421956,0.8973702052232634,1,1,-695.3659303400575,0
2498,49.87657044336714,1.1517750808239446,0,0,-2686.6658414018684,0
2499,9.841384128085293,1.1790752929832893,1,0,2885.88706387432,0
2500,14.24515701070353,1.6323848031660666,1,1,-3767.808098391941,0
2501,42.747711867148574,1.7539232793958193,1,0,-2250.5940628451667,0
2502,30.798834631189177,1.3310557269801921,1,1,-5015.0219639777015,0
2503,11.03416302920316,1.687760678296939,0,0,3282.250852979877,0
2504,24.648521205502995,1.3758650357896878,0,2,-2475.252449242274,1
2505,1.2678158455427817,3.167454093406274,1,2,-1076.9723382383775,1
2506,61.36037850497329,0.9465850627039268,1,0,2195.7845186194545,0
2507,37.713693680854504,1.414698716454146,1,0,1580.7211426838048,0
2508,50.944226183516136,1.582623808522981,1,1,-2217.0626200160073,0
2509,21.283374134578725,3.1736211110463746,0,2,-1827.9160755386183,0
2510,93.21210553252193,1.6985009267212785,0,0,1158.9723027813297,0
2511,30.04386830514892,2.563204989955459,0,3,-2543.6552910508517,0
2512,21.21647676703664,2.618510746951247,0,4,-1453.0446844766398,0
2513,74.38948276597803,1.6565431470983323,1,1,-2803.080279164653,0
2514,24.698645384670098,1.4225566966125909,0,1,-5338.256617963711,0
2515,29.631090472556586,2.3004891034393093,1,3,-2743.8638380517264,0
2516,184.43402963010962,1.2058260583652292,1,0,1898.313608924279,0
2517,24.73904681851834,2.1180844451784857,1,2,-1207.5666535811984,1
2518,110.21348841100264,1.0762295482819328,0,0,3988.4327145042953,0
2519,8.387114202812903,1.4537622393657552,1,4,-4360.080137287518,1
2520,10.178414808886364,1.2025401323134832,1,3,-6106.736737867697,1
2521,93.99495055085993,1.5745133864026883,1,0,-740.110038697092,1
2522,17.021153324351925,2.1863912843664393,1,2,-7785.744989662577,1
2523,0.5076678235201274,1.7049601560328296,0,2,-2648.1991497057725,0
2524,71.3896909841034,1.7624106155258263,1,1,-665.9741003491583,1
2525,16.084410065168278,1.2385399144649165,1,0,53.4916759281507,0
2526,28.842948614402715,1.6440993678086389,1,0,-371.89523305542184,0
2527,97.37058791625766,1.020827996385996,0,1,-1384.5299351883793,0
2528,90.9788091486259,1.2711890510331112,0,1,-821.3049189351718,0
2529,20.294834968105068,1.7705114200521201,1,1,-3696.739597488469,0
2530,44.47353073018345,1.4473955524922104,1,1,-7145.939241898968,0
2531,80.50358363530495,0.9853031146751227,0,0,-1666.441506531451,0
2532,14.050749088091841,1.1643859398757648,0,0,2178.322583243479,1
2533,64.2730530100287,1.4490558347342786,0,0,2255.179797151552,0
2534,46.168359873123485,2.1730505879716175,1,2,-1730.1637135379208,0
2535,31.017795672483672,1.1753845306175912,0,0,-409.9852123993496,0
2536,19.516516785547804,2.927221799505755,1,4,-3978.859395734771,1
2537,0.29574186640133593,3.171495886108535,0,2,-4982.754320737398,0
2538,18.67049599943066,1.5040551075641897,1,0,-2907.0588722337407,0
2539,62.65273711426709,1.6070182384929006,0,1,-2046.0035208188674,0
2540,10.008416052195969,1.60425816725237,1,0,175.99116879911526,0
2541,16.596742189439748,1.005497382439021,1,0,2685.7101998250737,0
2542,51.66677853065823,1.502742606466575,1,2,-4925.436481492161,0
2543,85.24400121439723,0.9609255259343934,1,0,-1915.6686776543124,0
2544,166.5251304970034,1.6380298784472949,1,0,1183.458824853113,0
2545,185.02376500392253,1.5713104007380578,1,1,-6482.35322824801,0
2546,23.316758089778993,0.9407489538575035,1,0,40.23892132129413,0
2547,39.44026181113933,1.538002423647578,1,0,4038.4865123278496,0
2548,64.65978449038361,1.036845051570413,1,0,4645.616474275047,0
2549,31.668304824199346,0.88653445843809,1,1,-1888.293194385458,0
2550,30.909442470750605,3.2399204163852744,1,4,-144.24306185468959,1
2551,132.0705155968352,1.0443128399472918,1,1,-2794.4774948569643,0
2552,6.299528479685167,1.3903054483748782,1,0,708.8529522003007,0
2553,8.222901542876436,3.043699808450869,1,2,-4552.254027533849,1
2554,14.615317535657624,1.361833643560801,1,3,-2543.0145129621696,0
2555,40.28369372348494,1.6452936733576862,0,3,-798.8164312013844,0
2556,3.9301068393628102,1.1169279815324968,0,0,-2457.750054001501,0
2557,2.1385174197232635,3.217620323357365,1,4,-5994.8846571455215,1
2558,75.7201067321637,1.2155729250098326,0,0,-106.15625052787891,0
2559,36.428599857385294,1.328788331293072,1,0,1661.7038442582902,0
2560,142.0160226953473,0.8031833227234199,1,0,-1921.7749930001878,0
2561,18.593351231049265,3.091610895317909,1,3,-104.48213715485554,1
2562,1.7467235082793198,1.6422707315907903,0,1,-2266.3912694496544,0
2563,7.117682017408333,1.0200744894066767,1,0,-1307.5174921456564,0
2564,8.516900869878306,1.045160862464385,0,1,-1972.4719075963721,0
2565,59.18841963569504,1.6702920696814156,1,0,4682.0839097830185,0
2566,206.06175873154518,1.6370784192566146,1,0,4675.570150881747,0
2567,10.496219937749952,0.9088739386560021,0,1,-1329.7065962980766,0
2568,36.3460901826526,0.8677433913493896,1,0,2947.4411629816427,0
2569,20.987964473241618,1.6049022279230745,0,2,-3122.9802104301884,0
2570,80.07423299588748,0.905723771967693,1,0,-832.5847231938851,0
2571,22.33601307943047,1.862105339755629,1,2,-2202.253471771329,0
2572,8.395512807971473,1.3310128593758823,0,0,2289.239501688907,0
2573,61.10043184805527,0.9152329558528888,1,0,1282.994475895192,0
2574,70.15830834201917,1.5563269024769608,0,0,-182.69718449794914,0
2575,0.7323956065776116,2.193173509748908,1,2,-2687.6769463037326,0
2576,3.536543391637712,0.8243793045383675,0,0,2769.7288782801274,0
2577,159.8600813627199,1.6427735346707915,0,1,-5002.437855463102,0
2578,55.882440522210686,1.1224698068571133,1,0,1636.5955189506826,0
2579,7.333488786880317,1.690302239467016,0,0,257.66655141548176,0
2580,55.52059162193935,2.5684877716190915,1,2,-25.847532633023093,0
2581,5.47427702514474,1.56524161035605,0,2,-2457.5101975942193,0
2582,106.64147909698154,1.1326858190364688,1,0,-1953.5002531325613,0
2583,48.92317280129832,3.259532229403172,1,2,-67.60339909411778,0
2584,58.41940180683759,1.4367848487389971,1,1,-6392.642803005832,0
2585,66.02594767813544,0.9903692688236166,0,1,-4496.400070798201,0
2586,23.84425620936731,1.0628132166415365,0,0,-771.6514906595544,0
2587,62.88941934717261,1.006675165166023,1,1,-2413.8016104947496,0
2588,84.37264761624222,1.1466374748717838,1,0,1604.3324880346072,0
2589,24.848708634149787,1.2349464924162579,0,0,855.2903532625666,0
2590,13.947908525188952,1.1017943511628534,1,1,-4498.804927695078,0
2591,105.95663525354509,1.0427743226237656,1,0,1695.4075574830913,0
2592,8.567369007117902,1.5977250173511877,0,1,-3950.8480485761347,0
2593,23.339918085879653,1.152135692973844,1,0,3026.937487693788,0
2594,6.099169287317318,1.0815413853255404,0,1,-940.9718492279844,0
2595,50.13054774350368,2.679058079271054,0,4,-665.9576074612796,0
2596,34.87412177722464,0.8268787049529012,1,2,-6123.289946887738,0
2597,45.82624629414408,2.5434591209377917,0,2,-1778.4618522465878,0
2598,68.315042093471,1.529539054596522,0,2,-3459.5293522860106,0
2599,20.868071365439334,0.9996713346030671,1,0,1495.9585003358038,0
2600,58.98254270278412,1.2187970079355517,0,0,1685.4908535810866,0
2601,37.870397288365716,3.0620300565609933,1,3,-7603.71804703035,1
2602,37.71396203296709,1.5438448723124885,0,0,-439.8620098129795,0
2603,8.58960910667536,2.404229708476479,0,3,-1441.8788372145546,0
2604,35.15080926963568,2.6098779994962245,0,2,-401.54077128701874,0
2605,29.954557039453,1.0712332044067798,0,1,-1126.9039476255696,0
2606,5.257072851303996,0.9224724846980603,0,0,732.1185309468314,0
2607,88.48502730802169,1.7624066569196946,0,0,3228.855797141682,0
2608,4.413539522739885,1.6857185874337328,0,0,-357.10616924022565,0
2609,1.0006479572359408,3.138458825300761,1,4,-6459.646543410135,1
2610,60.83754162002306,0.9870919709384998,0,0,1386.7777427093606,0
2611,0.011765851549920856,1.0079767550853698,1,0,4630.760198327646,0
2612,14.202119574332547,0.8847014612055295,0,0,1417.3856261200606,0
2613,13.015876469500059,3.4149102713990827,1,2,-1280.6966455723364,1
2614,47.55209159252227,1.0967534368434482,1,0,2157.425056484977,0
2615,35.690650833417756,1.5408908180018561,1,2,-550.9124907137448,0
2616,6.8124687344732635,0.8346042473787165,0,0,-677.0617936766207,0
2617,15.655963177123871,0.8437378380527467,0,0,2842.1790414720526,0
2618,27.879171420340974,1.4084014164015524,1,0,468.6455433348483,0
2619,6.967837895216124,1.043800606210839,0,4,-3139.2566829551497,0
2620,19.04602372990627,1.6040013858711166,1,2,-1759.0747712567777,0
2621,23.339112430636284,0.9774345740598591,0,4,-125.47870271750935,0
2622,43.96210789325891,1.6346888069315268,0,1,-1563.4485526759654,0
2623,20.90270455522554,1.6097225847520424,1,0,-1519.5035357464767,0
2624,89.54352400239641,1.7805352269285966,1,1,-672.7373784490005,0
2625,37.56734255793523,0.9339620606012239,1,0,5478.489190066679,0
2626,20.868239018223473,2.8152575198116203,0,4,-868.7473974939453,0
2627,10.599185257776902,1.3942660511066631,0,0,4075.794427601876,0
2628,86.05124551651943,1.2090049047341949,1,0,5027.338187035786,0
2629,3.189042745729585,1.6654431884160104,0,2,-1878.107004568602,0
2630,35.319754389689265,2.1369427534934147,1,3,-624.7562755592035,0
2631,55.24614053465539,1.3607405551406457,0,0,1551.6074811301703,1
2632,109.69109440319144,1.2170559962327516,1,0,2737.5676344826497,0
2633,206.024082025497,1.2091597233511522,1,0,3934.2676384702218,0
2634,220.81651125000454,1.5651587423357327,1,0,-331.2734299904439,0
2635,0.06740297756738704,1.8334132372093228,1,2,-1317.5303339549225,0
2636,45.809261135984144,1.3077440960718891,0,1,-666.5795764474497,0
2637,25.06911616451889,1.3051568051880225,1,3,-2701.9316885144895,0
2638,5.282148083861546,1.5125790422743597,1,2,-5892.622773563226,0
2639,282.1385586936802,0.8374697273705145,1,0,-1424.794277984735,0
2640,1.3106319527064128,3.033378126765265,1,3,-1477.8496015014439,1
2641,25.20111668944221,0.8318334021739504,1,1,-5526.62170002979,0
2642,11.339959766880213,1.0368654075121426,1,2,-330.4273176554375,0
2643,16.17491077178963,1.7171183661136213,1,0,756.7230688458176,0
2644,9.66219046083392,1.3204186984648334,1,0,3395.3546068672968,0
2645,44.11460762312081,3.3067956573992676,1,3,-1562.3938964533909,1
2646,25.94856918734134,1.5474310233662325,1,2,-3462.07319014661,0
2647,7.18368029378611,1.190465148740115,1,0,-2809.5443813740103,0
2648,72.050602369652,2.884753650412943,1,2,-8439.289440556196,1
2649,38.833525611737265,1.3386745433174794,1,3,-4712.564709363811,1
2650,61.428666399264266,0.8268235939001627,1,0,96.34053790429039,0
2651,41.83793110025377,1.5440278228708886,1,0,-98.9670610422072,0
2652,78.05268113665194,1.5893040397229858,0,0,882.0621668824833,0
2653,13.013472913854606,2.135862378260926,0,3,-3184.1590697671063,0
2654,94.16984021522323,1.4633894373685687,0,0,2094.2691665741054,0
2655,68.63152532044695,1.5997679315263071,0,0,2919.432057892672,0
2656,54.608362195781645,1.4793878184793308,0,0,5951.305167469825,0
2657,36.24270628858245,1.6372474738799108,1,2,-781.1309451869147,0
2658,16.247245595828385,0.8262034904905814,0,1,-5892.380609120974,0
2659,183.0641122823258,2.3361322803295814,1,2,-119.12438518388262,0
2660,13.127500292117025,3.1185256323386863,1,2,-3975.230210593231,1
2661,17.913548560914904,2.0331077820767023,0,2,-5098.086290876647,0
2662,25.367644294539637,3.1525614980792773,1,2,-4562.930432486957,1
2663,18.605396730000052,1.6271436861730706,0,0,718.9218468166273,0
2664,8.377726106463712,1.6163396824829563,0,1,-8093.57151863684,0
2665,25.08421289078464,1.1725961500906337,0,0,2936.6824933618027,0
2666,65.74140893347318,1.1533057112158902,1,0,1761.1178762091995,0
2667,7.7005262751754096,1.100820281759511,0,0,3111.3588695470035,0
2668,21.781127383371132,1.6642546376327463,0,0,2996.6083335222725,0
2669,38.77658163123432,1.5168946570156536,0,2,-1693.9740924273012,0
2670,86.34402497163931,1.3222426464658912,1,0,25.274459082450676,0
2671,142.25039414363505,1.6793482125770542,1,0,-262.58387036621616,0
2672,65.03763584333898,2.790129247025396,0,3,-531.9669862342162,0
2673,103.85709135048837,1.740474775343071,1,0,1115.8381285683354,0
2674,25.23179630527065,1.784040688651624,1,1,-2009.91462119231,0
2675,137.00159929826538,1.5407211328619854,1,1,-1677.8791898236832,0
2676,12.553883175931562,2.5922355475762973,1,3,-610.8788508725265,1
2677,24.874681001947778,1.2147560460980964,0,2,-2319.8131777634308,0
2678,23.099015276550283,0.8725837500480652,0,0,4561.243978189292,0
2679,2.148844577000274,1.8997105864316721,1,3,-1281.6285896777574,1
2680,7.50533546328517,1.5613471461877144,1,2,-2468.103094607801,0
2681,94.75581288644526,1.4597846054447583,0,1,-1907.4717427294634,0
2682,17.75153035514436,1.1964417576929065,1,0,3997.6560953371845,0
2683,110.78312734094453,1.1532086215135229,1,0,2515.033372294384,0
2684,19.815871461067612,1.3789807204571085,1,2,-246.9043108486294,0
2685,0.06548210857324595,1.7622295644127288,0,2,-624.5655704817132,1
2686,19.50198324402234,1.2022410494947282,1,0,-1799.3076984125937,0
2687,1.439996125504107,1.2896814792208544,0,0,1894.1269055784778,0
2688,11.15798134344792,3.1109491634328936,1,4,-5850.596252003928,1
2689,31.808647076985462,0.8947050193406259,0,1,-2356.657717285445,0
2690,7.873661748471634,1.404755968844764,0,1,-3202.4508850652846,0
2691,202.29004783364766,1.0502034824351483,1,1,-355.7215539029926,0
2692,4.602362897014484,1.217167986896294,1,0,1014.8585583094227,0
2693,10.088924149457089,1.688367383833707,1,3,-56.24067487758384,0
2694,53.31602917460508,1.7137554650115017,1,3,-308.8411127993486,1
2695,123.28976684801465,1.5952886311573706,1,2,-2222.1564797596093,0
2696,12.655123517460087,1.7972122644249726,1,2,-3991.963688292885,0
2697,33.215912354972275,1.8945052123430823,1,2,-517.3538761472614,0
2698,96.55380432547037,1.3633791796832981,1,0,2209.6321420979625,0
2699,53.98552157874185,0.949507599123395,0,2,-1586.3251024981562,0
2700,18.13004389181552,0.9056164640474313,0,1,-2905.895574179134,0
2701,26.36114836495059,2.3212688535760817,1,2,-25.18287671267035,0
2702,54.19848458816372,1.6237782015661142,1,1,-3162.306013769743,0
2703,11.290115009763104,1.214418683927991,0,0,-783.517427129419,0
2704,30.111545141652883,0.9308075443933009,1,1,-5710.751296352131,0
2705,82.15433799544073,1.6771016615784036,1,0,-366.50529565569946,0
2706,67.9445377093413,1.0281559841252164,1,1,-2020.4210445291183,0
2707,40.4465732210098,1.282862179494328,1,1,-2587.134438840589,0
2708,33.77032855999669,1.427409026048266,1,1,-2889.3213850151747,0
2709,27.23014255574293,1.6733224549665087,1,1,-1262.3279459725222,0
2710,75.36020988145967,0.970401560287369,1,0,3243.3960299279947,0
2711,9.495010013314515,1.0010009540855882,1,3,-5817.377251179246,1
2712,57.370007166005365,1.0839134481038082,0,3,-2634.519170433771,0
2713,26.972651407125888,1.1943061247635063,1,1,-7012.524088249973,0
2714,238.37610454555517,1.4776971436924504,1,1,-3544.782386750396,0
2715,37.423487592332776,1.4027080880951945,1,0,4050.135065957257,0
2716,2.4319887202574346,1.053494073831063,1,1,-4930.588371021919,0
2717,12.81415930766807,1.2784107693404647,0,1,-627.0677381995472,0
2718,124.93333556266322,0.9778911953554136,1,1,-403.3181053946473,0
2719,60.5258411284872,1.639001270857281,0,1,-3152.121711537666,0
2720,23.233777810543508,0.9091922969941975,1,1,-2022.8132751588703,0
2721,33.99626547553648,1.7650846361146826,1,4,-5914.144856044182,1
2722,29.38543441699983,2.788285337421785,1,3,-2924.203564232444,1
2723,36.10657586484154,0.8275085871353871,0,1,-61.572784674666764,0
2724,4.396477030312978,1.6718521421839654,1,3,-556.2567293576187,0
2725,32.03759251226347,0.8682624958199999,0,2,-1477.4531385437244,0
2726,49.25777758192013,1.2469726428847465,0,0,1430.2855054728159,0
2727,178.40088645118,1.048018542193844,1,0,-1646.1405530731968,0
2728,50.572668328409584,1.7160260249644712,1,0,-3082.8917874168837,0
2729,44.15180517964818,1.6008198100155488,0,0,-247.5179390553442,0
2730,66.46855030196829,1.0936383878907865,0,1,-2322.2617337046768,0
2731,105.0973586918438,1.2798625317115637,0,1,-3591.2791120174165,0
2732,16.34089379619027,1.5861379871604608,1,2,-934.8130319233069,0
2733,37.26844922924234,2.887548567335299,0,2,-5105.379373253732,0
2734,39.39017743700444,2.345327537985934,0,2,-852.8548820252563,0
2735,137.1166391633577,1.7729138378984268,0,0,3617.7932499127714,0
2736,24.935338903724595,1.6542684641230256,1,0,455.65990719789784,0
2737,23.319527276302264,0.9262655383836123,0,0,3447.6599892500003,0
2738,122.97489643709368,1.5290794636406113,1,0,1152.3698354070264,0
2739,31.87280161725741,1.3780954568580452,1,0,139.18407548694472,0
2740,5.40463387095803,0.9234452983626232,0,0,1243.5808751028085,0
2741,38.946912992111685,1.5622780336333522,0,2,-3068.7776460592736,0
2742,111.89380754492231,0.8245589096694802,1,0,3248.3381205104956,0
2743,27.141022300683538,1.1434990058693024,1,1,-2029.671124606647,0
2744,30.650613077196798,1.4465404960239525,1,1,-2021.2661389305295,0
2745,139.7159559534533,1.0162237912129912,1,0,601.8535363311129,0
2746,0.12523445567975894,1.6240412481445483,1,3,-3131.474500687945,1
2747,5.177754914290687,1.1088211523623936,0,2,-2147.541954273119,0
2748,61.42639798633932,3.2132056822377515,0,3,-2061.2597810045936,0
2749,17.57569771359103,2.239650395107919,0,4,-987.4343680330976,0
2750,143.87851141394833,2.7054622071382286,1,2,-637.1323163888151,0
2751,48.18351323107986,3.47004415821562,0,2,-1682.297553911444,0
2752,21.743410905070284,2.1322925643618977,1,3,-5679.597270313177,1
2753,58.02264066247436,0.8453491790452273,1,1,-1591.885625178863,0
2754,20.117251472769187,1.4295768326375702,0,0,4553.7457583529385,0
2755,101.64318240259236,1.6119277115189603,1,0,-630.1010015019424,0
2756,126.4336438159451,1.3294200057625096,0,0,1718.70689519782,0
2757,82.8553519791123,1.8912134288252498,0,3,-2644.40904875715,0
2758,5.009141715614865,1.1449986435652524,1,1,-2531.362463208327,0
2759,25.179738486331367,1.7719696678165473,0,0,1737.7640164084796,0
2760,0.0794833129442854,1.4989209233474752,0,1,-1446.8126024770195,0
2761,0.7818137340496008,1.3058618913655993,1,1,-2639.744197104277,0
2762,7.692539707927162,2.7623861759415496,0,2,-1747.4299499108665,0
2763,21.700022419926675,2.6480240183695107,0,3,-649.775706834333,0
2764,4.441047333148324,1.7981238123369896,0,0,-2510.249368764188,0
2765,39.6791351974325,3.14374843067975,1,2,-1407.0348198982363,0
2766,93.33344776058848,0.9566824336851364,0,1,-3910.320173132379,0
2767,0.8164824055498576,1.769349112580664,1,4,-486.542809004839,0
2768,6.134392685789292,2.140275965212469,1,2,-3170.7933737852336,0
2769,29.16690475576485,1.3252720752201865,0,0,4427.885464101626,0
2770,91.60749269851586,1.1366072710924116,0,1,-1203.1066743129898,0
2771,46.22270157134108,1.4625636900440742,1,0,2867.308269054874,0
2772,82.57239478739507,1.5887638965564013,0,0,-391.74045651849883,0
2773,119.82341465064022,1.2554889254143276,0,0,-1956.715965307853,0
2774,49.0853563543116,1.015631931553549,0,1,-951.9745758639442,0
2775,16.234329642281047,2.7989862475151344,0,3,-4242.1451544573665,1
2776,13.29088192437955,0.9727849535582608,0,0,3433.127621963948,0
2777,148.8917708893755,1.799913495984098,1,1,-595.1188016035912,0
2778,77.19029343925602,1.666554855054897,1,0,3201.089486031079,0
2779,20.127761705615946,1.662064073716528,1,1,-1626.3502402466738,0
2780,39.58289619374541,0.9547794433880691,1,0,-148.46232354153017,0
2781,240.1247975345552,1.7006234698961946,0,1,-5120.290711572257,0
2782,18.129520680110037,1.463766043462468,1,2,-3347.451456663367,0
2783,69.27649752924476,0.917799177476023,1,0,1037.8437938088448,0
2784,11.982764708046862,1.5996091549529736,0,1,-3306.8939347482633,0
2785,3.91441496311704,1.1365860048702747,0,0,-2048.0589165342167,0
2786,0.5572459035269195,1.78733164255691,1,2,-1373.8787726778896,0
2787,160.04822127900815,0.8692900780223639,1,1,-3347.88501207514,0
2788,0.6616280376526923,1.1051069844641654,1,4,-2651.1964261558687,0
2789,37.40161806990655,1.5510345193998205,0,0,1243.17273836329,0
2790,25.014935014247808,1.029848852991539,0,1,-1055.891659444641,0
2791,7.78593330118085,1.532497701980509,1,0,3330.2456574894404,0
2792,69.69154458737863,0.8682512146812092,1,2,-1829.8560637109672,0
2793,6.076241675510729,1.2926906579685604,0,1,-748.3026177684796,0
2794,16.166186397485767,3.2229726812161585,0,4,-1206.7380208280854,0
2795,14.296860475931366,1.7445360485300356,0,0,172.9835564630016,0
2796,3.5641890013587996,1.2520354713182398,1,2,-5812.67306165009,0
2797,144.24157690527537,3.2679645580611556,0,2,-2515.0711589740813,0
2798,23.91548575695193,1.1765123696076372,0,1,-363.290975291045,0
2799,3.4980714011045344,0.9092092228918628,1,2,-2334.3259114896987,0
2800,2.456159357039202,3.3686386195328657,1,2,-140.8304145577804,1
2801,43.70608301477717,1.0303349714573706,0,0,5432.546474896048,0
2802,78.26611904453605,1.6642008716310874,0,1,-8105.886136002651,0
2803,13.817585401430321,3.01075354732586,0,2,-2212.960934736061,0
2804,8.72634759116125,2.6051327120414447,1,3,-876.5364386337219,1
2805,33.81874319119706,1.0287535832178292,1,1,-2205.892610714672,0
2806,66.90369943745962,1.1618631994600448,0,1,-665.046560042319,0
2807,23.133671973693698,1.391466178039709,0,1,-6171.432937512322,0
2808,36.54322441474908,0.819846045898951,1,2,-3196.850093292467,0
2809,67.30075470943355,0.9801600428764922,0,0,3272.7829560952678,0
2810,1.6302434793645724,1.7519478621002784,0,2,-2532.32860587111,0
2811,4.403830768848472,1.5889185368102168,1,2,-4268.610758718203,0
2812,2.905507320795439,1.7717972810530767,1,2,-2987.267814796741,0
2813,23.069631076067505,0.8418071789201363,1,0,5610.328820607604,0
2814,16.148086404439226,1.086203199156942,0,1,-2379.246920881553,0
2815,250.98468664092513,1.564953122986005,0,1,-7063.367085040457,0
2816,5.038846170824094,2.2256456564172584,1,3,-5331.819381372625,1
2817,79.57941143791143,0.9767494294961279,1,0,2934.838795915238,0
2818,15.738725722775552,2.9178994540730465,1,2,-3469.321115649295,1
2819,13.280313587750081,1.502013615793333,0,0,-148.53789455413926,0
2820,12.999366699117669,2.927830463049723,1,2,-3979.054876458542,1
2821,18.79595361975098,1.5479544343309941,1,2,-1533.6042831743453,0
2822,1.49125212141174,1.6443923019487188,1,3,-2985.8114456702424,1
2823,125.46488169799343,1.0588248399998594,0,0,3009.372351377365,0
2824,51.236939776576975,2.830038461892845,1,3,-6319.603415723905,1
2825,86.02097156690519,1.3447831187698782,1,0,831.8371294797018,0
2826,16.788003631422615,1.7224631488358166,1,0,2455.2233994911476,0
2827,8.306297602854725,1.4949741348030008,1,1,-5128.554527669279,0
2828,5.065257766239267,1.2418173386013427,1,1,-4019.4246631752912,0
2829,1.7216010846223289,1.0082356358057174,1,0,1728.9777761659432,0
2830,12.445648538122907,1.8145039280177369,0,2,-1441.3788845278032,0
2831,32.31940672139361,1.928856345844254,1,3,-1514.771627983911,0
2832,8.329660821919648,3.107372756424363,1,2,-3426.19282753559,1
2833,2.135462189431131,1.295261251196041,1,0,4116.061378614943,0
2834,6.872021561065285,2.8300923954248356,1,2,-5580.756200820906,1
2835,13.36632606005623,1.2117810707602663,0,3,-5663.746765015974,0
2836,15.99646712501082,2.236442322000643,0,2,-5319.866867337765,0
2837,25.22739908363633,1.4621981711680236,1,0,2902.5037309293753,0
2838,15.909080716406585,1.132733294564415,0,0,1978.5126275263242,0
2839,10.85609859864289,1.6631573124148291,0,1,-5418.981373910321,0
2840,2.0790494379136186,3.0834597756880067,1,3,-4250.806666823904,1
2841,0.01841426955782985,2.781545573972522,1,3,-2153.6780657096133,1
2842,260.37439945265703,1.5862450282784106,1,1,-168.53189168717336,0
2843,39.321476480326886,1.7015713063561795,1,1,-2289.9272231629516,0
2844,16.894094383243104,1.4466596017431734,1,0,619.5589576967118,0
2845,21.649083769024998,3.1362465688788386,1,2,-1930.0564648924421,1
2846,32.53758050449369,0.9819734059636096,0,0,-3665.84823962514,0
2847,111.57249660298383,1.6771725280887797,1,0,1418.8932101875798,0
2848,137.92225365917423,2.062595111964411,1,4,-2379.20800753034,0
2849,123.82728325471975,1.1674821313648756,0,0,-120.11844780585784,0
2850,93.96588115795113,0.8096146956979459,1,1,-5944.876166277287,0
2851,37.542653538500595,0.8927043021755371,0,0,1586.0329187307104,0
2852,2.420401688650127,2.4694074017034673,1,2,-3137.9414452562523,1
2853,11.702582782123226,2.450589404286753,1,2,-4132.421211084635,1
2854,24.610312393717734,1.3977854488518695,1,0,3759.1558133871745,0
2855,13.840175619993314,1.0983807000415466,1,3,-9286.923179551235,1
2856,0.9856969026836079,0.9181077847301896,0,0,-265.3313419236133,0
2857,101.38631528195776,1.1448366820518805,1,0,2491.1423114889067,0
2858,131.83024001583485,1.45116424346558,1,0,-166.7323347164613,0
2859,81.76058365361642,1.6184456567519092,1,1,-6610.143136076658,0
2860,37.6101943621097,1.31776845010614,1,0,2449.9320543494887,0
2861,2.9623929746716366,2.449064489076541,0,4,-3094.8317055430603,0
2862,91.26410363886146,1.119293411524507,0,1,-974.4693997140917,0
2863,55.393921387346786,1.646758855970631,0,0,2970.031243062972,0
2864,129.49027424532926,1.7013026759191523,1,0,-660.7846641122946,0
2865,149.85097043623756,1.423938053519168,1,0,2952.9628252510593,0
2866,58.475689305523936,1.1673589019951787,0,4,-3663.4307827080684,0
2867,70.00660137430434,1.3218641552801,0,0,4469.073251353102,0
2868,9.8922959643781,1.577567284433294,1,0,-1904.333818658788,0
2869,0.9562327023568691,1.6731792330839323,1,0,-97.26948148245424,0
2870,23.845246786931728,3.1163627520261405,1,3,-2135.112698855532,1
2871,56.89118982647236,1.6494675130295375,0,1,-5005.603794808723,0
2872,32.8812657620331,1.6591123397028351,0,0,1619.557590838195,0
2873,257.07397485171015,1.581761956843438,0,0,-1461.7375173227942,0
2874,15.102351662338815,1.318332566752507,0,4,-4559.684738473792,0
2875,7.218204625820982,1.3192035218971783,0,0,2171.217704726136,0
2876,14.489422377937029,1.7572854604258432,0,2,-2337.741992808534,0
2877,2.5111376535912937,1.879390021377884,1,2,-515.3608410696902,0
2878,27.905052529673657,3.4484063780400334,1,3,-863.0473600572659,1
2879,46.501843862560364,1.7432785742374421,0,1,-2449.375207253007,0
2880,6.1042743905235515,1.196088066972575,0,0,3779.6293381786463,0
2881,25.002144469730066,1.5922223591066724,0,0,1090.9247540339484,0
2882,15.200944336735624,2.185869564306438,1,4,-1982.5713738454301,1
2883,1.2744637402954462,2.231998072314142,1,3,-2364.8149640454485,1
2884,30.862554700849888,1.3353468812822546,1,1,-6102.606730006975,0
2885,54.08244449294344,1.5603534644035963,0,1,-1083.3926758384075,0
2886,26.05347894589756,1.788890288933481,0,3,-4007.1111343571156,0
2887,35.52425498458111,1.0870088305246357,0,2,-1463.8563808052918,0
2888,175.7180276641686,1.1383213012750781,1,0,1857.0885538499842,0
2889,11.626371719067162,2.295696875173859,0,2,-2621.4784435130396,0
2890,49.930496462541086,0.9220790894349385,0,0,2366.8212957489973,0
2891,1.086754785705843,0.9791522168929427,0,0,5821.734271577176,0
2892,47.16004208948374,1.2380430820213097,0,1,-3476.6407055838613,0
2893,10.258031471191495,2.265414788970011,1,2,-4218.527590291461,1
2894,22.075231107329532,0.9036956110743048,1,0,-54.94197378694798,0
2895,15.82230795486425,1.1499985241813422,1,1,-1987.4011198637872,0
2896,67.26557050154744,1.1323337893241587,0,0,1684.1399856599019,0
2897,55.32947990819878,1.1322545381606846,0,1,-2445.3145994142446,0
2898,0.40823026884822256,2.1223595481390696,1,4,-330.9921000094655,1
2899,10.985546207846642,1.0708660913138766,1,0,2273.8324982562817,0
2900,17.632818015733974,1.1476846136402186,1,2,-1053.4292810482282,0
2901,7.047286195226311,1.6001958358386466,0,0,-1016.144367832896,0
2902,18.489554995082067,1.469824130088813,1,2,-1357.9627353020073,0
2903,39.96488700759439,2.154806449160798,0,2,-5892.172039458468,0
2904,10.583620860159533,1.7783217205383959,1,3,-3000.3959506341216,1
2905,31.967935764071935,0.934148878487938,0,0,2000.1815462898408,0
2906,100.54234963741466,0.9340087898651886,0,0,1454.1394941949347,0
2907,11.90953989912513,1.5043144978577998,1,0,413.41344713739704,0
2908,10.723634582712297,3.2024730338609317,1,2,-3088.9802770791384,1
2909,92.36234365976827,1.235801369506322,0,0,-692.5496753004418,0
2910,93.39492603599182,0.8636611547117695,0,0,-297.77131557439316,0
2911,60.64551908047444,0.8957637608345773,1,1,-2.58115981925539,0
2912,3.5051784937052717,1.0389324225329384,1,0,4994.971950019776,0
2913,5.323652973823745,3.3160001876601726,0,3,-1820.2441964530526,0
2914,123.69086568546435,1.4470320964544547,1,0,5311.760546130176,0
2915,25.571877624126266,1.2500163053830595,1,0,5464.742842587155,0
2916,79.56026288946909,2.004207071460721,1,2,-893.8028002207811,0
2917,50.162645121983964,1.7627931613736594,0,1,-6542.486459476236,0
2918,31.813324679707705,0.8969312999875454,0,1,-2765.8478783410173,0
2919,4.201174062210647,1.3578670979704879,0,1,-3014.422692108129,0
2920,67.72091353823096,1.4244508382121785,1,0,1859.2814011577332,0
2921,37.64932994979306,0.8309040875674202,1,0,-4474.7424489198875,0
2922,19.404900256007608,1.3512492704795211,0,2,-4704.887020977665,0
2923,20.171761854898705,2.2482127836666326,0,4,-3085.931073796403,0
2924,59.98832429871367,1.3518322131006935,0,0,3255.244275204378,0
2925,29.621892502537484,1.4403739663201445,1,0,968.8085916543124,0
2926,57.0966220492214,1.0459164900303073,0,0,4512.798697518008,0
2927,105.78595815314755,1.471071517278233,0,0,4241.635528659212,0
2928,8.763673589647073,1.5612155563975856,1,3,-6165.284395426861,1
2929,9.996598770805704,1.7593108287007642,1,2,-607.8594580309657,0
2930,6.4988942727511585,0.8609749659649257,1,0,-160.32275103074926,0
2931,33.939450313899655,1.3747759115440288,1,0,1660.6245816210874,0
2932,44.921930560051294,2.742591246760708,1,2,-3731.3395680446074,1
2933,9.588034840293584,2.91872292340022,0,3,-8551.86769847242,1
2934,39.87078270474249,1.019961667164004,0,0,3569.59885147387,0
2935,35.7079386390638,1.9765844381466464,0,2,-2578.7010326378722,0
2936,24.20558928299648,0.8537986257148767,1,2,-5309.387901851087,0
2937,6.703307106676101,1.23828269986101,1,0,2865.0983797694357,0
2938,14.625931861532,1.3240962222978752,0,1,-3045.9396146645013,0
2939,7.091710244867909,1.3269264573125548,0,1,-6634.37910598149,0
2940,124.61022356574742,1.0826505656475995,1,1,-1708.643001727707,0
2941,95.14939822679278,1.4108433472477349,0,0,434.8061677078665,0
2942,3.477074681741584,1.3497384364818465,0,0,-1913.580169606727,0
2943,7.7453429347612,2.138198700229299,1,4,-4542.054243493996,1
2944,2.7843524077849713,1.7464636200839792,0,2,-667.4874383909355,0
2945,12.586425181661001,2.6870059286344334,0,4,-1746.876761976027,0
2946,5.006132498452792,1.694346916964311,1,0,1871.8335444943928,0
2947,74.30923050214352,1.3628181140395401,1,0,-2463.5685671174824,1
2948,59.356616238241,1.0088612500459342,0,0,1169.1375483392635,0
2949,20.96521704190525,1.8412858865822754,1,3,-1077.9907309119108,0
2950,10.581210926858283,1.3808680797243,1,1,-4615.737743365593,0
2951,33.78808201305574,1.6973361979788084,0,2,-3555.0148809654575,0
2952,12.850312742928107,1.4976958136112464,1,2,-6163.563198368518,0
2953,20.2484629466782,1.5553177885543648,0,2,-4591.817235091294,0
2954,88.6127550414265,1.4043450774888186,1,1,-7152.6056671894885,0
2955,10.464799306844261,1.0268471347361303,0,1,-6077.926171311652,0
2956,13.43834819662528,1.194014738875782,0,0,3156.054192496621,0
2957,24.415770729333836,1.6356976963657108,1,0,4058.4544747208865,0
2958,141.55585317515582,1.5806619424166475,1,0,2593.651119907886,0
2959,13.828196910256757,2.9903078598198336,1,3,-3143.7080312189337,1
2960,34.801739789153515,1.043520901138327,1,4,-739.2724184536114,0
2961,19.863980297851754,0.9272217581212066,0,0,404.55022196279424,0
2962,32.935302534495364,1.8942133038085036,1,3,-2391.879856238224,1
2963,97.69849703333136,1.3129986787582877,0,4,-6080.366096961527,0
2964,22.215584927215833,1.3341083802164424,0,0,-1841.9404504379122,0
2965,5.659724592721857,1.6633997460743635,0,0,5309.006413674439,0
2966,2.0780686677292435,1.7656064376370273,0,0,1376.091575979248,0
2967,8.531106766263095,1.3247566481568178,0,1,-7103.649873803573,0
2968,5.115553200065591,2.1752992729828566,0,2,-2627.320798476675,0
2969,199.8015669828353,0.9694650065974815,0,2,-1529.5585974901433,0
2970,87.71376164372488,0.9225763361960915,0,0,-51.8318769765242,0
2971,24.03087893022443,2.8564744054366513,0,2,-5454.228378216996,0
2972,27.031747250811495,1.812989289875221,0,2,-3981.549252864042,0
2973,111.9530330656631,1.3105466577901403,0,1,-4940.719602288413,0
2974,5.913420449691413,1.6815791436476109,0,0,3333.6812990049775,0
2975,90.10357512841988,1.3436509420243228,0,1,-3977.4885028213794,0
2976,122.54781329643106,0.9227145967768989,1,0,3040.084779475619,0
2977,23.29698454775454,1.702561604193613,0,2,-1403.8882521692724,0
2978,105.26487803291671,0.9473925220738791,1,1,-5375.626056959076,0
2979,57.50847358957761,1.7567989399429251,1,1,-2183.2095670104322,0
2980,9.238477607056442,1.677295968909605,1,3,-3515.2210141957053,0
2981,62.42553862875312,1.7632129119999815,0,0,299.495743958086,0
2982,46.75944415496171,1.1304345266910685,0,1,-3232.9501379722774,0
2983,26.69547136264444,1.505295157564767,1,0,1246.8077236503805,0
2984,0.18707889051715482,1.036932286134581,1,0,218.42932870650884,0
2985,62.41488115142256,1.3766254714584019,0,0,-476.9991621686154,0
2986,117.99289924534031,1.0796350968118467,0,1,-7568.353684887796,0
2987,30.861371472002812,1.3188462347228262,0,0,1164.4717446604236,0
2988,187.70121539983555,1.3475994814768177,0,0,1046.6567487868133,0
2989,6.764842743754302,0.8705663011601984,1,1,-1242.7900598195401,0
2990,37.621377901688106,1.727263641600475,1,1,-1426.950893702561,0
2991,1.2858325016255336,1.4862944493329633,1,0,1432.2582923356158,0
2992,107.72779715366563,1.527923841318385,1,0,2352.0595229530327,0
2993,48.740202248117406,1.4127779267795368,1,0,4857.153537159862,0
2994,8.268791385438327,1.1990634339157948,0,2,-3334.0259005316675,0
2995,0.889086966962215,2.095001128554735,1,2,-8514.81769821782,1
2996,192.98824537477938,2.7977474732695193,1,2,-1019.4105871337752,0
2997,121.05550791827955,1.7346273377608523,0,0,942.47770677211,0
2998,11.504402770761812,0.9378393152142003,0,2,-3336.2874074032325,0
2999,2.5303190987791475,1.0113564818851746,1,0,1261.3425635019432,0
3000,14.501953290935969,1.7950955639304191,0,3,-1404.1899062466218,0
3001,1.0094546339071984,1.1667368873203663,0,0,999.5589554471721,0
3002,10.508773120931057,1.6227853912898393,1,2,-2846.764704548702,0
3003,72.27055104453058,1.5917072424180592,1,3,-3095.826724556933,0
3004,7.637950014114214,1.573371286009967,1,0,-1811.9809606609679,0
3005,67.69513841126384,1.3076187240909765,0,0,-1740.879183386723,0
3006,36.42123350942067,1.6212920589373496,1,0,946.0297720969008,0
3007,14.286512954753169,1.4279937387973658,0,0,2408.299156264594,0
3008,2.82675541383976,1.587354760757676,0,0,-114.22764475040276,0
3009,28.423612857092444,1.7838805264062905,1,0,4263.857260535743,0
3010,59.22518954476488,3.413208621193074,0,4,-1820.6851966022473,0
3011,22.625524013354276,0.9406064771230231,0,1,-859.8611178845697,0
3012,1.164352636058471,3.3470640984371087,1,2,-2498.5655278058516,1
3013,21.324241655285743,1.849526250849979,1,2,-3440.881539657145,0
3014,45.02305857110436,2.033685469615381,1,2,-3016.533567496796,0
3015,10.481144382414582,3.094563459610791,1,4,-1353.1588083899103,1
3016,17.084029491013457,1.9915577173967998,1,2,-8812.714007431245,1
3017,66.63121466711513,1.5531810134752118,1,0,-2346.019313488834,0
3018,68.72887157450883,0.8213489502169388,0,0,5492.269185812587,0
3019,11.103042114779523,1.037056793047749,0,2,-5251.780232075604,0
3020,153.4189288806884,1.1632462873145806,0,3,-2405.391253805025,0
3021,208.5656306709299,1.5720791917492631,0,1,-4745.033345029534,0
3022,7.709078183236186,1.3270858689902505,0,0,2394.2335612223656,0
3023,19.140495418289085,1.4087944690705574,1,1,-1576.7614322734253,0
3024,15.841157718046325,3.2631437657697155,0,2,-3475.584233908543,0
3025,29.44546810677403,2.433260375007854,0,3,-5500.622683396591,0
3026,91.56639195603378,0.977832026843073,0,1,-4190.852914373854,0
3027,56.427042693455846,1.6395690395444946,1,4,-1879.7115681179303,1
3028,15.368108468241036,1.4262704203268526,0,0,992.4254229801315,0
3029,111.60209277900628,1.098527122717611,1,0,-350.1386812467438,0
3030,168.86403838703583,1.4079958591791413,0,1,-415.93215898675044,0
3031,18.12623389166635,1.7896893028501744,1,0,1870.2739539518702,0
3032,138.44477637864458,2.138713082047512,1,2,-2368.971223891948,0
3033,2.110179082641947,2.651079158877557,0,4,-6531.006697917957,1
3034,61.48877745554135,1.3700648486645917,0,0,3367.9805870362547,0
3035,30.938822908337514,1.5601765386438657,1,3,-3504.3916795196847,1
3036,39.03717937643128,2.2764606962976255,1,2,-2219.2766480292803,0
3037,7.182896468833199,1.1025824748608424,1,1,-2662.0554318803493,0
3038,44.03608932524956,1.3681578613271554,0,1,-1203.870454562921,0
3039,7.4427166137267315,1.7274539643241889,1,0,-1279.2004831747263,0
3040,20.480060941769125,2.9803813265310897,0,4,-2900.317051987169,1
3041,10.747163522408725,1.2514459423958653,1,2,-83.34412992114585,0
3042,3.7258582314998576,1.4721198385260608,1,0,2540.506363557896,0
3043,29.740937610020033,1.7797463103664772,0,3,-1341.0740042958137,0
3044,65.24849202795134,1.5399926496931988,1,2,-82.5510190786049,0
3045,9.648263443563412,1.6100738558724363,0,0,1621.0550459578196,0
3046,56.49825400327424,1.4623503862934695,1,1,-4887.619538194016,0
3047,28.586088434042843,1.7281695317925887,1,3,-2654.1538148277377,1
3048,126.01809097024747,1.491152890420416,1,0,748.7096536087863,0
3049,15.39225130443558,1.756906607656772,1,1,-327.3403812563215,0
3050,33.86437954051257,1.5235739170819584,1,1,-4101.664242568681,0
3051,162.9850786367987,1.644421648182918,0,1,-1435.5836206654735,0
3052,13.584103520228437,2.992709588522416,0,2,-2725.916340357684,0
3053,29.594819437999348,1.582091671034639,1,1,-475.13616506273183,0
3054,69.00940578417732,1.0540622632166476,1,1,-1011.4065343241741,0
3055,67.45275890592434,1.162697761532069,0,0,2458.855138154812,0
3056,197.45978443683353,0.959189334290579,1,0,7510.744354351717,0
3057,41.45249183026192,2.09791556503096,0,2,-773.5586775016982,0
3058,43.583989890740355,1.5269679062853458,1,1,-3296.131127322147,0
3059,150.11454839883808,1.4620977220302267,1,1,-2147.872115545993,0
3060,88.19716533084414,1.3150454177334439,0,0,3601.2504967134755,0
3061,78.10277394502289,0.9481628335013369,0,0,821.8527366267277,0
3062,8.214298598457086,1.382703441111222,0,0,2481.3032768713133,0
3063,1.1694982969958854,0.9755023791061109,0,0,-3620.9652978854656,0
3064,13.699975023685354,1.6604334352755203,1,0,550.9527776502118,0
3065,44.229231162744405,0.8398276920141167,0,1,-1877.2189465869867,0
3066,89.56928128247857,1.7937229772326784,0,1,-5694.4737866317755,0
3067,53.483028936785914,3.3998173191532346,1,2,-1995.1459470004222,0
3068,46.61872885769571,0.91704673321246,0,0,3989.3849608918586,0
3069,2.3024672040138636,1.7643084416814103,1,1,-2244.4394441915874,0
3070,52.0133474320331,0.9216795536796599,0,0,984.3317230943697,1
3071,34.612781175223205,1.2820945327896565,1,3,-2332.845065353697,0
3072,9.908486849851034,1.730642554370645,1,0,-1265.9706358176177,0
3073,2.593299761973417,0.9180865227903371,0,3,-2303.955518354176,0
3074,17.595926916799687,2.2358603411524856,0,3,-3003.2035658381874,1
3075,25.573048074700232,1.1804248403077418,1,0,4599.447916410738,0
3076,120.4743025326277,0.9714107127502267,0,1,-9963.697872093315,0
3077,2.1064131361365077,1.7578165446756113,0,2,-918.8777858861092,0
3078,2.769923657331345,1.3463641087139973,0,0,2072.410835514534,0
3079,62.015906517309624,1.5441662738019288,0,1,-1570.880856692866,0
3080,2.7635313008550684,1.2150394558426343,1,0,1287.7293215402328,0
3081,21.021211021447623,1.2969152209710624,1,0,4233.476886190787,0
3082,2.7669845760941114,2.9212889815019762,1,3,-53.26674239297472,1
3083,4.648827948229519,0.8755265736386676,1,0,4310.758142159711,0
3084,58.741993375671676,1.604033340613516,0,1,-2446.9627539052876,0
3085,12.779691201394176,2.068467616777566,1,2,-836.4365139533509,0
3086,9.179392985189914,1.0388426346446629,1,1,-1105.2062398733256,0
3087,3.2315634106547706,1.0921314685365555,1,0,395.83263739112385,0
3088,56.01241981660772,1.0611404611055697,1,0,3616.3878948123424,0
3089,19.715861553615554,1.7601651744066333,0,0,-1630.4791795476694,0
3090,15.030080404746721,1.575043951361151,0,1,-3834.0181453095292,0
3091,8.706322769133537,0.8379959128687755,0,0,-2582.570685738027,0
3092,71.18306636129253,1.0213072227472224,0,0,1571.945502486127,0
3093,33.96544425717854,1.4063425345443412,0,1,-6588.004633913497,0
3094,135.70546192685777,2.966793883897962,1,3,-3761.97144124648,1
3095,10.515275535947646,1.4005197126095066,0,1,-6780.927514273878,0
3096,11.06010936976189,1.5477633141963614,1,2,-4489.671835294569,0
3097,7.924195081692539,1.3948199572238975,1,0,1778.7244147888978,0
3098,93.47613991968548,1.25401221939488,0,1,-2511.111828393715,0
3099,3.070256900736725,1.3895007124088332,0,3,-3977.4359350778655,0
3100,27.06794199225194,2.4451943806746117,1,2,-347.19468407811837,0
3101,14.522680208029168,2.4516321901854767,1,2,-2826.419364063267,1
3102,32.486311856153286,1.1055228078003423,0,1,-1849.712290338391,0
3103,67.21322627819356,3.1859775837550033,1,2,-612.5216629464928,0
3104,3.013593701815729,1.23646190494481,0,2,-5153.740582735035,0
3105,25.87576594186163,1.8163713128587429,1,2,-4723.201361752246,0
3106,44.617183861044616,1.1949733360241916,0,0,-785.1993861907604,0
3107,2.796390803106546,1.678899297283615,1,0,-317.4678508498107,0
3108,36.28074606726454,1.4874215730434237,1,0,-49.630647275662795,0
3109,2.706086587934516,1.2950215496549093,1,1,-1868.2322592148325,0
3110,21.99692049174778,2.8147959838445207,0,2,-6348.14703467877,0
3111,1.3495369785243145,1.3644800326591968,0,3,-1933.0729994399485,0
3112,105.952760810554,1.0474064663323148,1,1,-1441.548086555257,0
3113,122.36047877198635,0.8380658872195119,0,2,-568.8464181277031,0
3114,65.58502711821392,1.4457551689449926,1,0,1446.5592822458864,0
3115,67.67664178406586,3.410041740738138,1,3,-1624.8608174538813,1
3116,22.487718829769886,1.7911789608501714,1,3,-5227.814695569796,1
3117,2.742250188403292,3.1553197833892916,0,3,-6154.189853557788,1
3118,7.095863322230514,1.0550191291176105,1,3,-5743.853156097098,1
3119,17.528624951976017,1.5956802160556185,1,2,-1019.14375104603,0
3120,32.22643802951731,1.7267231960117337,1,1,-7588.779375921364,0
3121,26.246190831467413,3.1675470747571466,1,2,-2224.4026084946317,1
3122,1.8036194608233105,3.0899429654909683,0,2,-2900.4683596664554,0
3123,49.6738272229772,1.5482294443184625,0,0,3587.7360024081972,0
3124,41.07999547297618,1.412261435174964,1,0,1093.4910347104874,0
3125,2.9763950616611834,1.798028208978603,1,1,-5090.986547836003,0
3126,91.94815790906128,1.42511763767516,0,2,-7029.123913495015,0
3127,0.5837394430721377,1.3130888486785461,0,0,-527.9652556646247,0
3128,1.3390081236468692,1.5336988416782367,1,0,-243.90051910616444,0
3129,28.4316359360697,1.3256259204371463,0,0,759.4683151910076,0
3130,35.22764381993848,0.8661730206295281,0,0,2386.1392378070313,0
3131,66.14741339496632,1.5092196643956781,1,2,-3659.3966398328403,0
3132,9.846929862320039,1.641751170198345,0,1,-2278.093607144234,0
3133,248.4403145463768,1.0104753231035672,1,3,-2135.8874376951403,0
3134,11.739384734883092,1.256902529691144,1,0,5526.373675769013,0
3135,75.89963182978937,0.8759682189054642,1,1,-4414.25518071581,0
3136,30.47106528772254,1.057130901760139,0,0,594.9419157919118,0
3137,25.509625896897646,0.8472595273426975,1,0,1649.4351149999134,0
3138,7.293404866989661,1.744018204461371,0,1,-1282.907661271453,0
3139,22.907613394257936,3.099259831138797,1,2,-337.06655997357984,0
3140,42.443923312906065,1.342868474546957,1,0,1174.7078178562788,0
3141,39.19970247356245,2.116450157684806,0,2,-1986.6209026034035,0
3142,80.13245819134623,1.3377072993078447,1,1,-693.9616908197067,0
3143,35.984563482348534,1.303283228558526,0,1,-1470.822116976302,0
3144,77.27850754745373,1.058709554691532,1,1,-2657.04194455559,0
3145,64.03851107374048,1.4659381298390155,1,4,-3321.4240235222624,0
3146,21.920461525862223,0.852024064423475,1,1,-4530.945413723818,0
3147,0.8851088224489427,1.0958394436278078,1,0,637.284439657887,0
3148,41.834577821682764,1.7765472446780137,1,0,3476.1023505926332,0
3149,54.078965127742805,1.7431817929467126,1,0,3878.677367492494,0
3150,111.06096381899066,1.2477586441965052,1,2,-4471.0215141520675,0
3151,5.31320904136704,1.336062110189862,1,1,-3697.1706716066983,0
3152,56.243366440583216,2.5611080982777437,0,2,-2169.5793372062167,0
3153,22.333962977204592,2.121917119691057,1,2,-1558.7510524330423,0
3154,89.44635066510381,1.2350329365173218,1,0,314.17624921576225,0
3155,0.9147193673624185,1.1684056441545034,1,0,4787.694438785009,0
3156,3.1537669421126378,2.762520091254273,1,2,-4192.001787557576,1
3157,112.17980635562654,1.5450587892558096,0,1,-1718.7522779712626,0
3158,112.92132231063164,1.634630527995725,1,1,-4058.9963336615333,0
3159,8.93929891268083,0.9642733958732644,1,0,3199.618520921107,0
3160,8.724737186020496,1.5276649451691406,1,1,-3043.243340356684,0
3161,56.74633800389298,1.396492294714339,1,1,-3578.557894351601,0
3162,35.92175004659099,1.9888341647883196,0,2,-385.63921098705714,0
3163,57.91576222064783,3.034484651617621,0,3,-6895.161896087971,1
3164,93.23045801313951,1.0319494339113404,0,1,-4704.260158447614,0
3165,68.47865968466992,1.5705851620720854,0,1,-1556.776919429011,0
3166,12.463985504826022,1.164043491910365,0,0,-1359.2424684150328,0
3167,105.48438293478,1.726552874642033,1,0,251.8783000227836,0
3168,7.4576896115104,1.2976426421567095,1,0,2936.1911347160712,0
3169,13.932945873745883,0.8715866867136906,0,0,2897.7556520252856,0
3170,3.9921557798045586,1.1635914645588141,1,1,-4143.6017453113745,0
3171,35.620221175123596,1.1201539955431794,1,0,3159.3843624300616,0
3172,29.001611330541603,3.0514999949151074,1,4,-2386.3235695745175,1
3173,59.49518212131768,2.018908529611527,1,2,-3852.342931627247,0
3174,14.52849699497025,2.32541417617753,1,2,-2564.6655838827833,0
3175,21.3205966277971,3.219251463374997,1,2,-272.6301804570121,0
3176,89.46980820804535,1.1712753239771656,1,2,-779.8922840698447,0
3177,43.652733811074526,0.9189806006648393,1,1,-133.63988579500392,0
3178,104.30340940178777,0.8447718256152278,0,0,3387.788857741907,0
3179,217.64742454936976,0.9717774390701492,1,1,-110.77550762006604,0
3180,287.0870306947371,1.5448482516042326,0,1,-1941.8399671875923,0
3181,95.49996949256277,2.289017498235938,1,2,-5560.361075651503,0
3182,33.143660969399114,2.5799771750384948,0,3,-5859.0014585868885,1
3183,9.087976961093828,1.735907370928323,0,3,-532.5244661776692,0
3184,23.759259326392037,1.5570473845065036,1,0,854.9697127087024,0
3185,74.34360273656479,1.2740406620587739,0,0,2472.2721687239155,0
3186,9.963890311442258,1.9474904368469097,1,2,-4466.614299465477,1
3187,19.431080184422743,1.784190499187618,0,0,4981.014255212737,0
3188,60.68907353767779,1.1730166212624882,0,1,-324.49436707779614,0
3189,16.029085423180742,1.961877379520879,1,3,-142.88089481086308,1
3190,33.763024806307435,1.104531878378796,1,1,-3204.69872804398,0
3191,34.08552579050941,1.4586007445385873,1,1,-1144.4995994514807,0
3192,35.82713363574122,0.8396143863557478,1,0,1834.8407342467215,0
3193,93.38062492901543,1.7278620790876813,1,1,-4268.427476331723,0
3194,129.88743934809054,0.9741212270161222,1,0,2575.6873770549328,0
3195,26.828848103591277,1.0981782869111856,0,2,-6234.286681251931,0
3196,5.095293943925268,1.7703378859360628,0,0,-552.3940062242159,0
3197,35.35000561204964,1.6397780293173716,1,2,-2821.575196512051,0
3198,17.03467839877989,2.2808347468272334,1,2,-1851.2689844705114,0
3199,14.229255737618713,1.384119906385679,1,0,1023.6369815007146,0
3200,27.385485928766496,1.4878622092428062,0,1,-2104.8666345222646,0
3201,11.882340041682045,1.4810899804201205,1,0,-34.317512037223196,0
3202,2.8956963431933733,1.2175797482546615,0,4,-1773.581418667523,0
3203,25.509259282982384,0.8286729202034732,1,0,2743.247812099313,0
3204,18.546202174903254,3.300145855810808,1,2,-2175.438338499326,1
3205,25.16469970016496,2.265856929869206,1,4,-1378.3110182114465,1
3206,35.127835983158924,2.211027423859135,0,2,-2419.866883536069,0
3207,70.84673901033553,0.9267224773702405,1,0,-1950.2252928599337,0
3208,54.718455372423094,1.4318346780784124,1,1,-4051.070260838881,0
3209,47.2738063546615,1.1856523187896797,1,4,-2108.512111936829,0
3210,71.8361409293867,1.1919002513089139,0,4,-1452.7272528526241,0
3211,52.58668537104923,1.1840113000690184,1,0,349.3121468396614,0
3212,0.8687112491690889,1.72763204923197,0,0,-2319.0021429121157,0
3213,13.451331026593316,1.3892424037192095,1,4,-1716.6602538838442,0
3214,9.05536709151443,3.2101622946631476,1,2,-1209.9637619660612,1
3215,6.059704146980053,0.9879298122987751,1,1,-4175.340918572204,0
3216,4.443187533487235,1.0573214779475828,0,2,-8324.90338264268,0
3217,144.9020829212892,1.6568606622633533,0,0,4458.013362145535,0
3218,12.934424066160771,1.7066674393779488,0,2,-2433.8369226309073,0
3219,24.267988389325776,1.293712808193533,1,0,9.22891599203217,0
3220,128.3526928288225,1.74402581417464,0,2,-396.96957023271625,0
3221,34.29285610315121,0.99589535382949,1,2,-3974.4010965882662,0
3222,18.777637460434164,3.2901813643514863,1,4,-1786.107240324819,1
3223,126.83781786765351,1.2152985211379899,1,0,2310.4219980619364,0
3224,38.72432419381175,1.4085915300343308,1,0,3477.3055109716433,0
3225,71.42343545189354,1.123128876665529,0,0,1109.3414329145658,0
3226,78.25536167893749,0.9913741285365445,1,0,652.4542837820867,0
3227,84.32217491797547,1.7395885826914306,0,0,1527.1092908629716,0
3228,62.01850638470528,1.340742559383838,1,1,-2071.7638478592144,0
3229,117.75709378209365,1.6419152361209863,1,0,-1006.6261531924615,0
3230,51.68156773483624,0.979867924140616,0,1,-2693.3414319075437,0
3231,43.98295084768055,1.2902879030979642,1,0,-809.9886499157546,0
3232,14.968657370690606,1.5459156748583514,1,2,-4895.408849799827,0
3233,0.9829459357545944,2.9680740899374713,1,3,-5365.465221032641,1
3234,58.322398146985485,1.1491565458277087,0,0,2143.5289561729346,0
3235,50.10415046130093,1.173685164411862,0,0,3356.0343637877036,0
3236,0.05502970178257858,1.3547075889294646,1,0,2842.085931483949,0
3237,292.7326833578731,1.4525363416737482,0,1,-692.1750579066761,0
3238,21.32168959738282,0.8092827402089272,0,1,-6134.006856093678,0
3239,27.400630781117645,0.988905712745824,1,1,-102.25384851571607,0
3240,6.660679829425808,1.4690387619773568,0,0,3107.0514319526537,0
3241,5.968419786858933,1.1568951526687814,1,0,1989.154161381791,0
3242,14.576505561546416,0.9682560156501073,0,0,1713.1262699153472,0
3243,1.4642378136606249,1.603270805144978,0,0,2572.7738323794906,0
3244,31.660029442498633,1.198848061887065,1,0,1320.553199247977,0
3245,43.800427761562034,3.384729294503139,1,4,-530.0500820829652,1
3246,120.9683641100336,1.3482365694374954,0,1,-1980.6239577649003,0
3247,66.02427158201151,1.3339556529652565,1,0,-1280.6319525220097,0
3248,53.952650467981385,1.4809537980892284,1,1,-3263.4171760063364,0
3249,6.971281641901495,1.4082112297273186,0,0,4585.954157808294,0
3250,9.577500827162353,2.5434218224733685,1,2,-2549.299124794279,1
3251,194.4702841780166,1.4303224817429545,1,0,2972.59528508811,0
3252,26.868833480306343,1.2525507145072425,0,1,-3127.956301520343,0
3253,55.17256094862202,1.4531956665091768,0,0,-1123.5289578738489,0
3254,3.3315398727250805,1.346805560872021,0,0,2522.827004512661,0
3255,33.62854730646034,1.2745168750177125,1,0,2922.64509312244,0
3256,9.13402523282553,1.874633014942614,1,2,-1757.8537413475515,0
3257,78.42736233291102,1.7645639504138706,0,0,2207.3225084243054,0
3258,14.89988926920666,2.8394453401771527,1,2,-2962.061058562092,1
3259,19.248143921300468,1.450131461023009,1,1,-1565.2069974335718,0
3260,25.513119549471075,1.4663337890559727,0,1,-2623.3949563407987,0
3261,5.158813173119418,0.8635219142829116,1,0,1347.8052078063026,0
3262,127.55255787393882,0.9827529900230615,1,0,2532.1861091517585,0
3263,282.5532032934035,1.082985196017987,0,1,-1559.7637639347163,0
3264,67.26833956921344,0.8225579951880135,1,1,-6393.948157962055,0
3265,67.21812629031491,1.5083888641996728,0,1,-1876.0693343919575,0
3266,5.100572916262869,1.759259163531483,1,0,725.9157385563168,0
3267,32.64167597640303,1.607315387320168,1,0,4876.238405509448,0
3268,66.5768861330583,1.4020608114819457,1,2,-3624.9332692773432,0
3269,3.714029007974864,1.2766364348555648,0,0,421.9551711866434,0
3270,34.404522479673474,1.2806278480372826,1,0,5410.0350641970745,0
3271,0.4020651126185527,1.2181166380007098,1,0,876.0411608833751,0
3272,1.2510304923749993,1.7457317231297718,0,1,-5325.680224945503,0
3273,13.886637828252423,1.5152114944692505,1,1,-4142.203706492828,0
3274,33.39410370983932,1.7209453370407592,1,0,2609.9557969323077,0
3275,101.59764756240384,1.6323266827378435,1,0,3395.801053360923,0
3276,20.16548538774724,1.1298629866583259,0,0,2610.497962947699,0
3277,9.986597878044813,1.9052145721307412,1,3,-5543.734656238959,1
3278,98.4700891606633,0.8680370941630312,1,0,2032.6239622978505,0
3279,14.964666956736556,1.186950226974297,1,1,-5292.542168493152,0
3280,15.14852706841088,1.6684284070973985,0,4,-1739.5089177828272,0
3281,23.540187683302648,1.3725200949379905,1,2,-4369.320872131937,0
3282,17.91905416966742,0.8626829872952588,0,0,-1988.6897828719088,0
3283,25.42578254933338,1.087568452041097,1,0,-3374.5621227703186,0
3284,11.143887398701205,1.2605292858211874,0,2,-4716.745483883742,0
3285,7.669007529799088,1.471631862528622,1,1,-6217.761901745717,0
3286,9.955108499123446,1.0396708527589347,0,1,-1147.9291463767447,0
3287,26.673931307909257,1.2924373922134405,1,3,-6596.485600429677,1
3288,44.23725983601532,2.258072595631468,1,2,-6373.914789264276,1
3289,3.3072856918320683,1.5541628440113595,0,1,-1423.99714663834,0
3290,15.257544093527342,1.0355311083158378,1,0,2070.543974943467,0
3291,3.2462179943291716,2.496100263039314,1,3,-2737.692900245134,1
3292,49.94382834935104,3.373076915761271,1,2,-329.55729637174045,0
3293,25.87764939216522,1.6895651441924646,1,0,63.93958973040958,0
3294,62.368123501467956,1.0901223550884236,1,1,-3129.5551362279903,0
3295,18.089053762071526,1.5190690349839928,0,1,-3201.870498710762,0
3296,40.17119266343628,1.6961617012872416,0,2,-178.0602747933308,0
3297,17.30952608619481,1.4167288200560206,1,2,-7251.234214803853,0
3298,17.077711142284908,1.2435695675032856,0,0,1171.7099427849562,0
3299,43.777961053295606,1.6614093592195833,1,1,-786.3053927753356,0
3300,8.702263425837613,1.2654414920755466,1,2,-2871.6750472950644,0
3301,67.65725537431496,1.6911157813914441,1,0,3560.775285553614,0
3302,65.41698708659766,1.7739065962902218,1,0,2522.429707668013,0
3303,212.8161233643938,1.4811184136726663,1,0,-237.177845247498,0
3304,13.086255753782854,1.1561715270795365,0,1,-3548.2215759388864,0
3305,24.880155989291552,1.2811524150642526,1,0,4068.3931981470755,0
3306,13.076636120292044,1.0075749050974738,0,1,-662.3519563825053,0
3307,60.16828834446435,1.896980870246991,1,4,-455.54284624898537,0
3308,29.31773210128418,1.651817448417565,0,2,-4207.632662921152,0
3309,44.39903992821052,1.2452231644507776,0,0,773.0825678130064,0
3310,55.335898160709654,1.3583104314587091,0,1,-2297.0521642277927,0
3311,24.110721994971627,1.7869538053864467,1,0,1769.8027619036839,0
3312,20.60476863833322,1.07670365043177,1,2,-4363.426864140808,0
3313,9.636973542558094,1.9662556498671795,1,3,-773.027531767299,1
3314,254.05978408924344,1.6884054455352797,0,1,-2375.262215282888,0
3315,48.830550332880996,0.8637946170134695,1,1,-937.4139668732989,0
3316,15.581348013052947,3.312086999103374,1,4,-3573.3063941679734,0
3317,121.1932437357401,1.304171115378615,1,1,-1931.3504477769952,0
3318,56.54987332798088,1.600246732222423,1,0,-317.04094020873094,0
3319,0.7915929598653754,1.650303095810841,0,1,-3772.2179337452426,0
3320,17.704315964999488,1.7050614833685125,1,0,1024.071556926019,0
3321,17.971679092674005,2.0743779516332923,1,2,-3699.5861380194224,0
3322,50.51875330264479,1.4862082219018362,0,1,-201.49727722714943,0
3323,78.7736644319202,1.675429790625261,0,1,-3517.369380992164,0
3324,1.9804132545053015,1.176927191697665,1,0,7503.600609065673,0
3325,38.441807407962465,1.617354921289476,0,2,-1055.4051566687367,0
3326,7.5999136803723815,1.5020121623652003,1,4,-6222.1687174733,1
3327,14.271506663689912,2.0960282027374593,1,2,-559.9837386693557,0
3328,58.30111752817185,1.0919289515713548,1,1,-6465.247342712046,0
3329,4.062118789209824,1.0394766696819195,0,0,2795.879891752915,0
3330,0.12494348485820304,2.597926732598032,1,3,-1652.1901769696897,1
3331,58.90278195379829,1.3335820577190833,1,0,-1185.7299889602464,0
3332,2.915354222877742,1.3900881206491875,1,2,-1352.4205570095728,0
3333,141.6879336850488,1.7526520519423334,1,0,1291.5290238565055,0
3334,10.60134291876377,1.2430759716615682,0,0,-826.2426725870619,0
3335,4.948886797776146,0.9861492819176307,0,0,944.0465307575859,0
3336,22.08817412235912,1.8359203864640439,1,4,-3728.6283091228333,1
3337,288.11647721162586,1.2694499403439843,0,0,2280.804097829162,0
3338,18.925038041444118,1.3652670142377752,1,0,2139.825656990755,0
3339,26.689300858796717,1.0745457528356157,1,1,-9.66856571639073,0
3340,138.66275992570917,1.3713652283565452,1,0,2504.320630034117,0
3341,7.889830301617582,2.08062905774322,0,3,-6409.621113381637,0
3342,4.597752788429922,1.4788130172456575,1,2,-6546.838866649332,0
3343,403.4024805703881,1.4376272162630874,1,1,-1432.3609539687552,0
3344,30.144370448319947,1.3505507710816869,0,0,-552.4560678533153,0
3345,22.83022871534163,1.1082232938092704,1,0,1415.9652339472675,0
3346,41.60279007051555,1.0768545884055196,0,0,2267.0528432003416,0
3347,0.8374947057667901,1.7878325855844464,0,3,-2601.8862898624448,0
3348,22.82885020416064,0.9181337558471964,0,1,-1520.8462231868934,1
3349,120.27241782070067,1.6121508028167437,1,1,-1066.8545404047627,0
3350,32.421838229837775,1.1560213836819069,0,0,136.14277882481701,0
3351,29.59396036005571,1.4542239091388773,1,1,-2773.816394528028,0
3352,58.47730835903331,0.9864064781238138,0,1,-1180.4613891796766,0
3353,25.79720202217284,1.6510641402503563,0,0,2319.10509571876,0
3354,9.051417904967389,0.96666430465011,0,4,-307.8768926382281,0
3355,25.374764702952852,1.2499494072535025,0,1,-554.5995080156727,0
3356,152.5842835396471,1.6576626908266392,0,1,-1173.2158794302013,0
3357,19.665247726204022,1.7376851557524466,1,2,-900.7216310445338,0
3358,68.6246840506675,0.8789431964601456,0,1,-2900.7330021686575,0
3359,45.56911937458042,1.4981781589817778,0,0,1052.628568892481,0
3360,45.13014713048942,0.8114400643500842,1,0,2770.55409476151,0
3361,11.975497119004599,1.8689745187821531,1,2,-3445.020262328659,0
3362,3.7280509859501736,1.6445516137182052,1,1,-2374.4888547250316,0
3363,82.20854363196773,1.7593446242408721,0,1,-2578.8083702746976,0
3364,81.90381286028664,1.5527464642102498,0,1,-1077.3524245753706,0
3365,4.657912949966872,3.285818996474444,1,2,-5092.665758514833,1
3366,22.37965552504311,1.6480741310384226,0,0,3799.9174499620294,0
3367,236.22479943397906,1.664014800745424,0,0,2440.447110607073,0
3368,104.13465592096611,1.0045252764660955,0,1,-5487.824569767036,0
3369,34.6231883459279,0.88949116250054,1,3,-8586.300503796338,0
3370,33.19227261903247,0.82027848648129,0,0,859.4142147511269,0
3371,92.22242866123199,1.2730467751816104,1,2,-4168.343945955095,0
3372,24.124778971105304,1.6916481321154775,0,0,2808.1993414414737,0
3373,27.433323090927438,2.7079284926101685,1,2,-1277.3636246782764,0
3374,64.15733770035982,1.3031769461558724,1,1,-6939.189588676329,0
3375,11.576905363512576,1.768802185929075,0,0,-972.2143609879886,0
3376,41.61746972288685,1.5654710438894628,0,0,-121.20599861547726,0
3377,165.5007479472047,1.290200427429287,1,0,3069.5220118197503,0
3378,42.87644515133383,1.302368855908711,1,0,-181.08069213858153,0
3379,29.356346916596404,1.1529458156325076,1,0,970.9104617639538,0
3380,34.896882855136504,1.2154215763026532,1,0,1210.3613141835554,0
3381,84.65231718175333,0.9265246166046971,0,0,636.8315176730258,0
3382,48.84049738322884,1.3965724298077826,0,0,186.15441781107666,0
3383,23.283759763482973,1.3850426055132665,0,0,-1.1740828378822243,0
3384,73.20971980512762,3.4093050495943658,1,2,-134.5810592259313,0
3385,126.8704064494115,1.7106484225711953,1,1,-2922.66622817722,0
3386,79.76011018366066,2.294078144999254,0,2,-3987.9004990558187,0
3387,18.773280496412546,1.520264117942336,1,1,-2289.815766962781,0
3388,20.397655105407726,1.2627825408256228,0,0,1428.7042388281138,0
3389,105.40332237422044,1.3829791791039983,1,1,-1837.7436383306854,0
3390,2.174358319503077,1.2069064964300018,0,1,-1195.591068620848,0
3391,71.68025869003161,1.5400078495164644,0,0,-391.4466108790459,0
3392,108.55983617152887,1.505486316577525,1,1,-2105.430166283931,0
3393,12.57816664393009,1.0345708522789856,1,0,96.98536185653438,0
3394,121.12868726001193,1.796128940267145,0,3,-2248.2028556543746,0
3395,23.463577725984088,1.9429159971407184,1,2,-715.00982200401,0
3396,53.72411132971055,1.383167707938199,0,0,190.54046579169335,1
3397,52.572733612714416,1.1431403231115387,1,0,795.1840578734287,0
3398,2.9573921150472846,1.6410369531369882,0,0,2578.1685339342803,0
3399,54.164521424733245,0.8335716578465092,0,0,3952.4928884185283,0
3400,13.246235605560997,1.6097077596946057,0,0,-45.64476802682634,0
3401,6.390134233775295,1.7948331257171373,0,1,-3622.7763546598185,0
3402,69.93956065587952,1.5692521513556825,0,1,-866.5645192417169,0
3403,38.82746597922282,3.2930645181791,1,3,-8938.182672855783,1
3404,35.297479169713206,1.2656027770543994,0,0,-2734.7889125956526,0
3405,2.040125583584837,0.9964485168083506,1,0,4365.085617104482,0
3406,49.97001444387335,3.2953353293039678,0,2,-7068.088314223782,0
3407,179.62621495086384,1.6500252140507277,1,1,-3954.910333563723,0
3408,43.310460767603665,1.5475307505173581,1,2,-3797.5479666783367,0
3409,1.051950766063787,1.080132029509973,1,2,-1492.084524053891,0
3410,60.222755757935666,1.0197570665964135,0,0,-256.3165049880415,0
3411,59.82618660003467,0.9179030284205341,0,0,1136.589483220767,0
3412,32.0927311781227,0.919246577797694,0,1,-3839.2381837133216,0
3413,24.415951377070837,0.887240024382562,1,0,-1332.2565009884747,0
3414,10.561828719036438,0.8283481781775703,1,2,-151.7340944489306,0
3415,13.026993171293416,1.628488009325612,1,0,708.2532287551842,0
3416,42.27925530511738,1.4174899874238696,0,1,-3009.7249797371705,0
3417,37.96388513178297,1.082541632959364,0,2,-3730.886724000249,0
3418,14.685195937187917,1.7005711291052692,1,0,-2133.1184209184494,0
3419,55.433281648378696,2.5921867911039476,1,2,-1546.5454978831049,0
3420,8.288153912707497,1.1973189577176737,0,1,-1460.6021174216605,0
3421,11.626580820353892,1.7176662865155787,0,0,7155.109541439136,0
3422,1.9990362981776921,1.1389894502569105,1,3,-4996.629019998323,1
3423,13.248052095948253,0.8260403135531013,1,4,-4476.020451158201,1
3424,12.632654589131837,1.252130528503819,1,1,-5821.629867163074,0
3425,5.316823668759747,1.4862052328601187,1,0,-2529.884007347406,0
3426,62.34530047112944,1.4008601182198184,0,0,4532.861278624619,0
3427,134.0376447522108,1.625423886969864,0,0,938.9487633403277,0
3428,5.9891127190809845,1.3992161211008107,1,3,-3007.186183932398,1
3429,59.703426239533705,0.918104872826415,0,0,3309.323011560189,0
3430,50.45715982064496,1.5722867934685256,1,0,-2440.3147444797137,0
3431,40.535470258109555,1.0678111220414652,1,0,-674.4634398470325,0
3432,291.4970450070462,1.680582408610567,1,1,-3586.256904180229,0
3433,19.55179722922792,0.960381100667038,0,0,-292.81607884262326,0
3434,5.6904917264426835,1.4260155070964249,0,1,-1777.211050093371,0
3435,40.35902911985838,1.157713924326576,1,0,463.42714512382804,0
3436,57.81761049346868,1.423940850559323,1,0,3092.0151209392116,0
3437,57.02477844216295,1.1737916646307358,1,0,2143.8652120206407,0
3438,15.331839450676751,0.9842511903228499,1,3,-4236.513785340576,1
3439,26.456539901780136,1.5087743843631312,1,3,-4022.425759777865,1
3440,6.630055139067627,1.7399919355356457,0,0,-663.0421393149563,0
3441,24.227761920498057,1.0573244457511366,1,1,-56.60247219735402,0
3442,61.022847248786746,1.1699052200192668,0,0,2446.4353667548585,0
3443,75.6972843346422,0.8479536354264303,1,2,-4813.686974150718,0
3444,15.11351015758148,0.9484158829671232,1,1,-2147.042055476242,0
3445,2.4725868147546386,2.236513310919884,1,2,-7801.048073554814,1
3446,5.776092290372895,0.9190261369277559,0,1,-763.9346582592129,0
3447,12.323715359040193,1.189119123703497,1,2,-2021.174032687044,0
3448,44.28684213145624,1.0197064235388713,1,0,-654.8251769625808,0
3449,26.081302658296472,1.147074719084694,0,0,2902.044089456075,0
3450,41.70594995590602,1.3250332499449087,1,1,-2562.0914129598677,0
3451,95.11479092978362,1.4980316763770793,0,1,-2609.008831229538,0
3452,45.01126420909847,1.7921031183950635,0,0,-342.30955261549275,0
3453,23.547662276160093,2.783616322853997,0,2,-5528.231795374559,0
3454,26.213707230617523,1.1940614359547144,1,0,1215.3310329739786,0
3455,24.22530932159514,2.1792412451413097,1,2,-1488.0106845523246,0
3456,7.0780588328668586,3.01910326065964,1,3,-8078.781368191812,1
3457,18.121372994146036,0.9231428917366516,0,0,-905.9931584236601,0
3458,3.3442505856979428,0.899332686216993,1,1,-1730.5751994389398,0
3459,5.047046634184019,1.4113743345705143,1,0,3631.6128989744493,0
3460,32.69377241970807,1.5790391013420306,1,2,-5010.264255742418,0
3461,3.7851681162610604,0.8898558041086149,0,0,1933.9302645104904,0
3462,4.3429100343732205,1.1050195412033283,0,1,-1924.8044363886393,0
3463,33.21170094483871,0.8959043964991618,1,0,-34.3316947114688,0
3464,8.499454134497844,1.6550106576011108,1,0,2073.578107244477,0
3465,65.27477962529284,3.3544344707013174,1,2,-3449.809829765621,0
3466,44.976608274188415,1.5845970074490046,1,0,318.6712718551821,0
3467,83.13831180154322,1.3158666873519669,0,0,549.5452617648463,0
3468,22.02327925273947,1.7468672657167008,1,0,493.6089000819593,0
3469,35.19810716458798,1.1869607973251783,0,1,-1044.3874835403674,0
3470,38.78199968503602,1.3435780255732128,0,0,884.212653954623,0
3471,108.20798811045849,0.9875756290679301,0,0,4536.760652559298,0
3472,14.802529504790096,1.864595417149082,0,3,-2465.278173069478,0
3473,0.7760025319173656,2.0725942503481103,1,3,-2311.671559749543,1
3474,15.430593674441655,2.181333860008456,1,2,-2139.318946042562,0
3475,6.222619201352377,0.9418034863599166,1,0,1123.4444768012515,0
3476,6.615008067238313,0.9592952526992204,1,1,-3872.656175637682,0
3477,11.430898332189162,1.3456495563349384,1,1,-1887.8225046691086,0
3478,1.974134251342446,0.8191703366333732,1,4,-4816.0707457390945,1
3479,84.29006865050161,1.2571873644634184,0,0,4766.296589434733,0
3480,69.15509830959631,1.0624078579088616,1,2,-678.5204651778176,0
3481,38.368902218399825,1.363405761325131,1,1,-2854.705985642252,0
3482,5.925714242921598,1.1337380152998775,0,1,-711.7315827205728,0
3483,16.91886003215402,1.5787021925398668,1,3,-672.8508467412962,0
3484,44.62004431725482,0.9348927314202093,1,3,-5122.952391863728,0
3485,52.596724313824936,0.9997880578768824,0,0,-685.5473036190033,0
3486,147.62054466298883,1.3114279236153092,1,1,-3465.105459268803,0
3487,25.270161065905533,0.8463485386338953,0,2,-8747.391905249622,0
3488,94.78551346103853,1.4357291016861642,0,0,1050.0276409190142,0
3489,189.57056472706438,1.5038926691639996,0,0,630.1530293115233,0
3490,50.65882518834661,1.0195723155885847,1,1,-375.50527582935774,0
3491,4.144168441715706,1.3680258283968225,0,1,-506.6063874250701,0
3492,137.96820164096917,0.8790500374884006,0,0,-283.62782332590155,0
3493,1.9351784299129933,1.020957324989658,0,0,1507.7298071930372,0
3494,10.641414357867497,1.5785003656820957,1,2,-8200.939208831769,0
3495,117.34905223059869,1.6127412231701244,1,0,1854.1638138463582,0
3496,88.09079269235538,1.050683755574878,1,1,-3973.9113326570646,0
3497,0.7457584214857236,3.0847546568041233,1,3,-2257.558678460451,1
3498,152.66658476526453,1.5255918830858461,1,1,-1292.732068635993,0
3499,7.452079006096739,1.091600804676775,0,1,-3759.2987106438445,0
3500,61.92048899528315,0.9441865522139554,1,0,373.418431553893,0
3501,9.332420207495518,2.6789575636478853,0,3,-1173.9273934962794,0
3502,39.38564259583454,1.512708833436675,0,1,-5637.099129917275,0
3503,79.09899543615182,1.2651388576957387,0,0,-1545.4159507355248,0
3504,3.04522836544821,1.1059366932830899,0,2,-353.6227962765206,0
3505,68.10788159467698,1.375050296092423,1,0,2772.3925004807907,0
3506,20.015074975098702,0.9769989536240181,0,1,-2328.5947721085704,0
3507,8.342147400613367,1.737124255374101,0,3,-3545.926895542925,0
3508,6.5353099025336325,2.1688717987111144,0,2,-2980.856881938373,0
3509,11.160780303876498,1.8389362418397217,0,2,-1251.9664094483771,0
3510,46.58036309678973,0.9300059459075237,1,1,-1016.418979683823,0
3511,54.36196112736679,1.0128725639582266,0,2,-4280.875353862155,0
3512,15.567362661664841,0.874952038020678,0,1,-3063.448012386427,0
3513,36.36852791283091,1.0153394113731595,1,1,-37.04551055575121,0
3514,0.19743958342759488,1.580320013745017,1,4,-203.5184285821192,0
3515,33.37505899030371,1.037953578920321,0,0,-678.6264978350096,0
3516,56.98427907063353,1.241173394717058,1,1,-4234.799899701391,0
3517,5.8738064059296216,1.5955035208468806,0,1,-3271.017081776554,0
3518,45.116111401751155,1.4958245862866872,1,1,-1149.2933156805334,0
3519,3.8107990470149318,2.8868751464861933,0,2,-3107.9488749470893,0
3520,85.41897781897397,1.2652325453229758,0,0,3089.8914757712455,0
3521,3.239061308085747,1.655009041767412,1,0,609.7727303959344,0
3522,110.83522148164245,1.5462513954211423,0,0,1444.1397331007543,0
3523,119.8094353869539,1.3767074606655465,0,0,1052.1544954899628,0
3524,10.262688090633445,2.8826094975411882,1,2,-758.599242527197,0
3525,1.2222084638968433,1.1257038501632466,0,2,-2035.3414394050042,0
3526,18.391810207004617,1.522027080017806,0,4,-1002.3513401773391,0
3527,18.415044317470926,1.157648968639215,1,0,3233.2633918860547,0
3528,35.643569417354605,1.084931216321064,1,2,-1891.6495004294213,0
3529,76.91550802694358,1.2872012768808,0,0,3621.415134177253,0
3530,44.16784761288226,1.878440709927508,1,2,-5254.088205362948,0
3531,20.36246984258737,2.6591207912273584,1,2,-3790.0465534322548,1
3532,140.01928968919356,1.1758284105688022,1,0,-2727.499450430937,0
3533,19.372210643737937,1.0256587306145706,1,0,-241.90858531947765,0
3534,103.10802667131756,1.1121197316445883,0,0,-3082.297946012446,0
3535,1.3412832903231613,2.300070823504034,1,3,-4981.2546736830145,1
3536,133.88738213456804,1.355953452116787,0,0,937.0754039388298,0
3537,47.612008942062324,2.963413499297275,1,4,-2347.5369175515707,1
3538,328.51743838840497,1.0114358888506216,0,2,-32.43285624834061,0
3539,52.8362580450893,0.820312700041777,0,0,804.4558470390638,0
3540,0.14045820348892,1.5686676618975617,0,4,-3341.6220075051715,0
3541,192.10275706139268,1.4105097300188687,0,1,-2569.4592228214347,0
3542,29.627377364191005,1.4931583398604928,0,0,1179.8071057254429,0
3543,3.1631531039733924,1.254884128259981,1,2,-7374.535943795227,0
3544,69.38756095889087,0.878240856873555,1,2,-2415.1621176768103,0
3545,5.2153760154037245,1.2253078611075594,1,0,-1192.5634242869837,0
3546,13.902387946130576,2.9946472768821613,1,2,-3466.430721297556,1
3547,72.83275350721645,1.238683950616565,1,1,-131.89034041041168,0
3548,4.57696134876962,1.5946821840906233,0,0,393.82030353111463,0
3549,6.283094300582087,2.3101405316279537,0,2,-3365.0312814338154,0
3550,51.60054792646771,1.1936776246446996,1,0,1129.587903007598,1
3551,76.54827340290335,0.8466643666519518,0,0,837.867366367569,0
3552,47.70174248705827,1.5693078843434356,1,3,-2683.534279753707,0
3553,63.124171030870656,0.8879417447256207,1,1,-3647.6600197087196,0
3554,43.186005162987065,1.373365974439548,1,1,-1379.8866913564493,0
3555,42.33160187877391,0.9586246444748212,1,0,2488.7031989730285,0
3556,70.49380138572417,0.8317303161139066,0,1,-4568.672811149781,0
3557,145.01609648805885,0.9108040846892982,1,1,-4186.857819353039,0
3558,2.504567393646335,3.02703295887176,0,3,-4523.046445731088,1
3559,22.852694120463614,1.7559583015113454,1,0,1529.4503753115873,0
3560,5.605861030645157,2.4274588750607498,1,2,-841.212416614911,0
3561,10.590977490669902,0.8010147007339389,1,2,-1625.3662381428073,0
3562,18.79684261848014,1.1002043762052929,1,1,-3094.6288564862944,0
3563,51.546309153868755,1.357608154857634,1,0,-418.49495196426597,0
3564,6.903275773894952,1.4171940675945605,0,1,-1596.3658922046889,1
3565,32.02947287315416,3.446157393231794,1,3,-709.2613489050946,1
3566,111.0475501563005,1.1769654969933898,1,1,-2211.376911725563,0
3567,39.425455980739606,3.2194242281847814,1,3,-5842.9254228661175,1
3568,16.794665716122235,1.5274091791608244,0,3,-8678.510496723095,0
3569,53.32668134245642,0.956605775046406,1,0,-359.6222329643824,0
3570,81.62360739793382,0.8489967309070661,1,0,-1399.8771588645013,0
3571,21.922459681681612,0.9875524412080507,1,0,1396.2407108011935,0
3572,33.83386241784356,1.2000344574821296,1,3,-2629.465803448031,0
3573,32.79664646485318,3.4515750256306066,0,2,-4129.978086029573,0
3574,4.146156368482857,1.506927216024824,1,2,-921.804511821894,0
3575,0.0870498782047077,1.6159668494108193,1,2,-3660.1450329291692,0
3576,80.38307293155853,1.5037507142051263,1,0,1609.5109348707786,0
3577,23.42837686507575,0.8420360223089339,0,4,-791.0147420212363,0
3578,135.82699299929618,1.1089500827006593,1,0,7.31085325498475,0
3579,15.866252334699949,0.8444943354062161,1,0,-391.0991120339165,0
3580,17.51649129512718,1.1312405534963297,1,3,-1012.2453224569108,0
3581,11.567484269081874,1.6848459726971987,1,3,-4335.962672226573,1
3582,24.59434817038706,1.255024517593129,0,0,1311.228193682258,0
3583,24.401664481970982,1.5980649305225787,1,1,-6136.351858449594,0
3584,37.09075113245224,1.3453726015579783,1,3,-1064.852097383528,0
3585,18.438935546112926,1.7363930920621193,1,1,-5947.180902033737,0
3586,35.68695126113457,1.2271355924993652,1,0,228.35363609957403,0
3587,8.509352193115525,1.2205668109071122,1,1,-5933.295155441881,0
3588,19.212853091940215,1.225970682349837,0,0,3332.2831854968017,0
3589,19.55446125057549,1.8694406003911594,1,2,-3631.707470983657,0
3590,7.579691199570638,1.3376176244129403,0,1,-6104.090781985183,0
3591,6.067373458411922,0.9925855590807294,0,0,-723.6575939889126,0
3592,32.38172207348639,1.5685560391561966,0,2,-2537.5648106703247,0
3593,80.79876470959258,1.1656891359954358,0,0,-726.4749833699452,0
3594,3.851913718526962,1.7022085597743701,0,0,2550.8698715476494,0
3595,45.84747329418013,1.2128502695618528,1,0,4450.320618182042,0
3596,169.02445420364955,0.919948940784698,1,0,-2819.0033667360794,0
3597,20.87937879368261,1.3048275566908925,1,0,1245.8207229421257,0
3598,2.5299050692406007,1.2931385986023503,1,2,-3379.7432540160507,0
3599,10.347177329849478,0.8505103970840452,0,4,-300.62043504437815,0
3600,2.855409104865571,0.8341671848171733,0,4,-4738.588519953736,0
3601,2.3686790357098633,1.0883165061183475,0,0,3509.6587843755015,0
3602,1.132018003440221,1.3857251388901577,1,3,-3692.7864457628484,1
3603,2.92380629323889,0.8360148057519599,0,0,491.49085210497594,0
3604,34.85291227900797,0.9776509761190297,0,2,-2708.7197291257194,0
3605,17.978333802095253,1.3818087138739352,0,0,4343.320859121735,0
3606,66.21644294085738,1.0087240256870553,1,0,1942.98505898766,0
3607,54.045855484574254,0.8230116651749355,1,1,-714.7535945894051,0
3608,0.07866039941563631,1.112212820121497,0,0,-2638.0798076202054,0
3609,84.83497159545821,1.6283142293991983,0,0,2072.747156102505,0
3610,9.699324950487808,1.7557752483483058,1,0,-596.8722173820479,0
3611,4.015628501042105,1.416254115175345,1,0,2289.2128069503274,0
3612,121.09899135160191,1.718612192425681,0,1,-5282.06828206168,0
3613,47.19188938979549,1.7016768947255287,0,0,2421.6698354664695,0
3614,19.043332351928335,1.6468479072009763,0,2,-3385.8200826216403,0
3615,43.54825135294631,1.1605563529764922,1,1,-3948.9928768761793,0
3616,16.472157805912747,1.6013219841564226,0,1,-3472.983339816228,0
3617,6.3749185411476965,1.587360219606604,1,0,2039.3444241126765,0
3618,101.07339382042761,1.5853920121476661,0,0,1522.014127386084,0
3619,28.79804214356391,1.5823352613881974,0,1,-828.0146718778892,0
3620,3.9791075640573688,1.4000157018850423,1,2,-7047.142351714368,0
3621,49.44201976599988,1.3943450536346464,1,0,1754.6165869712784,0
3622,10.81113288176807,1.6444698229328654,1,3,-4308.341852677797,1
3623,64.40108236687915,1.5282748945821378,1,1,-2474.7117790073903,0
3624,9.56815652103998,1.7382955595081073,1,2,-4740.716609740507,1
3625,102.9444164198035,1.475501197207918,0,1,-3189.866016560883,0
3626,23.277792336454066,1.636366437406192,1,0,1036.660873895793,0
3627,27.054486544070052,1.6206108449691254,1,3,-2629.3493654646113,0
3628,19.57458033749135,1.2712192678385685,0,0,-1730.992893435618,0
3629,105.20078931625602,0.879009465150513,0,1,-3248.696079432844,0
3630,11.088505182270108,1.5904177563474058,0,0,-927.2536304737191,0
3631,66.37121611193157,1.4061348341507438,1,1,-1024.7721047650648,0
3632,12.937245682990492,1.2631409321426939,1,0,1791.1438963132903,1
3633,4.362574412247869,2.245443364701492,1,2,-4062.4055340979435,1
3634,127.3792311023098,1.1257003767826452,1,1,-473.1416454594996,0
3635,13.394460953143087,1.6062682878436423,1,1,-5143.486545565102,0
3636,61.17252385445567,3.4961385405856715,1,2,-2529.920216507532,0
3637,61.917109644538215,2.544849773554316,1,4,-3511.809384208319,1
3638,2.013862827010886,1.5539801998564529,1,0,2358.0963539002228,0
3639,36.94048288618482,3.2352783542356907,0,2,-2097.125313935611,0
3640,70.60612725122053,1.18808808545081,1,1,-2229.7374985837628,0
3641,30.730495432167565,1.1672457977208381,1,0,1150.4500968128575,0
3642,134.88598104308454,1.556111071057348,0,0,1372.2486557336672,0
3643,40.962896815715,1.5105623842715432,0,0,-2398.1021873070736,0
3644,42.519061183878705,1.3292897613337211,1,1,-2306.8620483904715,0
3645,4.8555588282805004,1.5194437869975084,1,4,-4040.3208044267594,1
3646,17.82866895550868,1.818664998710574,1,3,-1360.6633377361622,0
3647,98.07383932329887,1.2166798479942766,0,0,1026.9778010770954,0
3648,40.36996838972308,1.2703518016860542,0,1,-2669.748000640612,0
3649,121.78227947388251,0.8615401199564643,1,0,2250.895832035702,0
3650,163.8980063122335,1.274669294006205,1,0,2980.6732081466016,0
3651,35.343771708926305,1.7337681357576973,0,2,-2321.9485624997737,0
3652,4.623731304754231,3.22477312030908,1,4,-3749.2046831260136,1
3653,2.079214868682463,1.3421131051987907,0,2,-3700.755640444366,0
3654,49.92315191990792,1.3568926916571487,1,1,-437.8722978538908,0
3655,18.297030170470734,1.6891437106513347,1,2,-761.5282594314297,0
3656,63.4869277990624,1.520050077272991,0,1,-2018.9395895185012,0
3657,0.018298743903681157,1.7858562454576086,1,2,-2043.8727825960098,0
3658,15.370621771854578,0.8287183792685444,0,0,1515.4745314826043,0
3659,81.1133411382337,1.0991835864820618,0,0,4092.688837851838,0
3660,3.291466835727154,0.8079079586864937,0,0,3348.1966495940324,0
3661,1.8568042791561334,2.364427776803957,0,3,-1981.886875206414,0
3662,18.961872380193473,1.544025105098865,0,0,1999.7337173023152,0
3663,62.14958759910672,0.9384508484422944,0,0,3250.9025331344315,0
3664,37.21264905827117,0.8836103829128085,0,0,3268.02878881637,0
3665,22.6511156471906,1.218247708292235,0,1,-3130.2856021351,0
3666,47.05153513373642,0.95835401312891,0,0,4024.8033516724604,0
3667,13.570079867671295,1.6279409109528857,0,1,-5121.254220285657,0
3668,1.5424756117092706,1.590621372890101,0,3,-1470.8399813456783,0
3669,1.0531529705253027,3.3923022392697515,1,2,-1182.9237189941196,0
3670,20.496852252625512,1.7511997650985451,1,1,-1476.3744484975705,0
3671,65.27973370768969,1.17682241390215,0,0,2793.9446565130065,0
3672,140.89993498870345,1.6987495108719513,0,2,-2403.5998649988614,0
3673,3.9618863400088586,1.0761168690539167,0,1,-5853.02399595619,0
3674,58.923081681447634,1.2506062021407454,1,1,-6541.66223666872,0
3675,71.19444116958013,1.5865400413545105,1,1,-133.6643862723704,0
3676,0.1750521479323131,0.8445640002748425,0,2,-5903.979412397985,0
3677,32.13546947366535,0.9404759462341861,0,1,-3591.5386380949085,0
3678,20.73514130444519,0.9487630051845137,0,0,208.35124942736616,0
3679,50.764578608217754,3.0853246112717114,0,2,-1873.9155782395037,0
3680,10.589629471732614,1.4468050993164647,1,2,-2313.9593642825967,1
3681,14.71902314446033,2.9692195252425932,0,2,-2072.5640027549275,0
3682,7.122091444208214,0.9015876857827716,1,0,2026.3660514709013,0
3683,43.71739561297438,1.0504724607040004,0,1,-782.3906920335803,0
3684,53.59461556450663,2.800937290911023,1,3,-2371.371904936102,1
3685,4.713441240448998,1.4779603653324627,1,1,-2071.2564192082014,0
3686,57.91087630543207,2.21686126117685,1,3,-6530.363079606758,1
3687,6.216034216942594,2.641781389057749,0,3,-7397.416206895175,1
3688,5.2326296888053285,2.1072466641409338,1,2,-799.5359043514661,0
3689,8.28938310807833,0.8373824156297116,1,1,-4262.495659580927,0
3690,5.645676493052076,1.3144437997482046,1,2,-621.0412491451712,0
3691,4.970467883494628,1.3800745568205453,1,2,-3306.5652299035078,0
3692,9.067628191677402,1.5725833455108988,1,1,-354.6213038848073,0
3693,21.529776498609625,1.6951613317346452,0,1,-741.5424892664719,0
3694,0.8838832196674793,1.1375198005419331,1,3,-2357.9895274122887,0
3695,23.342351494611542,1.4955304724396248,1,0,-938.5929988724333,0
3696,98.09116394008169,2.7610773750800535,0,2,-3566.5898218575335,0
3697,131.7053373343365,1.7277968779330595,0,0,630.1581086692933,0
3698,24.341235719144414,1.2065989951871678,0,0,-569.2552216742902,0
3699,46.27410562575673,1.7433502425026766,0,0,-358.02664333581765,0
3700,53.8069110569281,3.0334975737005943,1,2,-409.6698564503654,0
3701,41.90030305304949,1.2083694767580182,1,1,-4901.6889862815515,0
3702,11.315639151930428,1.893658445166452,1,3,-738.449377170761,0
3703,77.15070389370933,1.0797524892982546,0,1,-6720.466225131614,0
3704,27.497250955665614,1.7439945275144506,1,1,-4994.692891090063,0
3705,11.53500749820417,1.717187494527339,0,4,-416.1497665811671,0
3706,6.590112260133164,1.4454676893563791,0,0,77.7508880675889,0
3707,128.57758600502513,0.8248167417503829,1,0,94.08412908156447,0
3708,44.97091246089068,1.3615963306668755,1,0,2802.4612844501726,0
3709,5.47913980019904,1.1083495323946964,0,0,3705.4635133940715,0
3710,197.2704888448239,1.2269578492831847,0,0,-533.0805301862852,0
3711,24.982330300108593,2.309019224700041,0,3,-1951.146647048897,0
3712,24.14850329155393,1.5134135983287629,0,2,-2280.4930674350167,0
3713,4.249025241436141,2.7321168682564085,0,3,-4860.53687246794,1
3714,36.45672097480361,1.6769897455264378,0,0,1199.0812009991569,0
3715,3.7975754361076386,1.419464355330891,1,2,-1550.1575854824214,0
3716,15.45783244468821,1.0217523233077697,0,0,-1628.1477013058516,0
3717,75.18091293582023,1.4584454349912779,0,0,1024.2529176599674,0
3718,41.96882209046861,2.3195780297906277,0,3,-324.59748202483206,0
3719,44.0264600429625,1.726260237040897,1,3,-1893.424029424868,0
3720,183.75113284670454,1.0016461338758957,0,0,1713.6598097716105,0
3721,17.58950599908423,3.1579911702841885,0,2,-476.9887230616671,0
3722,29.76202886181534,1.116108194209675,0,0,1525.3353577148225,0
3723,74.5466259130674,1.003260162798129,1,0,3030.6689924492057,0
3724,5.236176450653128,0.9664271334888309,1,1,-746.5776224300769,0
3725,11.888561493974887,1.74766066635832,0,1,-523.0097844056158,0
3726,45.38121703458708,1.7420588499780627,1,1,-631.0477720234903,0
3727,93.77142665739268,0.9597933093808221,1,0,3667.678985258225,0
3728,26.199336375455662,1.6743437108884112,1,0,-220.00316226676205,0
3729,84.25629467592039,0.9583592053134545,0,0,1406.026522508536,0
3730,10.226191916841413,0.9057860705370835,0,2,-3278.92413251567,0
3731,28.309379225633354,3.25816669796951,1,2,-3152.239278975363,1
3732,41.299054267377386,1.4969367071296173,0,0,1775.3360424854727,0
3733,20.34239196732278,1.295801067854348,1,2,-5170.487285054605,0
3734,91.22279991264365,1.7864020322741583,0,0,3530.4614815261534,0
3735,57.19063191613694,1.3054243248277353,0,0,601.2789568865813,0
3736,21.39683969922571,3.209709597947181,0,2,-3615.153558364194,0
3737,69.30262732475842,1.5011573987629938,0,0,118.79881993280992,0
3738,72.07264399843429,1.7806405405155221,0,1,-6898.5164920699135,0
3739,10.076846055230028,1.9442823029051672,1,2,-213.83289499249577,0
3740,55.92147326767407,3.106219530827792,1,3,-4103.238961608497,1
3741,102.21767415927448,1.074470269666525,1,1,-1484.196077940027,0
3742,67.15033319804762,0.929829325309046,0,0,1367.7051791583178,0
3743,44.06979514378367,1.1604026681472095,1,1,-1078.1159398621394,0
3744,24.984692659758974,2.8705080010885244,0,3,-6697.2263155089095,1
3745,113.22398149274471,1.3586033852131412,0,0,-1910.8078109758371,0
3746,26.329082965197635,1.4995885776625153,1,1,-1778.3542909077598,0
3747,36.65053060084084,1.609909071787144,0,4,-4170.202901244387,0
3748,6.906424787906385,0.8772364368955204,1,1,-2293.3416420762433,0
3749,100.62422233469188,1.2719772991884897,0,0,-2953.7904267339745,0
3750,47.822660796541896,0.9149018641808616,1,0,1331.8020984085788,0
3751,26.908470747384246,2.2483493507372447,1,2,-1130.803332473214,0
3752,16.127817679502158,1.1634217443150716,1,1,-9486.09237018452,0
3753,99.60285777687051,1.4067128603524799,1,1,-3048.333639216681,0
3754,13.864994624785002,1.5163842026317913,0,1,-4215.2545282371875,0
3755,1.7368704072587666,1.1345657122703061,0,0,557.3841929231534,0
3756,5.652780598829366,2.952904993881131,1,3,-5028.215069359396,1
3757,60.47777900712066,1.4539205501448116,0,2,-3465.7062645990504,0
3758,106.9903038078901,1.2654320044150462,0,0,-505.5694959400689,0
3759,6.053531379766895,2.8047780423125177,0,2,-3939.601486378507,0
3760,1.6219386612993243,2.3241170056407823,1,2,-968.5542501780717,0
3761,54.90131796064861,1.609107007547015,1,0,-288.712529845928,1
3762,1.509966307881219,1.331956426126039,0,0,3886.8166473351357,0
3763,12.747323595427021,1.6368726973577394,0,4,-421.0328800490297,0
3764,16.252171236268296,1.181290247388035,1,0,103.23362630582665,0
3765,35.25147727718278,0.9832846146368456,1,1,-5710.916131346108,0
3766,13.690085934158796,0.892755449672409,0,1,-6660.793887153509,1
3767,96.06085265473796,1.0071362837053206,0,1,-4339.745658911703,0
3768,193.26481602568094,1.7832506471909606,1,1,-2004.8138811367621,0
3769,111.36997048129211,1.1395773755889234,1,0,91.79692169945997,0
3770,5.535081623693069,0.8393617891687788,1,0,1779.9606457802204,0
3771,4.390849490134901,3.058671131433146,1,4,-2855.909028532525,1
3772,34.20931633502182,1.008854193638283,1,0,-1004.7511082124352,0
3773,3.2610616581127267,1.5502472890487882,1,4,-1777.1349479138785,1
3774,42.84126111935136,0.812884094777273,1,1,-2125.927193470703,0
3775,14.965373826733705,1.8221304912146772,0,2,-5383.728618651046,0
3776,37.08688378738065,0.9318199643669904,1,2,-4395.053123199315,0
3777,180.96725843265892,1.0547068573767961,1,0,2604.21612951722,0
3778,14.84025817358217,1.3228957529346845,0,1,-1284.8848095411388,0
3779,54.896098747850495,1.2770312966908886,1,1,-3685.6026007671403,0
3780,28.077915640338063,1.1299530970168936,0,0,3789.505314103935,0
3781,97.84811140055972,1.5211088513987456,1,1,-2358.3841989640414,0
3782,11.521262341964935,1.2272995800584745,1,0,5431.063403674703,0
3783,7.724738434975471,2.7177263651688897,1,2,-4362.618456066088,1
3784,11.344936481274996,1.5432657248672323,0,1,-1259.789124443188,0
3785,1.9892912130834637,1.6841973381526465,1,0,-2404.8913108125557,0
3786,63.373799363930594,2.3554369905194226,1,2,-4267.819300188569,0
3787,12.497705457736926,1.1311521497343762,1,3,-2258.439650530536,0
3788,13.441012221941003,0.8855531726734206,1,1,-2927.003035126778,0
3789,172.1190591953538,1.603734767504678,1,2,-996.0447634929124,0
3790,2.009798328136119,2.0403856064865638,1,2,-2428.392372012797,0
3791,11.710542795235968,1.201862225617813,0,0,4324.218480074316,0
3792,21.632346526483055,3.491574158525104,0,3,-3555.5433108914785,1
3793,2.2814050604225153,1.1111618436310045,0,1,-2046.0062755415079,0
3794,69.14705348989129,1.0715468239875432,0,3,-2173.2066103224633,0
3795,47.50482639281174,1.6752337185626816,0,0,2404.0247584015237,0
3796,7.638884769073009,2.943041452715461,1,2,-494.3671001663206,0
3797,69.1402829253353,2.633815824403772,1,2,-1681.181587278217,0
3798,1.3288391912194852,1.035746248470537,1,0,-3047.6643193661266,0
3799,10.39953624635533,1.266384885293923,1,0,3481.6791453831975,0
3800,5.4509914723196005,1.782705840427963,0,1,-1345.649222828683,0
3801,15.76310608115315,1.736421784114759,1,0,1080.4118292957553,0
3802,16.656716852491453,1.0798484305447262,0,1,-436.2211517815799,0
3803,0.39548183712963647,1.7437999964823936,1,0,2089.694063395507,0
3804,1.74091548619454,3.141950603358568,1,2,-6306.1429584080415,1
3805,20.64068104148662,0.9735915641417947,0,3,-765.354548813003,0
3806,12.52129219239701,1.5190658022674945,1,1,-2296.7072038546103,0
3807,162.51216504754714,1.9124586288173377,0,4,-2480.906455917584,0
3808,58.81348686792435,1.453590666731103,0,0,2434.5846984189375,0
3809,0.8434918436159696,1.4268998287514094,1,2,-4022.9267042519577,0
3810,71.39875009287874,1.0139525881367808,1,1,-4650.558331904501,0
3811,53.945654064001936,2.5144586316760384,1,2,-1413.0995493288476,0
3812,1.5456097794072068,3.464475837809135,0,2,-4422.944336177963,0
3813,27.752656828646543,3.3495234930908016,1,2,-1419.9732045161425,0
3814,2.4332298566712773,1.4732771821453445,0,1,-888.964232028349,0
3815,40.507671108728374,1.5553209072563599,0,1,-3379.3976181816365,0
3816,11.761850542264641,1.3416636485224165,0,1,-2678.563218849915,0
3817,7.815927835273633,2.735486682118279,0,2,-6889.898388774396,0
3818,2.4955291731983946,2.3681569399377995,1,2,-1304.4865014969369,0
3819,2.156881641272721,2.14564868920026,0,2,-88.72337208801764,0
3820,7.71212787101589,3.0326775840178213,1,3,-2212.2482753581685,1
3821,52.109413904820855,1.4839219873373195,0,1,-1677.1910027774393,0
3822,11.349168451227747,0.8515017995938314,1,0,3221.093516716927,0
3823,1.2331798711804085,3.172677411274598,1,2,-9418.781113331499,1
3824,33.3083566991302,1.1289252833407324,1,1,-1009.5296858415413,0
3825,59.903313210590795,1.5575420740377413,1,1,-4192.697407160576,0
3826,52.77741874032468,2.176330726506495,1,2,-3295.1649555065496,0
3827,66.15830179920489,0.8254776647458832,1,1,-3113.2398647047557,0
3828,110.34987669562837,0.8388033360929205,1,1,-673.3206473812636,0
3829,35.16631127980076,1.1532250769909258,0,2,-4809.083821641239,0
3830,56.61869132500582,3.147396294133145,1,2,-1827.9997425205493,0
3831,21.568768273309193,1.0533996845952567,0,1,-2263.140626393185,0
3832,33.85857534910475,2.5032025500432713,1,2,-4159.881121820266,1
3833,36.01219288091766,0.9090598474696601,0,1,-1435.7408453401679,0
3834,80.8469964589105,1.1356544958420112,1,1,-674.854118229285,0
3835,62.79814663994144,0.9315593521507836,0,0,-1114.622195877353,0
3836,114.67872599989528,1.642877992740746,1,1,-4825.39646103033,0
3837,4.849873606563905,1.1596157735538122,0,1,-1505.2587056763698,0
3838,73.84696510620185,1.528210898452638,1,0,-1627.7979393772553,0
3839,53.40635595805943,1.7691503975755363,1,1,-2809.61504679562,0
3840,1.242431262423851,1.9446766579372194,0,3,-2867.6678240841247,0
3841,37.77695893957227,3.3653820201746503,1,2,-1292.6244627008455,0
3842,148.0015735818405,1.4536480427634182,1,1,-4981.404903703005,0
3843,17.358625199009047,1.4028358154804712,0,1,-2484.7504296143943,0
3844,11.173124888771497,1.5140641105328254,0,3,-238.03281205224857,0
3845,4.885543488003593,1.185389511743232,1,2,-884.169032844816,0
3846,51.8794176527386,0.9163168658944166,1,0,2271.415115891514,0
3847,109.11281164330443,0.9329381574058689,0,0,1221.0378171720643,0
3848,83.21811325272121,1.0517103239703018,1,1,-5919.534886415069,0
3849,0.541214918400239,1.1116073220083997,1,3,-2135.9959392971996,0
3850,61.697669304837845,1.3131366935044853,1,1,-2245.368658298049,0
3851,7.573066079043891,1.4321231582555405,1,1,-6093.585896101049,0
3852,3.345510258723676,1.7363353610075187,1,2,-2304.109320179588,0
3853,91.23777754843519,1.4129461043383378,0,0,1746.8253271488811,0
3854,101.24341275480006,2.63082054363629,0,3,-294.2320302248245,0
3855,4.312671662573709,0.9789750282067857,1,1,-4868.234796364092,0
3856,23.910164754546063,1.07940864060816,1,1,-3724.054239405914,0
3857,81.3800563022404,1.5228104475481798,1,0,491.1087004342303,0
3858,86.62133759737478,1.154597088247424,0,0,3508.4957011867873,0
3859,16.844020465181845,1.5707318512903088,1,0,-563.339607356661,0
3860,7.639643772174406,1.7973658091538165,1,2,-1984.6391343321216,0
3861,250.0250200567087,1.6486078077924777,1,1,-1513.826593874764,0
3862,74.2073432050384,1.102534510240968,0,0,-436.2747403969622,0
3863,78.85063172857917,1.7135918082080541,1,1,-1141.4327511019417,0
3864,76.49711977925769,1.863602955780941,0,2,-321.9522863057364,0
3865,17.636433867059985,1.214741938889691,0,1,-4765.443481989956,0
3866,17.795076265040976,1.1844690169385164,1,3,-2546.320518864017,0
3867,109.1482907285135,1.122899409638186,0,0,1819.9840860020822,0
3868,11.763481540735734,1.2330641066839982,0,0,301.4935644448776,0
3869,59.57879903566905,0.8362138236020756,1,1,-2975.26897432425,0
3870,162.4339086371205,0.8661849774765017,0,0,2173.7971664069432,0
3871,61.75622173866764,1.6277788361790648,1,0,2162.600813761828,0
3872,37.081392705747305,1.2842982429726084,1,0,-3057.140425581717,0
3873,33.33336026929757,1.2267243056712622,1,0,901.5159410398858,0
3874,22.757066768358932,1.4945002107306504,1,0,3890.94371112929,0
3875,0.04299752263426118,1.2698635817585222,0,0,1328.6117267330042,0
3876,4.514817909744205,1.7800863373326152,1,3,-4901.374409766326,1
3877,18.104052057122786,1.509852338471283,1,4,-1665.622650716863,0
3878,22.74566868951469,1.1903185118996982,1,1,-5698.273352632908,0
3879,26.16462520693632,1.8725631509399716,1,4,-3535.719279033061,1
3880,25.468351446687958,0.8127464188783909,0,1,-3361.6534648517277,0
3881,23.9720004489524,1.8737669653653082,1,2,-1426.0287187632493,0
3882,10.134696623476856,1.0121033546484492,0,1,-2168.065878274445,0
3883,59.767926899180786,2.984649251744705,1,2,-1500.2037129525943,0
3884,47.95609352893509,1.0108158119166024,0,0,4758.191314879559,0
3885,38.12258221218062,0.9800048887568447,0,1,-1417.9539037808358,0
3886,97.88443589683797,1.5299411295381318,0,0,3801.354530271327,0
3887,21.51919604636848,1.7368558872089332,0,0,396.9744301602809,0
3888,2.015868418355547,1.7250049222504356,0,3,-1238.3131085288696,0
3889,52.00345166654642,0.8721653085946688,0,1,-1896.4480469497562,0
3890,58.97914713414275,1.2386919356704458,1,0,-5.92009140661321,0
3891,7.20207170683802,1.545791010804539,1,0,-202.0609954908582,0
3892,1.684150179029613,1.7494476822363927,1,2,-4130.240040260251,0
3893,17.363637419243428,1.062165852010502,0,2,-6668.227263842527,0
3894,13.816772174509433,2.7904239502535173,1,3,-941.7814231552738,1
3895,39.58265165966062,1.5365627057140192,1,3,-1738.6445456055349,0
3896,53.653976831515934,1.6533553690975873,1,2,-1699.398842939061,0
3897,36.00456910463919,3.0851246681594118,1,2,-619.167958347015,0
3898,2.8502748269553853,1.219746982786052,0,0,1379.1832913483042,0
3899,58.29641417586887,1.769561782993541,1,0,350.4171697905699,0
3900,7.074341149342985,1.4231221509170784,0,0,1662.8493407874707,0
3901,15.807440091904345,1.0427029690627805,1,0,3836.157131581471,0
3902,7.020633080608861,3.1484182659625706,1,2,-818.6215681079816,1
3903,2.993052318761932,1.782644424705205,1,0,1690.1718617098113,0
3904,42.766035454242484,2.725273513090481,0,2,-562.9139870700501,0
3905,66.35749241468073,1.6914396872380673,0,1,-5314.211833820176,0
3906,2.311310774625894,0.9999221855811701,1,1,-6476.933384860998,0
3907,27.619242271771817,1.2592678923724967,0,0,-49.53057550163385,0
3908,20.220126465924288,1.5943186158340554,1,4,-2347.246947694043,0
3909,61.494724204809216,0.9129467822538109,1,1,-982.7257020917405,0
3910,25.170285868934428,1.2163975571235845,1,0,2917.6609865859878,0
3911,19.618999642446866,1.088960419254179,1,0,5764.316113445887,0
3912,7.851816445442848,2.2919015076737956,1,2,-5608.812849050898,1
3913,12.292341543304728,2.391825940141197,1,3,-6860.287146175386,1
3914,6.339132947211688,2.1179773507997575,0,2,-823.9687832773329,0
3915,45.68885038566351,1.5450728885837712,0,0,2681.400469657633,0
3916,39.87621950057359,0.915261126192497,1,0,4339.480673557591,0
3917,22.596738557641746,1.5361226861016055,0,1,-2844.0251120088365,0
3918,10.339132727122548,1.7721091992548201,0,4,-6671.375864922615,0
3919,148.1779971482685,1.1336474177818627,1,1,-228.19602837684215,0
3920,53.124108799604066,0.8848192090732842,0,0,5160.367693087546,0
3921,57.75225692958199,3.095738514638745,0,2,-1767.961417866657,0
3922,43.0494723399373,2.3122513169428416,1,2,-3175.912044886921,0
3923,11.142268960442319,2.2228192372120645,1,2,-2405.095642570208,0
3924,83.96157357588473,1.504757592509029,1,0,371.2667677559157,0
3925,5.053664731308933,1.504983267410135,1,0,5941.846140176029,0
3926,81.15858121913479,1.1043041285190456,0,0,1092.1486034523025,0
3927,106.22851815640273,1.309280916978042,0,1,-1533.5337730899023,0
3928,25.933032327462683,0.9150698433709711,0,0,1610.8421875866366,0
3929,16.40170879587118,3.0787052296180857,1,3,-9137.576750092678,1
3930,41.37029454902107,1.3987853357354971,1,0,699.2002412438361,0
3931,80.71640356497457,0.8665143582399736,0,0,2468.914525873431,0
3932,18.064885078671825,1.6375989525041017,1,2,-1324.6137084139546,0
3933,6.680748835639195,1.0846879138053085,1,0,851.2502160348396,0
3934,62.321695751799474,1.0667591179895761,0,1,-4662.9269865868555,0
3935,110.90662108116082,1.1010115852313738,0,0,3008.2344474301244,0
3936,18.663023189303946,1.2921462961415164,1,1,-572.7233370924605,0
3937,10.03038995055073,1.969143255538919,1,3,-755.4492663197775,1
3938,119.02000852950343,1.6123389758301279,1,0,4873.065328000418,0
3939,30.952826176417787,1.4764658921700278,1,0,-241.86208890006014,0
3940,3.377591708262112,1.7821894248959143,0,0,1240.6163922386297,0
3941,1.5850623740012275,3.108831049777751,0,2,-3117.378431080236,0
3942,2.7874919081738825,1.7680647496071484,1,3,-7055.2640693949525,1
3943,10.497581009476164,1.3666023508739373,1,1,-4498.221998820861,0
3944,21.183923854870013,1.2251071093290657,1,3,-1363.9447938968292,0
3945,62.89691230111068,1.7654564318331596,0,2,-1903.3334725847549,0
3946,54.33016323595993,1.6299473492214163,1,0,830.2414269635756,0
3947,46.088725224170894,1.7449039055507318,0,1,-5532.853746390591,0
3948,34.622555293902515,1.098445807211046,0,1,-1534.7316068862815,0
3949,38.625447298846396,1.7942490157232067,0,0,3031.106937178929,0
3950,18.001205778091,1.5960140367933313,1,2,-7963.656659214166,0
3951,2.808836616210197,2.7324722330598985,1,2,-9020.905880136175,1
3952,24.717110394643186,1.7629416747434887,1,0,3591.668877290849,0
3953,35.80398227420983,2.118926796447629,1,2,-5610.761619324105,1
3954,35.75887158788455,1.2691237647036964,1,2,-2086.0582940773807,0
3955,2.7712936198960354,1.7609826729096876,1,0,3597.0096131341525,0
3956,12.527417777674987,1.7765676321184716,0,0,224.45834236637143,0
3957,47.77207062540267,0.8795152779210409,1,0,1316.925281529944,0
3958,14.343930752152732,0.8721846141685212,1,1,-371.9652443956684,0
3959,1.8639732540918466,2.576118810804785,1,2,-658.831634479754,0
3960,15.81125104437435,1.4852911377446358,1,1,-5884.812535012918,1
3961,29.47428151712133,1.260053158403926,1,0,486.86886183460933,0
3962,17.142989583568912,1.1867785830303788,1,2,-2773.6863085833706,0
3963,24.196043191757045,2.8202134152209113,0,3,-3684.6114423718773,1
3964,50.23632826360676,1.4781293598558825,1,0,3309.9857075561667,0
3965,83.20582418798276,1.6963991268033836,1,2,-1147.4242613025292,0
3966,9.528859893416065,2.907775298344992,1,3,-5443.206618692684,1
3967,10.096536920764692,1.1725979091670988,0,0,-1123.562242029449,0
3968,6.066168532989922,1.5688294428036378,1,2,-1866.8390134344418,0
3969,69.95121115688991,0.8340997601667438,0,1,-1728.9313414264623,0
3970,29.034261292508912,1.1676972031026494,1,0,5771.215236060156,0
3971,128.70696121941342,0.8394964217169293,0,0,2093.493432766835,0
3972,17.831174247640497,1.9678531565883148,1,2,-1818.4084742418636,0
3973,39.810656052783564,1.6381210627551073,1,1,-4002.7475049143773,0
3974,1.392870366707795,2.9409699831039657,1,3,-3953.9789156534334,1
3975,76.61247623489518,2.398990496983487,0,3,-6179.837518083565,0
3976,46.163604976501915,0.882200150114409,1,0,-2404.0183240070196,0
3977,35.988701454368446,2.3240155352226157,1,3,-2038.806326284198,1
3978,4.334382016072031,1.096075739336119,0,1,-1777.4391926868725,0
3979,56.25668798517645,2.6160367790609182,1,3,-7090.349431298255,1
3980,20.634206625473492,1.0879608559005005,1,0,1283.5830747052964,0
3981,30.77250211788606,1.2490226437550742,1,0,288.8563433181382,0
3982,28.610829980975033,1.7838452415632444,1,0,4160.046752267178,0
3983,29.990796264639158,1.6808894072722034,0,1,-6185.4108435789185,0
3984,47.57628760345592,1.5134145118979907,1,0,-231.80557581278845,0
3985,5.482070658545313,0.9509008596177699,1,4,-8429.042191785622,1
3986,5.529617124034186,1.245766276507141,1,3,-4584.08302538472,1
3987,64.87904691711601,1.4063669560704037,1,1,-781.0271943136004,0
3988,13.682720433259318,1.440896889488055,1,1,-857.2172626198499,0
3989,56.84090749775309,3.2868712285885042,0,2,-1583.5076457010732,0
3990,6.054762639727669,1.3623280920276595,0,1,-1901.3149637795732,0
3991,31.63490149971111,1.2795226124100794,1,1,-2631.8562067723174,0
3992,38.848126066737706,1.591235434173274,0,0,-683.2946662864574,0
3993,1.5335251919418613,1.5625819568135784,1,2,-2414.747986858517,0
3994,25.073093769124487,0.8534556481943281,0,0,1809.946112110762,0
3995,8.304078847228563,1.2078369014506678,0,0,2384.9157076791917,0
3996,13.082210780778228,2.0830003611671097,1,2,-1981.3332002763211,0
3997,154.81643333214257,1.0350645206219005,1,0,4215.15152984934,0
3998,49.88444924128703,1.0535470141929755,1,0,451.0188936069683,0
3999,192.24217576053871,1.0969326127038255,0,0,474.65244955805565,0
4000,147.3845528458252,0.925320200106188,0,1,-3412.9059457009507,0
4001,112.17563519822669,1.4270509077667966,0,1,-6997.43167405797,0
4002,69.25896280247888,1.8640940824266665,0,2,-337.93418530871895,0
4003,7.376145384467151,1.125063739118433,0,1,-5325.43177191251,0
4004,59.47100931159911,1.1425359389819056,0,0,121.50221032626678,0
4005,25.19813998608207,1.31017156628223,0,1,-2360.8004258801443,0
4006,15.717478653333927,1.4262245465839607,1,1,-4795.351347377235,0
4007,47.64288665987531,0.8635394050370624,0,0,1630.6759653217478,0
4008,19.790197131047545,0.8974381373783245,0,0,2266.464813279006,0
4009,38.745634833345925,1.548910713137993,1,3,-2546.9063158273902,0
4010,89.67526956293551,1.331164126913604,1,0,-1239.5488224688393,1
4011,292.5020345719997,1.722039898024782,1,0,1975.4033148200956,0
4012,23.322086676262455,1.0894171523127514,1,3,-2331.4565530325253,0
4013,17.540468294743235,1.6690249825933703,1,1,-5914.809509222239,0
4014,0.08834738838822202,1.7161488695765983,1,1,-269.52604090018485,0
4015,41.06871245627865,1.3593368682134663,1,1,-3576.7872940455354,0
4016,9.879090318688407,1.302377497228648,1,4,-2533.4398052711244,0
4017,49.25437906998741,1.651602252300309,1,2,-1901.2905785805224,0
4018,75.8917524014882,1.4258511282227073,0,1,-6014.630279693692,0
4019,7.555611723467225,1.0052575916715836,1,0,-496.9492837792145,0
4020,155.4149098483221,0.9761850225412761,0,3,-726.7470135179835,0
4021,46.21793839924763,1.026041958970067,0,1,-514.1183064374034,0
4022,173.94524934215252,1.4125213627960571,0,0,5842.63662969361,0
4023,11.172694988112411,1.9759937818679312,1,2,-4574.567427317068,1
4024,7.83213090353084,1.0703625529827192,0,1,-7.6774314704030076,0
4025,5.56856081829916,1.5395324482375945,0,3,-5423.699792578588,0
4026,14.468818972952292,1.275619686549176,1,3,-7520.387065751954,1
4027,14.965713413317047,1.0700080579514175,0,0,2972.565021074579,0
4028,18.72716492733748,0.8461002133374698,1,0,1038.651984064412,0
4029,22.61865439454047,1.1415466767247922,1,1,-146.9063523586783,0
4030,73.0110111835078,1.0440391567904104,0,1,-4341.931170049643,0
4031,33.64090745211074,0.845344424817203,1,1,-1275.097503079338,0
4032,219.25772387433332,1.6704141098198069,1,2,-3058.2692139805604,0
4033,55.45553602827391,1.771827651798629,1,2,-2197.3164284406553,0
4034,110.07698847237425,1.2666253118711102,0,1,-7757.441461858453,0
4035,17.13678904414323,1.8644499015064988,0,2,-2376.4648024238786,0
4036,46.78039427794272,0.8224630126287692,0,0,-611.8988799818926,0
4037,4.024084032495134,0.9126151837413624,0,1,-2034.1312377793233,0
4038,9.656168011891344,1.771120674777377,0,1,-5364.344527433778,0
4039,27.29996185286665,2.3450514178056476,0,2,-1032.1036448443258,0
4040,10.950694718851818,1.1269309306509663,1,4,-1949.4551720778604,0
4041,14.64085137923847,1.089345795369181,1,0,2126.394624089619,0
4042,10.938707814963083,1.3829406429217919,0,0,-84.8905170315229,0
4043,8.858693007144772,1.2845393974665429,0,4,-2035.6482847037669,0
4044,80.66158508886944,1.5433847770646583,1,1,-3164.336670641578,0
4045,5.39580260230556,2.5694128293488543,1,4,-3074.8489037722097,1
4046,20.751583164320394,1.6575847581101915,1,3,-227.33392344982803,0
4047,66.77920628630756,3.332835167643359,1,2,-202.80052207217523,0
4048,75.96203330066302,0.9270562344770595,1,0,2761.699542207772,0
4049,21.719439957368085,1.7591759562264349,1,1,-2997.796726539256,0
4050,57.38682932447908,1.3550219742022431,1,1,-3929.1302023913695,0
4051,21.305323214266622,1.570252058922646,1,1,-8101.821813792521,0
4052,5.781597272207395,1.208932929347137,1,0,3216.505782840209,0
4053,42.56354089893662,1.2676642778077343,1,1,-3419.328993738553,0
4054,117.36770765561239,1.7331610627575134,1,0,-846.7600095056764,0
4055,21.192986268359334,1.3676704588120763,0,0,1133.8202142225423,0
4056,5.702268013802437,1.8584211751633806,0,3,-426.444162167325,0
4057,20.698922394574733,0.8378844485789441,1,2,-5700.368815914038,0
4058,76.14748241139941,0.8820767800609484,0,0,591.16780651205,0
4059,12.013902181938505,1.6705929742424699,1,0,1318.3101188097423,0
4060,35.99110253884167,1.3813098333430984,0,0,975.5100992868354,0
4061,22.071357792808147,0.8639237663855761,1,4,-958.178138690959,0
4062,3.880423129317672,1.2750820262249272,1,1,-852.3716632609517,0
4063,93.82862121947994,0.8038388023209388,1,1,-6456.507862423305,0
4064,127.32165905103889,0.8036724380534609,1,2,-5691.233281698099,0
4065,0.45694675740892765,1.7243363403724024,1,2,-698.3467661744619,0
4066,14.436952681100507,1.2660617719075742,1,0,1705.79323633855,0
4067,86.14167487240623,1.8034510989079828,1,2,-2301.6762852835627,0
4068,83.93570284235292,2.8723019304825783,1,2,-3097.367350145577,0
4069,10.932744555877878,1.2629994653407906,0,0,1365.2450162651055,0
4070,25.594420117087623,1.3239918940226871,1,1,-3650.1127098011925,0
4071,15.48800305462487,1.5227691324975012,1,0,-226.81829663904136,0
4072,7.688288881416009,1.0665577586106123,0,0,2513.9102588066353,0
4073,23.94173452596483,0.8469817487212894,0,0,-420.9440402041239,0
4074,50.39053795257069,1.6325911001062496,1,0,-70.51436481924407,0
4075,35.64656055435128,2.3352526039229895,0,2,-3462.9488148668574,0
4076,163.1033168536918,1.213537245821657,1,0,-167.9551854228414,0
4077,55.32156008345163,1.0480430196467707,1,1,-2948.299255301848,0
4078,10.56319324987161,1.607980846261514,1,2,-3596.352382469937,0
4079,23.290145122458068,0.8378254174885373,1,0,-1271.1260391628966,0
4080,110.58688844530802,1.3993939900445498,0,0,1241.6706752021496,0
4081,37.20049784711704,1.2669942608694453,0,0,1736.3450603966066,0
4082,0.5873931328654983,1.798949500450596,0,0,3829.475705935208,0
4083,62.19211261224641,1.6848334348905598,1,0,2046.9196475333795,0
4084,12.578152088916214,1.087715130905515,0,0,4072.843155202484,1
4085,79.38370149026082,3.3084611477542527,1,2,-3013.340744513611,0
4086,62.807778914591225,1.2801338055083908,0,0,3577.058825701456,0
4087,0.8904205954508936,1.1653620875573498,1,1,-3839.807896648962,0
4088,21.728266007083157,1.1929163019578684,1,1,-608.6324890885553,0
4089,39.84228178173175,1.080348759051931,0,1,-5057.152877134884,0
4090,136.98978935557807,0.9370996357734939,1,0,2074.9645366176455,0
4091,29.24497669043508,1.9423016398658517,0,2,-4867.497605722478,0
4092,10.615816865038893,0.9471755309455622,1,0,1576.180422840216,0
4093,66.58110721611122,1.2814173602373249,1,0,1741.8281843910083,0
4094,151.70480301400679,1.1427359150233776,1,1,-932.6619993611705,0
4095,89.31044969836954,1.6310324718328815,1,0,1618.9457323643032,0
4096,8.735195196021243,1.0834016136197837,1,0,1009.5663092548704,0
4097,36.00047600734388,1.6908629868611984,1,4,-3448.2504878702284,1
4098,7.646550537024716,2.402005602831896,0,4,-1546.6577126677557,0
4099,169.8846633812678,1.2726898956553476,0,1,-1811.1535836265505,0
4100,50.0966758404061,1.534258968878815,0,0,-50.36734707492519,0
4101,34.73502724618724,1.7666986680372223,1,0,870.6055381171167,0
4102,2.9544506948598954,1.1714845898547306,1,2,-473.5010243532354,0
4103,151.90544330881883,1.36453276192929,1,1,-3402.9892635150436,0
4104,90.98184847192132,0.9964762756998368,0,0,3436.96983511922,0
4105,22.054604939745634,1.579798567703809,0,2,-1028.268719531342,0
4106,34.62798055359106,1.144414775144333,0,1,-827.0557620631735,0
4107,2.476561836091787,1.3074911109036234,0,0,2420.7797476441365,0
4108,35.58956729322542,1.8607031386117217,1,2,-4999.915166299811,0
4109,55.79987882996782,3.035014992327132,1,4,-2232.339653964852,1
4110,23.913031320592847,1.7083501661941847,0,4,-1280.4104376725752,0
4111,7.635197655700969,1.1406978879285725,1,0,-1294.190000129211,0
4112,49.671550375818796,1.6095351591937284,0,0,1619.4164907635543,0
4113,75.61618307692123,0.8320286856077512,0,1,-4046.19648203376,0
4114,65.94714279919211,1.640987094512634,1,0,2691.318922441924,0
4115,12.203413720117014,3.0913393781537457,0,2,-3607.270895284321,0
4116,100.23112776845441,1.421998845092513,1,0,-164.74910334642504,0
4117,6.596228475947487,1.542250218588546,0,0,3516.5603897425176,0
4118,47.269870080470035,1.8396333639245397,1,4,-12.631215393960701,0
4119,37.21566698932985,2.535255033540522,1,2,-3060.3165378554813,0
4120,13.119316032933542,1.5307535936863412,1,2,-3555.118309502558,0
4121,43.779749568374726,1.58642435848824,0,0,722.9774066602487,0
4122,17.13795016396537,1.1549766162928772,0,1,-3285.6709354772447,0
4123,62.137871511245116,1.7342094533948034,0,0,3279.395870717143,0
4124,65.82068359124622,0.8750611000043476,0,1,-2698.4406141532086,0
4125,4.567254978784067,1.2020813635805971,1,0,2268.063554267601,1
4126,91.31815087513498,1.8278908049395113,1,3,-7233.174892832835,0
4127,12.751725160099692,1.6700977338313792,0,0,353.86859023997545,0
4128,90.1508899481745,1.6013905519883007,1,1,-3174.1725764797284,0
4129,7.674539164445703,1.750309699046394,0,4,-920.5506618660957,0
4130,69.96560881300252,1.5723702657344594,1,4,-1033.3164233683947,0
4131,41.086019344315126,1.738342868582639,1,0,3568.165492447129,0
4132,92.30340926353414,1.042576298508773,1,2,-2558.040118235074,0
4133,36.994221935008184,1.5426390055079238,1,0,297.1273093389343,0
4134,30.238594214892302,0.9015595636819556,0,1,-6816.390067905747,0
4135,23.157648189303394,1.200276268230592,0,1,-1661.709051508497,0
4136,36.6549775291808,2.5638090311044452,1,3,-1826.1405549777337,1
4137,45.859261666349184,0.9498316261804735,0,1,-5501.836059685524,0
4138,22.1062141655101,1.2386440246294155,1,0,2591.874128738673,0
4139,27.247507728642983,1.0004688942620716,1,1,-971.4571962457012,0
4140,3.8314327923386555,1.1976090709563276,0,2,-1475.1855624830423,0
4141,27.902779675914434,0.9600806392068031,1,0,-107.73037676520562,0
4142,40.623444571511925,0.9856664795900223,0,0,346.62923205669904,0
4143,73.21923244484358,1.3826748566384608,1,1,-3360.654027911223,0
4144,51.440472446561714,1.6758547183927548,1,0,-498.15698542435644,0
4145,14.529918573678327,1.6139511604084054,1,0,-1690.312585633268,0
4146,5.520687341631038,1.1709776137326164,1,1,-1048.6841132518286,0
4147,0.6522092608577936,1.7445619916730082,0,0,2324.9672539668964,0
4148,13.815433508878963,1.4392977460967145,1,1,-315.06417710011874,0
4149,47.21685662643591,1.563720509369714,0,0,1258.79856072759,0
4150,38.39802148126446,1.2096560256708506,1,0,3693.4732699474444,0
4151,42.78330464026357,1.6656861192442087,1,0,-1368.7134489164796,0
4152,66.33214234915457,1.5136752514281344,0,0,4328.962980180198,0
4153,16.42921110194053,2.047510507891236,1,3,-2274.6739873804904,1
4154,19.55178645085385,1.5653747758040037,1,1,-2645.364383639847,0
4155,52.20061548973292,1.5164351121653734,1,0,3502.047377037239,0
4156,29.931522354275604,0.8269930851787082,0,0,3881.740234308754,0
4157,20.883880779112953,1.3914271550453043,0,0,4550.826190967815,0
4158,35.236843967303805,1.0908598481306804,0,0,671.5252032530445,0
4159,4.721755262700373,1.550241458382248,1,2,-9529.449494260141,0
4160,24.888170248848564,0.8285713939537542,1,0,2445.3876469339093,0
4161,5.919690189934995,1.0237302692002543,0,0,1199.4233969930394,0
4162,30.863302155733898,1.2662629156131846,0,0,1098.7491704425497,0
4163,1.964179136125087,0.9780412505607451,1,1,-2533.197145920757,0
4164,8.019161676078898,1.1144114146690833,1,1,-4183.687782214252,0
4165,48.65982638513791,1.7047231689700935,1,0,3797.886467689054,0
4166,48.10365482651304,1.4139392963645938,0,4,-285.30512483077155,0
4167,7.344607788715142,0.9871574186290735,1,1,-1036.8182734338611,0
4168,80.93446399653506,0.9541342480792534,1,0,2545.634251057657,0
4169,3.0052464402159655,2.1481663151006867,0,3,-853.0413764535724,0
4170,18.303275605460925,1.5434439831527895,0,0,2662.6901401581863,0
4171,33.97619467005434,1.0751880598490857,1,1,-6292.373064303054,0
4172,12.518937264499494,0.8400954018718442,1,2,-5176.196430336736,0
4173,149.31313795036664,0.8164118297281973,1,1,-4822.439317637645,0
4174,0.5542775486178293,1.5946338226431596,0,2,-866.6173969168071,0
4175,11.510753809513242,0.9661565682019586,1,2,-5714.622930205169,0
4176,120.48256242716575,1.1550242159167299,0,0,-669.0505722766015,0
4177,41.16847035290639,1.230590459042802,1,3,-6202.939909360128,1
4178,44.89877462144886,1.0466874075618806,1,0,2765.5043298747323,0
4179,27.749700332224496,0.941594627515594,0,1,-15.686456199550776,0
4180,16.393044487840932,1.7686317304943593,1,0,2299.084217269163,0
4181,14.762022980838896,1.5786344058140651,1,0,2747.2224877069584,0
4182,116.57005692973219,0.8446145655027459,0,1,-3838.0578669798297,0
4183,30.845024185182744,1.7626084214265214,1,0,2190.0795484986797,0
4184,73.51279510065922,3.2995308983952105,1,3,-1194.1687584850602,1
4185,3.078781901985968,1.704702383198466,0,0,-3080.1077889371854,0
4186,90.41317146362624,1.5328036714516253,0,0,846.6094323598775,0
4187,33.38082155504632,1.0897154748814182,0,1,-2701.3425303673184,0
4188,15.211904369797926,0.9800644564425796,1,0,3259.771285533186,0
4189,8.554516726364575,1.000777049740513,1,0,2164.6947596622963,0
4190,59.742931651562955,0.9640511956709753,0,0,3787.118861551611,0
4191,29.273658348183456,1.781021342775611,0,0,3399.2444554089175,0
4192,20.261027954764856,0.892357161096932,1,0,3390.593267324033,0
4193,33.14229905137394,1.022383020713149,0,3,-8898.466096566137,0
4194,46.65882201015879,1.464945872654705,0,1,-6273.52190360247,0
4195,19.49264619587559,1.510055684380656,0,0,2179.203873806143,0
4196,13.67280174125862,2.5302523090693767,0,4,-1201.419242239678,0
4197,6.240940480588817,2.003069193680455,1,2,-4129.870156074805,1
4198,7.500918903695277,0.9454930428852218,1,2,-7776.3444739506795,0
4199,44.86039607160508,1.069722695897593,1,1,-7290.687243803442,0
4200,81.68702344626584,1.1875424416865195,1,0,7164.441806084401,0
4201,4.190183337964917,1.5256078497764425,1,1,-7361.343405365382,0
4202,2.695131824201636,0.8275849753637943,1,2,-1452.6850969553502,0
4203,22.946106785103886,0.8148267408380468,1,3,-4812.284754241075,1
4204,2.895689191584006,1.1774133846933132,1,0,1247.1369287306402,0
4205,26.548831121075352,1.416541592692047,0,4,-957.7935752594701,0
4206,22.058065207814757,1.2391767868122319,0,1,-2093.6070215876503,0
4207,3.931491879000143,1.3204658623222392,1,2,-5418.48633565049,0
4208,11.547681333336987,3.4820943643997015,1,2,-2769.1004266088285,1
4209,107.05543868843574,1.6403093543468867,0,0,37.69765272291693,0
4210,23.17246945720393,1.1664032987078294,0,0,-1040.0884652769723,0
4211,76.86232170900549,3.3760684784681687,1,3,-2507.004484454747,1
4212,0.5242932970365444,1.0826414467022454,0,0,617.4749654013248,0
4213,87.83360168514793,2.0483277208789907,1,2,-6011.182033393428,0
4214,6.9348033351527825,1.5723190246081786,0,0,405.95632446368586,0
4215,5.159317146110384,1.055190842579331,0,0,-202.89627930868596,0
4216,6.931841984847951,1.4703419403056697,0,0,692.9478214883841,0
4217,40.28340464463733,1.6598776457303355,1,2,-1785.3566082719472,0
4218,35.16266497068404,1.7418095957264055,1,0,114.54725373651036,0
4219,16.431286910535775,1.284523999744901,1,0,684.3985394037005,0
4220,7.710273001681594,1.5267407355288762,1,3,-447.21274907569205,0
4221,399.4272268383738,1.688404217114826,1,1,-2683.6057636316864,0
4222,15.698802304994281,1.4228902989178245,1,1,-404.39623121327804,0
4223,54.80371944177641,1.0504660636348964,0,0,1647.4586176576447,0
4224,28.45430029694276,1.624408513339262,0,0,1055.3057457401694,0
4225,8.658771634220981,1.463779618262062,1,0,4830.079082119813,0
4226,16.50813884657312,1.2602604264767232,1,4,-4246.144366971527,1
4227,172.91697695258082,1.417165158085516,1,1,-1168.0205249212097,0
4228,5.2281645544784014,2.144628675810147,1,4,-1072.5832940623125,1
4229,13.47096716574133,0.8360473897041921,1,0,1245.1066593677417,0
4230,22.798554072876918,1.1155281265521673,0,1,-5217.117973465515,0
4231,77.97412016752698,1.4904598977718613,0,0,-3899.048495661483,0
4232,55.65105572662388,3.0810629878781777,1,3,-325.3146560053283,1
4233,54.70506747480259,1.6786341437460417,1,0,4901.669696748189,0
4234,9.22505461938624,1.7477861222976683,0,1,-2880.8099126679035,0
4235,33.27234696244024,1.3510183583034996,0,0,1427.8624427201871,0
4236,177.57863554025238,1.6865009133520235,0,1,-5960.340790089046,0
4237,54.62718046296358,1.561029836366036,0,0,2870.1366654249096,0
4238,15.87363608300014,2.117497301604539,1,2,-2938.4552008389774,0
4239,32.680039297657395,3.269027709453466,1,2,-4074.548749476014,1
4240,65.66968988114806,0.8077005534758863,1,0,4150.645823132102,0
4241,0.03571153859490184,2.6991158408604576,1,2,-4096.0004192206325,1
4242,50.642067022530625,1.5514095760724942,0,1,-3233.3024833054296,0
4243,24.35350506939262,0.9873274090277082,1,1,-559.8376119800321,0
4244,15.046068897615376,1.5441072847140997,0,0,960.2189481685638,1
4245,64.53835580081471,1.5040151906626158,1,1,-2665.996762981541,0
4246,5.778501196501424,1.9912235110706413,1,2,-2790.3001743975583,0
4247,3.758262442998571,1.4173475369035173,0,1,-518.8735909866541,0
4248,69.43516316706372,1.036196187704572,0,1,-3998.7542779546784,0
4249,8.42772517363467,0.9938459093215538,0,2,-6104.598206227941,0
4250,91.32792740997598,1.4026360342648387,1,2,-3287.3245674212267,0
4251,34.14282901088457,1.408278151095975,1,2,-1265.7889826158628,0
4252,29.70860699002897,1.176003986243594,0,0,1756.0462772154688,0
4253,0.23798374223477173,2.1687347027225217,0,2,-1359.3949010832,0
4254,9.54593476679355,1.0796172030187305,0,0,1834.944561076837,0
4255,14.640112776397405,2.4277724895234423,1,2,-4400.110501184233,1
4256,36.65338354730183,0.9578322631592419,1,0,125.06096293698033,0
4257,50.503865428352015,1.3013242354670838,1,0,483.40307415510813,0
4258,1.1639507110950724,1.4116187895526124,1,0,3823.466772368566,0
4259,196.0247863709345,1.4924143911175154,1,0,3271.1467728012854,0
4260,62.00853972853736,1.5793004575780185,1,0,5118.800515840091,0
4261,93.49195140356554,1.601889061390542,1,1,-7137.292433286499,0
4262,37.104188781176646,1.0399757368685876,0,1,-667.3418244300883,0
4263,6.0981739638738786,1.2472325542060962,1,3,-2608.1736225437758,0
4264,27.24119423363243,2.8431178949186373,1,3,-33.76698288978014,1
4265,11.959333163356142,1.2534829783542158,0,0,867.0714399020342,0
4266,3.2181917427485103,3.4449199465024263,1,2,-5211.007617229177,1
4267,23.677009470447132,1.4268462881385844,0,0,1808.9676684967853,0
4268,17.231532206651792,1.5905667362746407,0,1,-2522.676508118304,0
4269,6.465072211313227,1.0702562452985216,0,2,-3226.1748628395603,0
4270,2.4310332289287424,1.1114146020994522,1,0,2792.0362008272277,0
4271,1.0111164885594417,1.3685194311906383,0,1,-2744.444210587687,0
4272,18.26468019388529,1.9426407436767943,1,2,-8037.447533638034,1
4273,38.00881592101463,1.0787952486047203,0,0,-1345.0807583882242,0
4274,118.93664684245122,1.6225859063788846,0,1,-4716.3690312619965,0
4275,22.948333860229255,2.211948022805144,0,3,-3279.698262274195,0
4276,183.93868215585124,0.8819662632770544,1,1,-1696.5094873578764,0
4277,20.062225886463683,1.1643365566564254,0,1,-625.0527654204784,0
4278,34.814524634588665,2.8729767277805998,0,4,-5773.838939991131,1
4279,4.737464243322936,0.9121291986495529,1,0,-799.2541097128446,0
4280,71.77215024341244,1.2343176121732566,1,1,-4398.215707271354,0
4281,14.316046691284491,3.395329212693129,0,2,-9153.364567110822,0
4282,23.68830840160519,1.993549422879506,1,2,-2598.6938392889865,0
4283,1.7422201989528718,2.2914080050742616,1,3,-2228.704599179186,1
4284,266.02098155175355,1.4115997274789605,1,0,176.17924078203373,0
4285,22.166944049895584,3.067254054763197,1,2,-2985.579377882967,1
4286,20.40342521247043,1.7757777993980013,1,4,-1061.7376874961353,0
4287,194.00521591958832,1.0189696188895399,1,0,-1995.705036007711,0
4288,112.31213455627653,0.9137060900060989,1,0,1297.1385417996094,0
4289,39.26331653951229,1.6911245632525223,1,2,-3628.052006486296,0
4290,35.752924452053705,1.2014974511574188,1,3,-5178.55240779907,1
4291,16.78123320311405,1.7660171725280143,0,0,1919.965064469611,0
4292,0.9132920160663711,0.933029123645367,0,0,-167.74382812313956,0
4293,55.206096296995874,1.4702495046083346,0,0,1772.284759607876,0
4294,28.08497344544032,2.7731776633031826,0,3,-4148.994392286324,1
4295,5.526227416663213,1.0747416214710497,0,2,-41.980875777484016,0
4296,14.155165436660088,1.341872259557888,0,0,1597.5688740670607,0
4297,3.6196043307357213,2.052755068354506,1,2,-4191.211789347105,1
4298,19.865822586881187,3.0978508253071597,1,2,-3148.07841924717,1
4299,56.589970402849474,1.5976236467195064,1,1,-1375.349710466091,0
4300,10.882329997159164,1.094417224663951,1,1,-3648.5589677970493,0
4301,28.49075739387212,2.872408796320526,0,2,-1927.8828825701867,0
4302,22.53600972810734,2.4611586867035418,0,2,-6092.906258579422,0
4303,139.58430753514475,1.1835895841651403,1,1,-3744.143306734123,0
4304,3.2923056513493036,1.7054822370839737,0,2,-1495.5409560845792,0
4305,12.998875610478708,0.9427025256636242,0,1,-3553.3224930714637,0
4306,24.97986934905282,1.2463357440355578,0,0,-722.9927454235399,0
4307,34.85098095905494,3.1110536394698123,0,2,-931.9352979382002,0
4308,42.36558669057436,1.5869363964094472,0,0,4194.347482222567,0
4309,59.38888510838719,1.2779244183983964,0,1,-3402.394656027129,0
4310,91.6267478898397,1.7300372622288167,0,0,1466.8484298669523,0
4311,43.94335435540225,1.233120917573419,1,0,-1647.612568473205,0
4312,13.89248943966852,1.1438633507741665,1,3,-1518.7379690263804,0
4313,130.08073166813017,1.0538408131507704,1,0,1242.4034271232276,0
4314,178.9545487484542,1.5488615776522923,1,0,4.473687142348581,0
4315,48.453863799984795,1.3818877335070634,1,0,1582.4449110391954,0
4316,71.66302004664215,1.8540674619025486,0,2,-1054.6026351241694,0
4317,3.4678509414740404,1.350381514730004,0,1,-3859.5875584507253,0
4318,14.811247789462914,1.2314304110764032,0,0,412.67081637827937,0
4319,46.557439911673235,1.4891779503392213,0,2,-6688.3393803856825,0
4320,177.36424839227652,1.4918072131885003,0,0,-464.3351950891174,0
4321,18.845295114674748,2.827210445351476,0,2,-1188.03745413715,0
4322,23.791738623360583,1.3799392902038692,0,3,-858.5542489503061,0
4323,18.472695277272706,1.4673237127678425,1,0,1021.6661870656096,0
4324,19.63084159693755,1.0507009636636426,0,1,-3056.5822092122894,0
4325,23.40119583772263,1.448469704055654,1,0,1973.3519499486392,0
4326,108.54049259442948,1.090831232226033,0,1,-2500.199880478116,0
4327,48.93512955063997,0.9148954835853418,0,1,-2875.575337235032,0
4328,19.20320910534241,1.1694427480970102,0,1,-741.8575966784597,0
4329,5.415941902984428,0.9367626752049838,1,2,-3893.401604236463,0
4330,79.23089482735566,1.323505612841767,1,1,-1731.218785709445,0
4331,23.265682333590224,1.437092755013563,1,2,-2498.874126802849,0
4332,74.70430606326663,2.280480853273418,0,2,-2925.7513968811586,0
4333,132.7579348562893,1.4869051657447434,1,2,-128.34104006767166,0
4334,40.632099946150625,1.4538291720615657,1,2,-4914.282783404264,0
4335,47.55363981251777,1.6195982688048165,1,0,834.758261490132,0
4336,73.00104021876655,0.8098150135770977,0,0,-518.691357022803,0
4337,49.3898276325896,1.3641547995491536,0,0,566.4297196021047,0
4338,1.0221508121454752,1.0924870827185522,1,2,-7293.22211676955,0
4339,13.695807573893557,1.906394223249076,1,2,-3073.7024346884505,0
4340,3.5506291926760576,1.5779313943017013,1,2,-5019.940414696375,1
4341,48.4046774332063,0.9592199452204454,1,1,-5150.096020939585,0
4342,97.61203846236107,1.187551613317532,0,1,-7198.873202396004,0
4343,31.88769429656304,1.324885740372464,0,0,-594.5879775538424,0
4344,11.820255649448088,1.0028761137725353,1,4,-65.22837427023751,0
4345,32.428468547972976,2.704302831632729,0,3,-6192.853878806713,1
4346,19.859178352675837,1.3850279007372703,0,1,-205.64599387679573,0
4347,2.8368269974322367,1.1531017153107754,1,1,-3355.297074732425,0
4348,31.01522842463767,1.7983379588074853,1,0,-237.44434132168385,0
4349,118.89927025730545,1.7481900640699832,0,1,-1491.2183171759648,0
4350,33.39313872311552,1.7138797349412291,1,2,-3316.0097846273698,0
4351,26.715801319309215,1.0554902580013037,0,2,-4634.804541472609,0
4352,33.2107861424548,1.000813212420172,1,1,-2158.383569483085,0
4353,11.383584273642665,2.534609578423572,1,2,-4381.443527339352,1
4354,208.64222754068788,0.9035040784763103,0,1,-985.7198011192359,0
4355,21.729278857196785,1.2115738415793298,1,0,-256.2194877135771,0
4356,64.0705646344579,0.9974316462792853,0,1,-5788.116792085511,0
4357,0.6588210332614337,0.999345948146152,1,0,486.00561046503674,0
4358,28.446895859392924,2.387751418547867,1,2,-2376.317082664582,0
4359,24.84359373055739,0.91062714340941,0,2,-8132.387830409512,0
4360,54.69100059272779,1.7657746926279225,0,0,2882.528781885741,0
4361,23.941560729366348,2.380277473830218,0,3,-3591.228505986543,0
4362,30.617944033962637,1.5957640023836854,0,2,-3024.6387468811563,0
4363,55.10356183483258,0.9998110957771658,1,1,-8639.900600502091,0
4364,14.267497925473382,0.9076071575098824,0,0,4871.582457763965,0
4365,23.581322579854564,0.9027494851958314,1,0,4126.258886528918,0
4366,90.01717515457517,1.622822476119066,1,1,-4247.837986889412,0
4367,52.3535998521568,0.8029162364785971,0,0,3124.8054891623747,0
4368,21.460565400876256,1.1007611367070451,1,1,-1289.03203231627,0
4369,3.2031879064144793,2.770467743168208,1,2,-1854.539945964014,1
4370,11.153400174215289,0.9146402711918767,1,3,-3453.775035247206,0
4371,84.7255560847618,0.9991274254112373,0,0,5290.322839747643,0
4372,12.251153885210593,1.7858663093763347,0,3,-2985.630168997187,0
4373,75.70123914489588,1.6253359342171714,0,1,-3435.0576645060514,0
4374,25.42068061108876,1.5412770198243297,0,1,-2740.714968490347,0
4375,18.60263590590191,0.8301981769600609,1,2,-5259.203492209384,0
4376,10.463857779623524,1.6698793303018544,0,4,-756.2963981822495,0
4377,11.741697654774395,1.70884823098445,1,1,-3409.0889118688515,0
4378,42.25185331905544,1.4411271529125687,1,0,3638.1098330204914,0
4379,182.60538336601402,1.028232285495892,0,0,813.7417944143978,0
4380,8.76510247772419,1.5935359474506763,0,1,-6000.125729650389,0
4381,104.38237954361436,1.7786958644578954,1,0,973.6163844132884,0
4382,32.28294080197568,1.7178410173468222,0,1,-2319.8700622839665,0
4383,15.03099173215168,1.6507256216066986,1,1,-2266.1304624501186,0
4384,20.797187229481107,1.5938273380624386,1,0,69.76224792457197,0
4385,92.27657973106903,1.7067383471978208,1,3,-4749.279590964034,0
4386,16.195931415940397,2.227467712798565,0,3,-6626.391637083278,0
4387,13.271654804506666,0.8122563706321307,1,1,-5065.835375508439,0
4388,172.38172874405754,0.8194304233265357,0,0,6420.959168821714,0
4389,1.7080105047848675,1.6398515156995839,1,1,-2062.722427419578,0
4390,63.016342646120016,1.7969008805388422,1,0,-544.5245836285228,0
4391,77.97571411867791,1.6415220227191467,0,0,964.2295676675069,0
4392,33.86330833613019,1.6025498431896699,0,0,50.45198329512755,0
4393,44.26110356302054,1.741158884588332,0,0,5332.7623171088035,0
4394,21.081487801086553,3.3979398939001424,0,4,-890.3150395433697,0
4395,18.502562587661245,3.0698506111700183,1,4,-3003.8248650940714,1
4396,20.161498938954324,0.8835217267925923,0,0,471.73868931980564,0
4397,41.877833609433345,1.2896344457246884,1,0,6291.991958521135,0
4398,9.184887838292228,0.8575053707710824,0,1,-3621.0687853161653,0
4399,109.4839948685964,0.8894745023015032,0,1,-840.9985897106149,0
4400,51.787153415149945,1.5932928492514509,0,0,2031.8818599123342,0
4401,36.64517412499718,1.3763626307391448,0,1,-1881.8538022345938,0
4402,8.361175884453571,0.8026180111819807,0,2,-6465.260811158636,0
4403,101.46052963283718,1.166237469953759,0,0,1227.4311644509671,0
4404,6.983267690194427,1.532942421598119,1,2,-1757.8077267932383,0
4405,8.795479405893737,1.4113202816263541,1,1,-1474.8737423040745,0
4406,53.135818686096805,1.0738125837626766,0,0,2412.861925788259,0
4407,99.39831935001725,0.9973144065553499,1,1,-4031.2868850636805,0
4408,8.230938940925284,2.101112919602131,0,4,-3351.518270123986,0
4409,16.59721117470367,1.536320170363058,0,2,-3002.3657149439405,0
4410,6.718222173612119,0.8724309338938978,0,0,2083.931771718966,0
4411,160.41672583996314,0.8383926814726673,0,1,-4987.081228231631,0
4412,94.01814697437942,0.8279811073411488,1,1,-124.46073650472817,0
4413,126.44095828917213,1.0518554077881348,0,0,-427.10750787174834,0
4414,12.845057727446282,1.7513342232422908,0,0,-411.34491604489426,0
4415,117.09503157021186,1.2801533018369142,1,2,-492.1962131525779,0
4416,22.282408642307367,2.374841627905832,1,3,-173.7911298210006,1
4417,21.24939399624666,0.8212327396587278,0,1,-1124.7508224018602,0
4418,2.498536073576486,3.012273121940158,1,2,-2403.834175985632,1
4419,71.39820194102865,1.4859568466162418,1,0,355.59930821855573,0
4420,1.3539220053708134,1.4333043223548978,0,4,-3478.449156703834,0
4421,5.536053699017128,1.108087151278762,1,0,900.1461243608342,0
4422,122.9014276550614,2.238962144327638,1,4,-227.52949117990238,0
4423,14.207157067761313,0.8759973136239042,1,0,1013.0808139299347,0
4424,1.8037217585248018,1.017986099078224,1,1,-829.0288654769495,0
4425,15.650701388422586,0.997122858052407,0,1,-1718.6761007694888,0
4426,85.80585987152945,0.9929344854774139,1,0,516.1689361371948,0
4427,4.267849667531003,2.8161692410279944,0,3,-3941.1816128374026,1
4428,8.576790939668308,1.3170621041169102,0,1,-1439.516690106815,0
4429,34.71868612744621,1.027507337023379,1,1,-149.0315881356869,0
4430,11.679510943297721,1.6184982641630214,1,1,-1705.888519310212,0
4431,13.547542687154346,1.6265513998459573,1,3,-4491.039606581414,1
4432,179.91433443383258,1.5044942287133958,0,1,-1437.4852130160411,0
4433,37.318988482332706,2.38341898884926,0,3,-2283.0811485077957,0
4434,57.673695528341085,1.3666757029675058,1,0,-1065.4657720236896,0
4435,84.7737443475421,1.1778493333795828,1,0,5482.400239329976,0
4436,57.43353162090583,1.1444724664080748,0,0,2219.494637044736,0
4437,91.7094594270541,0.9146944986709529,1,0,337.8216448507069,0
4438,46.65962818700238,1.348101048607211,1,0,38.468709008062206,0
4439,4.659860917066337,1.1576524169732334,1,1,-1056.1970945702146,0
4440,206.46493871310062,1.5565000566051412,1,1,-815.0939986063249,0
4441,16.688805476113544,1.1135190818318597,0,2,-5356.947566286557,0
4442,11.007462483458596,1.9560870053214587,1,2,-1150.495381510079,0
4443,17.773688661249988,0.9760749465886184,1,0,1589.5533727552222,0
4444,38.16919058606284,1.7802434041764856,0,0,1744.8533877710197,0
4445,1.0417987482642588,1.6307012800368008,0,0,1294.0756241608294,0
4446,37.87014631761121,1.673063026285602,1,0,2249.2240146714043,0
4447,22.367264573493713,1.775075253783199,0,2,-1590.1439169440891,0
4448,117.04486862216079,1.576020687167704,0,0,3852.325764762581,0
4449,12.962115198152613,1.688561342994904,1,3,-2389.186134540754,1
4450,26.43544089982325,1.7307314194999175,1,2,-1359.5351126383246,0
4451,38.438103264583084,1.5867804436800526,0,0,2957.3024839073178,0
4452,2.7038198994715397,1.1618660639528589,0,3,-3601.163563277208,0
4453,22.109623582589187,0.8626500015158766,0,0,2229.2798640875385,0
4454,30.216031272155107,1.3748876792551892,0,0,4496.60329407578,0
4455,7.02337529155431,1.784831406703607,1,2,-2693.6290509616565,0
4456,48.46928682829005,3.082219334448423,1,2,-64.56933924682971,0
4457,10.457279322935705,0.9693776996761118,1,2,-1219.5261900411567,0
4458,61.860294834587116,1.2753500580655097,0,1,-3008.7509812816743,0
4459,5.811302787303013,1.581319901743599,1,3,-4673.860350702881,1
4460,2.1999620622074625,2.57532609694933,0,2,-6988.505683429693,0
4461,62.70379797212945,1.1875635213269295,1,1,-3613.4802461689183,0
4462,31.537464677293396,0.8146552205313181,0,1,-2057.497716733494,0
4463,101.70706429106298,1.123155040541953,1,1,-4447.203467958495,0
4464,4.869362232398079,0.877847251845648,0,2,-1169.4316450297588,0
4465,13.890078715991475,1.7369033047524012,1,0,72.9708026710955,0
4466,46.51879233379062,0.9160161199845788,1,0,-240.24626034212952,0
4467,54.24331437516084,0.9708833817274223,1,0,688.8671153159909,0
4468,102.55206229701966,1.7548974026122819,0,0,3518.06920295587,0
4469,4.544648470825529,2.9168076310771536,1,3,-1313.6869620974123,1
4470,28.664750284675577,0.9799031536891939,0,0,1445.297658694655,0
4471,1.850500894640804,1.0783181825639598,0,3,-7166.324621981604,0
4472,108.28802095112988,0.9900456314463726,1,1,-4595.743495258594,0
4473,86.34118814320934,1.3990208498514016,1,1,-3451.1541928863016,0
4474,73.51576782732539,1.1308966704844243,1,1,-9735.081339365443,0
4475,12.912558156133672,0.8212140165656157,1,0,97.44801783427442,0
4476,16.543066835438182,2.5339317962079067,0,2,-972.2513647883318,0
4477,5.6768279271931155,1.4060305147931673,0,1,-1594.722521923426,0
4478,35.978993008038195,1.2943152319774553,0,0,-181.00453998286434,0
4479,143.08267677098382,1.165287268553267,1,1,-3947.226253024932,0
4480,47.78924126056107,1.72689605691055,0,1,-2068.505803135821,0
4481,6.6958222111560035,1.6150373456632565,1,1,-2849.552380893847,0
4482,92.14153752986188,1.2223263151070947,1,1,-2147.164391945662,0
4483,236.24340236991844,1.4080682226888737,0,0,698.4542546066314,0
4484,103.80269023602,2.076565971710801,0,2,-2677.3148188431446,1
4485,36.101407669709864,1.480184758623618,1,3,-6967.580832685473,1
4486,0.7676536606243686,2.566426552931048,1,4,-550.475221333603,1
4487,85.67168697578023,1.4146495157368797,1,1,-2732.165283473357,0
4488,96.52031040132411,1.1979327463243679,0,0,1826.4329157197096,0
4489,5.280406519626389,3.2655198890828707,1,3,-2027.81004605218,1
4490,2.4364630765566098,1.3812981167511766,0,1,-6990.030878385204,0
4491,23.54632585270979,2.206628467643694,0,2,-3953.499283018641,0
4492,180.95525520505322,0.930967633961269,1,2,-2513.3007323713314,0
4493,91.59260599719927,2.0055402200498325,1,2,-2848.3492241010536,0
4494,8.707111426613167,3.112564307941261,0,2,-6018.168732481594,0
4495,24.34224753524038,0.8161867967791735,1,0,269.1094729003735,0
4496,47.73661114945813,0.9589333427181385,0,1,-1040.399238318036,0
4497,25.96610848377991,1.0935415298372817,0,1,-4029.129799737774,0
4498,3.79891804086403,1.0163699744364973,0,0,1697.4312723280277,0
4499,104.08692415849895,0.8994320681252316,0,1,-2149.0962507465683,1
4500,9.481506332649397,1.7810691591479966,0,0,-214.95959227546518,0
4501,8.740875650229018,2.3234428395904696,1,2,-1431.0314207108686,0
4502,106.66474505644446,1.9049748308063763,1,3,-2992.524661127708,0
4503,25.753339904545427,1.242186679893733,1,2,-484.2652375396283,0
4504,17.888390011092696,1.214672427439858,1,1,-3933.31600642968,0
4505,1.2157722603581413,3.005288622267904,1,2,-774.1034787250162,1
4506,25.2217520523145,1.5518018720730082,0,1,-4719.5492357856165,0
4507,23.46606576341561,1.5367782966854544,0,1,-498.2734473462119,0
4508,17.300630764364566,1.6231961956244363,1,1,-357.9402554447038,0
4509,5.05307847652481,1.676509852850853,0,0,3932.085862775163,0
4510,17.842255294441888,1.7011450556582286,1,2,-1791.3089902175843,0
4511,29.750149680487496,1.5788460616489273,1,1,-554.7259028129042,0
4512,41.28404503032505,1.4879356322807253,0,1,-5835.631103098186,0
4513,23.14722948858249,1.4867224693663652,1,0,1893.3322180142575,0
4514,77.035440923922,1.4981467424313606,0,4,-1567.9012737386647,0
4515,24.04453493557714,1.1831167066778923,1,0,4938.497357074979,0
4516,18.985872339362587,1.3678549156541129,1,1,-3095.4757803479333,0
4517,12.349069626169092,2.5250249319350493,1,3,-4455.645882250808,1
4518,23.821992000271184,1.4068953903656785,0,1,-2609.67631330055,0
4519,50.01977846206541,1.3932055064259763,0,0,1856.6833683295201,0
4520,83.43687544898114,1.4957864770302534,1,0,3734.732881702392,0
4521,8.682755293848436,1.1999164607355362,1,0,7240.668797009319,0
4522,62.669422856132925,1.5767819190541184,1,1,-5868.561427224224,0
4523,13.490237931200276,1.2388994108905307,0,0,-673.8446573432138,0
4524,39.629495580559556,1.7633155698335474,1,2,-4044.6625657804857,0
4525,14.690207106229181,2.0919497934563136,1,3,-6864.331093100999,1
4526,30.85827718734927,1.1196538810531915,0,0,-600.3641967161489,0
4527,36.7232596569017,1.4583219457284118,0,0,-1065.4458550979357,0
4528,70.86313437426651,1.6638448669655297,0,0,-254.474565287225,0
4529,7.1201331821675,1.2858481928214323,1,0,2294.2598241187106,0
4530,57.68425331329926,2.9019225714296475,0,4,-386.3789869924376,0
4531,17.577388895368493,1.9378301190271763,0,2,-436.0859757102562,0
4532,12.16238111950996,1.734835384575447,0,2,-261.8792487409978,1
4533,55.85954445945618,1.352759171087693,1,0,4019.7590575107342,0
4534,3.6676751520546254,1.6295682901234139,0,2,-5289.214796660721,0
4535,28.16102245730225,1.403342023644406,0,0,3858.1560666579553,0
4536,117.87580484808755,1.107097130480998,0,1,-3584.7366651387174,0
4537,22.085623817404162,0.8752306505065388,1,0,30.19638574720807,0
4538,99.32269945028467,1.1018634454510934,1,0,3305.9191451988618,0
4539,23.536713548337442,1.516587594687524,0,1,-1264.9631457067533,0
4540,1.433780886332578,1.1271460026264197,1,2,-2526.062204812977,0
4541,1.2508903542342962,1.1494939526143448,1,2,-3187.4836557594153,0
4542,52.56291323633575,0.968341990250047,1,2,-1964.0159533515307,0
4543,6.960288875021443,2.0886204261193075,1,3,-2026.0920255654778,1
4544,6.745722289925061,2.7347168184006847,1,4,-2918.615743843696,1
4545,63.758007232788884,3.3581624802199492,0,2,-1770.3595296266913,0
4546,102.64159745243187,1.2670683967423013,0,0,820.2428550289884,0
4547,33.40406446103257,1.1381592709465882,0,0,-916.1497964220234,0
4548,2.2096544915478775,0.9800694103120084,0,0,2230.510138003128,0
4549,65.19709918569141,0.9082311776838287,0,0,2026.0740052218716,0
4550,11.930483094791407,1.6150408639329947,1,1,-3797.895090924928,0
4551,11.656592891980592,0.8303890503306192,1,1,-9765.585015206103,0
4552,200.03888092986998,1.4498012168396925,0,0,1019.6715345803315,0
4553,19.09285647462898,1.344831955479192,0,0,154.37261570919077,0
4554,3.082442814273222,0.9997945753082297,1,1,-2792.303090472633,0
4555,137.16951136812034,1.0038254337947365,1,0,-2778.3659533626724,0
4556,37.06434761392284,0.971453160584019,0,0,2146.022429065726,0
4557,66.82012852486892,1.3245701759519295,1,1,-2078.8485852600124,0
4558,8.619766630269341,1.40208653879588,1,1,-8788.464975477276,0
4559,30.665603649095992,1.1220865953170769,1,0,3102.7833453543135,0
4560,16.12397546084304,1.7383035383809464,1,2,-3605.431847008269,0
4561,6.761912164640705,1.2437753487195078,0,2,-1541.0070348580916,0
4562,29.232028932450394,0.9296519574904556,1,1,-5708.8809977974925,0
4563,143.16420676937625,1.329617489270424,0,0,1887.6602904360825,0
4564,64.90233553900217,1.7105484826779487,1,3,-1482.3991546749126,0
4565,4.59732620046865,1.7805745010867386,0,0,368.9777358008173,0
4566,22.135897054590117,1.7678744141071334,1,0,2892.04898010261,0
4567,10.2545709220454,1.5519398706852292,1,0,6707.987544515404,0
4568,3.0715825459853923,1.447218283208888,0,3,-1373.5419704704257,0
4569,46.72323432231878,1.355245903616439,0,0,933.5357759498436,1
4570,82.19944807031273,1.721332767270469,0,0,-1639.7625500061672,0
4571,7.797930858324928,1.3341256609473542,0,0,3095.8505565692585,0
4572,30.810303140662164,1.6965905189072847,1,2,-4654.378202059113,0
4573,31.363834902619757,0.8855706914935539,1,0,-1136.4632307041534,0
4574,64.18686435186574,1.0532607366681388,1,4,-2530.493516361574,0
4575,98.24717125706162,1.0729513424504378,1,1,-1116.5021151218584,0
4576,18.32797071313071,0.870107076898689,1,0,2400.148904795714,0
4577,206.2142624595979,1.746539606681468,0,0,2964.6512394872116,0
4578,6.60350115008206,1.1022267310241953,1,1,-1519.4781186366354,0
4579,20.218137518531144,1.6530071305963279,1,1,-121.86226680834307,0
4580,6.205303626102152,2.8449368221978157,0,2,-5185.779987271143,0
4581,18.045158462996405,1.1569307625579008,0,0,-1006.0062794920209,0
4582,31.914542623195548,1.5779082384394243,1,0,489.91116603976707,0
4583,13.821293668658516,3.040014127924584,1,2,-3821.687556539984,1
4584,7.52932027183418,1.6128732375458128,0,1,-2475.9693152939094,0
4585,78.0304328298182,1.3485935884248588,1,1,-732.8402978090958,0
4586,11.710579524420604,1.7763374909368843,1,0,645.6666682101684,0
4587,3.2428405358628627,1.7660171702065544,1,1,-533.0105115291476,0
4588,7.482035607577718,1.6356558827193592,0,0,4473.736811382542,0
4589,17.39005810009871,3.3068792471895243,1,2,-2701.64955312856,1
4590,1.363561578995329,1.298428858911682,1,2,-752.5780055669716,0
4591,72.13599664946327,1.6641606675352283,0,3,-306.03598068040355,0
4592,12.224050514529887,1.7413018201805635,1,2,-2404.881407503273,0
4593,7.149730411485142,0.8046283446653687,0,0,4378.696924477284,1
4594,45.58638993330854,1.3942663928725771,1,1,-4316.015466922923,0
4595,19.874135214427646,1.419874035919501,0,0,2091.5769705450525,0
4596,31.9218573552721,1.0143391113833395,0,0,2077.04950310761,0
4597,38.72939888917029,0.8884259922515668,1,2,-3477.625867653657,1
4598,39.274819388798235,1.2551558413797204,0,0,5270.645610280425,0
4599,20.019280000172344,1.1991985935753666,1,0,680.015839947188,0
4600,96.96833517631497,1.6955029172157836,1,1,-1868.9379406119479,0
4601,34.462142781634,1.3658477853554052,1,1,-1822.299243568928,0
4602,8.552485543941645,0.9656278783551687,0,0,2979.44147852069,0
4603,20.61214467438678,1.7400284195459848,0,2,-1148.951074003118,0
4604,40.46498955682422,2.2797857480561103,0,3,-547.4316598458745,0
4605,79.73395166762512,1.3531747116606516,1,0,891.2605151795923,0
4606,34.629404186724706,1.049889565128527,0,1,-4391.050070266872,0
4607,5.820602469467191,0.81013346134063,1,4,-145.88796941699593,0
4608,6.683707341115026,1.3000226531433956,1,0,2957.244546533986,0
4609,23.7992701734943,1.3916974997012352,0,1,-268.93170186581256,0
4610,13.290057142383136,1.6266155348271432,1,4,-3390.878473688227,1
4611,80.11360476746243,1.1535831539202026,0,0,2484.897901774111,0
4612,67.00621151398535,1.104762670663511,0,1,-3166.341790871485,0
4613,68.23913027288965,1.3870050212267602,1,1,-1236.8393941342965,0
4614,11.905772349365192,1.2526696374293258,0,0,2378.9003829667795,0
4615,30.12720287187919,0.9221198966437255,1,2,-3294.6601542173503,0
4616,31.168169022518075,3.4405003976663044,0,3,-2920.356088850078,0
4617,5.372569073762078,1.776956976019675,1,2,-3824.37309693938,0
4618,7.018219374005793,3.1682058439303615,1,2,-1126.8855952215,1
4619,9.109624338108583,2.446385029752065,0,4,-6697.997214532738,1
4620,0.5284332437233549,1.4705513740968725,1,0,-145.98016108194088,0
4621,2.6641220540354915,0.8759213102065164,1,0,514.051033896589,0
4622,92.92672038946596,1.3627531649052655,0,1,-4235.232413508952,0
4623,30.03314793895836,1.6341737688472562,1,1,-980.2305721801588,0
4624,73.3575719095699,1.6032289385135066,0,0,6327.323074491897,0
4625,132.53935706879213,0.9604343711302501,0,1,-3472.783728888905,0
4626,117.78415858558446,1.7796493541327776,1,0,3132.5342562159476,0
4627,13.125084570970886,1.6311666893108,0,2,-3298.4595861459356,0
4628,3.717005319450702,0.8326069298455063,1,1,-1210.476263920063,0
4629,69.25366019986183,1.6048176970806272,1,2,-4522.299554765938,0
4630,19.818424038365208,1.1718616744988235,1,1,-2345.078855314644,0
4631,106.23261382832361,1.527487545103557,0,0,415.00912807212217,0
4632,79.15407962482539,1.0891036980268907,1,0,1013.6994825973172,0
4633,40.24796651142875,1.8836079238599386,1,2,-846.9859033508853,0
4634,12.394251485155133,1.1866794670095782,1,3,-2346.45596083086,0
4635,14.685721055291348,0.9066089285478421,0,0,2885.532924397878,0
4636,86.08327671605936,1.2623546389824538,0,1,-6221.797322782195,0
4637,25.720696285240923,0.8751102436041404,0,0,2105.0764651425243,0
4638,56.57691335411934,1.1302303900807278,0,4,-207.77707446437444,0
4639,114.45515336588346,1.1738511305970363,1,1,-184.87709212745494,0
4640,27.325435180370516,0.9330795904410818,1,0,4107.262308927517,0
4641,5.932616972700055,1.5231442009174307,1,1,-2992.7525904158533,0
4642,110.57576864816167,1.6621207368046536,1,1,-1964.4495135743555,0
4643,7.355820245918392,2.8594479136314086,1,4,-2117.7269991669973,1
4644,42.86182320637346,1.5741766559549544,0,0,4355.159757671692,0
4645,9.9895833698811,1.3169816440657764,1,4,-684.6251595583367,0
4646,9.044465089939555,1.0057187129753136,1,2,-720.1470021357679,0
4647,27.162709351222112,1.162772656553901,1,1,-3171.6810561945504,0
4648,62.8255186547417,1.0680394526600363,1,0,4925.994714534676,0
4649,56.48670240399936,1.6628753797464695,1,0,5209.191627499116,0
4650,0.9608405227484739,2.157243105837998,0,2,-2438.6866106465836,0
4651,0.06443672940775119,1.3963088292157355,0,0,1000.4163741374035,0
4652,117.01266779446142,0.8327649576347617,1,1,-3836.754144698464,0
4653,83.70047428978667,1.2369714437217043,0,1,-3015.9642648125046,0
4654,11.676668960526788,1.2464498879610393,1,0,194.4664290052417,0
4655,46.874374154910235,1.037096497751694,1,0,3250.681412564538,0
4656,39.519289380292555,1.3597279603346926,0,0,-575.9761311802508,0
4657,63.459415263222255,1.6509684066568078,0,0,2794.381709268414,0
4658,236.72653591475327,1.7680225490080206,1,1,-4832.677468263222,0
4659,91.70490338984983,0.8920017233620433,1,1,-6056.25166239658,0
4660,39.270505894213564,1.6057104997114553,1,4,-764.0559404452583,0
4661,19.429266986808358,1.71809351618539,1,1,-184.62765333867083,0
4662,28.531688920910014,1.2680052537983029,0,0,934.8062473404797,0
4663,44.18524502169455,1.7991836444287777,0,2,-3055.3570375851477,0
4664,21.757775353925357,1.349444581162194,1,0,280.4588061024183,0
4665,265.63775552675025,1.0048510169279636,0,2,-1016.5451033890868,0
4666,12.294789748956083,2.470705027535976,1,3,-3179.098383115166,1
4667,28.924232770741575,1.715549946703373,1,0,-83.59153553734382,0
4668,41.257985306711454,1.79838772114226,0,0,-688.4237304682483,0
4669,10.03734495811239,3.409613617156659,1,3,-4961.698418140082,1
4670,27.85982251278398,1.020616910353965,0,0,1736.8316709353126,0
4671,9.733288748983556,1.3957906741107595,0,1,-2654.2403935534176,0
4672,45.032905400665406,1.152722048764792,0,0,3777.3332904233857,0
4673,18.73187819504077,1.9580965136478115,1,3,-2627.974607786694,1
4674,17.885379702040957,2.353008412011559,0,2,-500.37499575568586,0
4675,69.97067951593729,1.0525704862245466,1,1,-2399.9448206937604,0
4676,100.99696679497984,0.8981768211839439,1,1,-6774.041566324418,0
4677,13.748040126740202,2.9778072580002393,1,3,-5249.579185367933,1
4678,37.578331197244765,3.3895457030997385,1,2,-1404.237654704775,0
4679,32.80840309445473,0.9854790159391242,1,1,-396.64320905157274,0
4680,17.90767432879444,0.9612485622181366,0,1,-4285.856371362098,0
4681,12.858775010121947,3.0706174163670816,0,3,-4617.140650952671,1
4682,7.358599251187646,2.703630376014047,0,4,-1464.2838802173924,0
4683,25.96011321313877,2.4988528450805787,1,3,-3541.1674485342883,1
4684,1.6117919791988955,2.004771981236234,1,2,-3088.535527519314,0
4685,15.494167013215826,1.1450423909503065,1,2,-2115.860270752837,0
4686,94.88431047600163,1.0327598638414137,0,1,-658.174230979449,0
4687,91.6897047957187,1.3027628046625548,0,0,2438.449404874325,0
4688,0.08053894774576115,2.5013368574158905,1,3,-265.8516952925056,1
4689,4.233699808291418,1.1363653363275317,1,0,-93.38802663056867,0
4690,85.74553154068218,1.3842359529269195,0,0,2700.033901626798,0
4691,93.65966349192107,1.573480453531813,1,2,-6577.036396366283,0
4692,42.47887189377643,1.3915880818002466,0,0,706.1731934501033,0
4693,54.05223477321501,1.2259551295350164,0,0,-1383.3639559237845,0
4694,20.712088814632722,1.0468225047024988,0,1,-2625.062641604272,1
4695,101.21732380827291,0.9514465267678961,1,0,924.9245495741912,0
4696,13.103191063281649,1.2095851855821829,0,2,-1826.0064483991928,0
4697,60.86016030643662,1.5371335611102825,1,0,97.80438891492054,0
4698,80.56446557226371,2.4378645559880256,1,3,-4333.443904604113,1
4699,47.06920006716806,0.9784647301687678,0,0,1467.6848704382792,0
4700,32.340811154353666,1.336183604364678,1,0,-442.0260926101182,0
4701,68.5846159518146,1.6724569445393924,1,0,3257.4886334449016,0
4702,55.01436407519089,1.6947470391133863,1,0,1916.891767894363,0
4703,10.003753048654398,1.0847307949435707,0,1,-1987.8997420867217,0
4704,38.972489792707094,2.3018553051874795,0,3,-870.0777175909511,0
4705,0.4488779880704059,1.1871617344009282,1,0,1187.3880465337018,0
4706,147.45771191494185,1.699141120904157,1,0,1452.2310744805213,0
4707,124.47393291937539,1.413753220317694,1,1,-1491.6249922132706,0
4708,26.972211175950722,1.3669183851586801,0,0,845.4022597502433,0
4709,22.500702016758158,1.187953864898996,0,0,-1935.6009738284874,1
4710,1.2994898124362653,1.4175092836913286,1,1,-2826.5673238763243,0
4711,1.595498646889334,1.600209743915087,1,3,-190.4847102286626,0
4712,72.70648168885211,1.069854882501548,1,0,2603.031347037735,0
4713,17.360199231532178,1.3358603318472362,0,2,-6101.263180432605,0
4714,17.58176955379538,2.1159822178204104,1,2,-4092.187936508854,1
4715,22.535106760796598,1.421969374274029,1,0,1230.2953960047873,0
4716,30.28850021243541,0.8896503814504876,1,1,-2824.869748194882,0
4717,144.57059987568002,1.060412280727971,0,0,-1994.8717666441012,0
4718,82.14548928806539,0.9407495449968151,0,0,772.799666416388,0
4719,76.47047400712394,1.2604811836724763,0,0,-1594.1273467480673,0
4720,28.555766195198846,1.8273664084213894,1,2,-2031.1741518872734,0
4721,73.53910522406505,0.8118052431933097,1,0,4066.52742768006,0
4722,90.42932222204033,1.0669867935710937,0,0,2703.555665358447,0
4723,14.657109917506867,1.615639651568963,1,1,-3012.5116729467677,0
4724,3.945457813274451,2.4233103027086162,1,3,-3220.9412060405475,1
4725,78.23607991358034,0.8931483119731546,1,1,-793.7365194351,0
4726,64.14387863846255,1.7281478736553169,1,1,-325.7895736437099,0
4727,20.321809955313558,1.626449911862929,0,0,136.04650615659648,0
4728,36.079366656477546,1.511522663707363,1,2,-3814.8116360113145,0
4729,6.326264768502532,1.2617133316602656,0,0,1354.537330448267,0
4730,30.624798277407443,1.1489645264308108,0,0,1083.5218628567445,0
4731,29.79782178488348,2.2439561929464276,0,2,-2997.9545303702107,0
4732,30.75720633911223,3.372879459364133,0,2,-5599.7559661610485,0
4733,21.177980153747047,1.62749252530053,1,2,-6543.809563086363,0
4734,5.990542236867482,0.8541406328310461,1,0,329.252366702417,0
4735,11.065167975773278,1.3625537558818963,1,0,3269.995771125342,0
4736,19.620640477530422,1.4125230694031656,1,0,2113.724997078866,0
4737,24.556673848981443,1.6542265499540514,0,0,-1232.7321892791524,0
4738,43.5167896245001,0.8979767992780111,1,0,542.4565077526638,0
4739,92.6891159624448,0.8824396035785205,0,0,2617.9299945743414,0
4740,10.618112276751694,1.5709321478530116,1,0,2053.998559253655,0
4741,264.38407140531075,2.956787024459471,1,2,-1787.0038044024072,0
4742,58.56093391078667,1.3481082759063783,1,1,-3708.3074892677123,1
4743,34.67051828211547,1.09580205601004,1,2,-5282.58665802153,0
4744,0.9422906262098213,1.6210542787234088,1,0,1245.291457014523,0
4745,5.9630559371590754,1.756075070074862,1,2,-417.0005176061554,0
4746,105.25776676618268,2.6429246563743076,0,2,-6030.700349655608,0
4747,4.958086369949412,0.9054219732553552,1,3,-7640.6167785469415,1
4748,2.243582622684665,1.7733453366346554,1,0,-1545.8554067297173,0
4749,25.37405864556771,1.2468130187080053,1,0,-579.329623794742,0
4750,18.013997513074784,1.7758368124446915,0,2,-326.8397321927905,0
4751,21.704611253674102,1.0376457006617619,1,0,559.0320460816245,0
4752,100.26107059011773,0.9083110956688286,1,0,-1014.7504337519049,0
4753,5.803320875003623,2.066957212328322,1,2,-4904.847503033923,1
4754,0.9856699918747747,2.7818943913430108,1,2,-4773.321015027645,1
4755,81.6674764102826,1.2834681343976426,0,0,2238.424819812165,0
4756,20.190285069412706,1.1650695371276654,0,0,3982.587839766784,0
4757,70.19266770425034,1.780770469060068,0,0,-2477.591473957496,0
4758,53.00401209365788,1.7317846839636988,1,2,-4788.901175208926,0
4759,153.53267701209882,1.2222918645002177,0,0,2448.7979990196063,0
4760,19.329744895385545,1.2029938068846577,0,2,-4545.752426902851,0
4761,46.80193524694334,1.1617562767191725,1,0,-1687.897276117093,0
4762,14.090774806133352,1.6039444964555787,0,1,-4669.804835309623,0
4763,9.313745164607031,1.0059182524346597,1,2,-3629.999111083429,0
4764,2.6347291645424136,3.420951159765835,0,3,-4158.724576638777,1
4765,63.66565911168352,1.2131731583213483,0,0,-516.4973717101011,0
4766,46.45471603294854,1.7245954844398717,1,2,-6456.601248829219,0
4767,31.611502126276672,1.6258108592446896,1,2,-6615.2742345732195,0
4768,5.176360599185143,2.7796636194382582,1,2,-3014.7697666626896,1
4769,12.612180692926076,2.157704500958382,1,2,-3706.0598565536166,1
4770,20.008083914417956,1.2849287089495562,0,0,1057.3785335185357,0
4771,7.160111948665302,1.2740839075603267,1,1,-348.3336307963973,0
4772,57.355497640783895,1.1845395707364703,1,1,-3763.84392877403,0
4773,68.98218882715332,1.7440954642432946,1,0,4889.399550235539,0
4774,36.832880420331804,3.2360555392718187,1,2,-1502.866690753945,0
4775,14.043398445611071,1.1823850432988436,0,3,-1739.2839747103608,0
4776,158.97256127770737,1.0022384001288844,1,1,-1756.504900648656,0
4777,4.572345975801413,2.6346717561441406,0,2,-6157.852764812625,0
4778,18.749621012491748,0.8522054930626908,0,1,-1900.1621895120452,0
4779,5.729323535854034,3.1368015804361393,0,2,-6682.105765190747,0
4780,1.4454039156451424,1.273490576525769,0,4,-2421.4479789762568,0
4781,128.9555007943921,0.9468552131363727,1,0,1528.0675284889383,0
4782,52.09190626440572,1.4259173170911046,1,1,-5135.072770432955,0
4783,38.306552814419184,0.9840970265285489,1,0,5622.852108452753,0
4784,64.66868120364126,1.1771690463441593,1,0,1204.1368585747973,0
4785,61.61134295036174,1.4532021067184795,1,0,6363.4566007288995,0
4786,29.9364183729785,1.0827799475142925,0,0,4383.796396752559,0
4787,9.801312433698834,1.1738455358356896,1,0,1837.1955256230133,0
4788,13.272428029322384,2.2327629544951875,1,4,-2937.0968352032337,1
4789,106.006198653842,0.8557020339667263,0,0,477.3940258732637,0
4790,7.270013408232241,0.8436416982531972,1,0,2337.8898470177946,0
4791,21.208582717703468,1.602444208656851,1,1,-1746.3260228951003,0
4792,19.10365831405381,3.2500888907527736,1,3,-2240.50560874655,1
4793,112.9980713764866,0.8887756405236245,1,0,-5825.640627918426,0
4794,9.895049813264091,2.1836039004599312,1,2,-757.5578957701432,0
4795,13.526691310292543,1.4322987790729158,1,1,-3668.8170054435977,0
4796,50.37050761703304,1.3984219351418805,0,0,2218.8753805312244,0
4797,13.965192469234044,2.9527885080006486,1,2,-4486.80370004466,1
4798,57.89591874726412,1.468619515575965,0,0,477.58296465021783,0
4799,14.404901064902466,0.9277731913783225,1,2,-7090.066926755608,0
4800,43.025346658344546,1.5882188380958104,1,1,-542.6724420120515,0
4801,41.40567733774518,0.9088750342964875,0,0,849.2587999441146,0
4802,49.55054018827298,1.7997090776255993,1,0,-547.0466556838733,0
4803,8.838677432525726,1.258447436092063,1,0,-3256.053394298314,0
4804,28.981071154617023,1.4315704028615797,1,1,-5210.663627743401,0
4805,126.1766120035349,1.1433148679906955,0,1,-5205.400572197864,0
4806,5.9478543451266255,1.4142927109527863,1,2,-6265.304652698757,0
4807,54.078261766903054,0.8484394974533498,0,0,2728.1653346252156,0
4808,18.55165879812983,1.6760286070311627,0,2,-384.68635112362017,0
4809,23.664332625611443,1.7307112222523688,1,1,-5264.982976937158,0
4810,16.916645689211688,1.2012874810541798,0,0,3310.924271633593,0
4811,7.228266418645809,1.5022282415989054,1,2,-2566.842269427092,0
4812,1.0529016483077942,1.3393773036022367,1,0,94.9299852886088,0
4813,7.057180023058093,1.0446533956129715,1,4,-4817.471761931492,1
4814,93.41719789836894,1.2578209408194054,0,0,-226.17044607384514,0
4815,34.815365403110725,0.8211399320144457,0,1,-4118.408748349266,0
4816,0.8634914327368194,1.4172015484005445,0,0,3358.454175979995,0
4817,43.858304490536156,1.3695902758634655,0,0,941.7272226827475,1
4818,11.41125162470548,1.0294555087717596,0,0,345.8857810712352,0
4819,39.50263641132779,1.06091840976418,0,3,-6037.444512614104,0
4820,3.9864219433250025,1.7534538952261274,1,0,927.6433326445384,0
4821,32.76346484553985,1.002517309693631,1,2,-1130.1448238726466,0
4822,4.492087993361365,1.2522259924878034,0,1,-244.28389254133526,0
4823,15.229654946936567,3.2325011691703605,1,2,-4825.547167492026,1
4824,106.69166813878887,1.7766138820974033,0,1,-2108.263867599046,0
4825,34.96079607680924,2.4878356655094604,1,4,-1921.785761792597,1
4826,18.469495901756535,0.9015284901670433,1,0,1731.9207858662294,0
4827,2.0010467562690257,0.9883243700213292,1,1,-4322.994710414925,0
4828,6.6224819130265695,1.3748827639989918,0,0,1202.6683463983202,0
4829,19.35022202738698,2.2017626832683566,0,3,-2810.412207122019,0
4830,22.035758965131542,1.3605260407354545,0,1,-6448.531531619061,0
4831,68.93059217922985,0.8609106468529452,1,0,2811.021025165044,0
4832,3.7165435156598092,0.9674450433676117,0,1,-4443.8931707633365,0
4833,76.43925332213377,1.7392976597340435,0,1,-3640.446073632653,0
4834,2.2368696269358477,1.1002064737163957,1,2,-2757.2805437929856,1
4835,33.5528541135908,1.7071444855938525,0,0,2119.8290255490915,0
4836,9.604248491132914,1.1983506715680674,0,2,-2282.7472521689765,0
4837,61.197294291038126,0.9009430651305695,0,0,2720.7980409279144,0
4838,2.0124289650682865,2.06370652952318,1,3,-5967.738036977809,1
4839,0.18855506270748312,1.7402781769898716,1,2,-1723.4767800242762,0
4840,11.558045271041927,1.7479908506243458,0,3,-3962.375658161138,0
4841,1.09972749953154,1.3037292489281596,1,3,-4189.794955749512,1
4842,5.79165100793454,2.525178600661764,0,3,-1361.1789678063317,0
4843,77.90037566816531,1.4161570865157533,1,3,-1488.1221824884078,0
4844,24.933965522681504,1.6372297588011069,0,2,-368.7175703958319,0
4845,50.8488573221221,1.6935469366723144,0,0,408.2771816339707,0
4846,59.05645997786575,1.2172613002601038,0,0,6999.472262664439,0
4847,26.181791009909595,1.1239855124484592,1,1,-6945.225397152284,0
4848,16.470081750059983,3.0574654616608585,1,3,-6179.758597879532,1
4849,53.33114172297243,3.1818983002478545,1,2,-428.0048195265449,0
4850,5.711598469555813,1.7417143330979898,1,2,-13.63784454214101,0
4851,20.053811901074617,1.2814562253195052,0,2,-2810.993577606811,0
4852,48.542101060234224,1.250237419814157,0,0,2373.3745613331125,0
4853,96.76200329581405,0.9527397114495353,1,0,-237.51483207536717,0
4854,81.51341634618903,1.6593391999386864,0,0,3200.1225179951975,0
4855,21.390072138081283,1.3398053041649085,0,0,-2427.560557896084,0
4856,52.63433453680149,1.596496590474873,0,2,-2352.5030614610337,0
4857,66.48401590266482,1.4339668999331097,0,0,150.6177635222905,0
4858,91.61363180500413,0.8115774905765475,0,0,-396.95819449214036,0
4859,28.167174255997494,0.9444471450548535,1,0,-224.789104396614,0
4860,11.035659586709023,1.8957907695112748,1,2,-1855.2753949113844,0
4861,79.2091513467093,2.4144773456714406,1,2,-7130.682390443118,0
4862,6.547476298307581,1.3746738914450143,1,0,-1828.5460177317623,0
4863,53.170379011679984,1.7056446675650934,0,0,706.4442875675318,0
4864,40.68487901160829,1.6117013798850295,1,3,-3706.2065946885587,1
4865,31.299816247355754,1.2872317243074933,0,0,-1050.042569342479,0
4866,44.18017328256688,1.4333796436418371,1,2,-6904.632327921561,0
4867,46.89404439814421,0.8595868482566427,1,0,1267.5170843939654,0
4868,138.11961565232792,1.2469054658482621,1,2,-4948.286671407617,0
4869,37.25923729232218,1.2953646188617007,0,1,-4878.991389435192,0
4870,31.975697658600026,1.7824279784474917,0,0,110.00254779102374,0
4871,32.94291254333872,1.7607519625816062,1,2,-6982.906319034756,0
4872,37.41760896265325,1.6598236124163313,1,3,-27.587111742764137,0
4873,21.45246772599811,3.072013889875012,1,2,-2121.6255653616736,1
4874,39.858759523080145,1.3310484873009432,1,1,-5528.952621559454,0
4875,49.17134356548103,1.2804383608866412,0,3,-573.516944977252,0
4876,140.34823314704315,1.0984909252057176,1,4,-6974.82948480389,0
4877,17.974119868175876,2.1203760582100584,0,4,-1415.6804671403463,0
4878,24.211821331166618,1.508294823453799,1,3,-2653.2942759164916,0
4879,8.944434712036315,2.0595376550302937,0,3,-1725.4239186769491,0
4880,9.005034028267374,1.3272794700570918,1,0,1693.1322608951434,0
4881,42.21490400747769,1.609686388200053,1,1,-3062.94487680832,0
4882,75.0545840201691,1.0810316188594784,1,0,2638.9557608215,0
4883,29.964203839001378,0.8414943092365914,1,1,-4651.819611489014,0
4884,102.77986525656134,1.6891962779688938,1,0,-1034.6824691625284,0
4885,64.88948997123688,1.4801344132099175,0,0,-442.342642834207,0
4886,37.27360702870144,1.5734304745390673,0,0,1014.9240296672531,0
4887,8.316728522205622,2.2587326110783343,1,2,-191.2538705113202,0
4888,39.23411187783231,2.0218265974428085,1,3,-1184.8424167450412,0
4889,213.83526202362097,1.6656028121461846,1,1,-994.5609260988567,0
4890,21.490646307021354,3.4978026022414683,0,2,-3196.5258319577915,0
4891,180.3289895310894,0.8979019881662108,1,3,-618.0057252232168,0
4892,57.22335828629227,1.2385629995804637,1,0,1195.550290673763,0
4893,44.36569943868583,1.2751293207912835,0,0,-1726.1793060592245,1
4894,10.569881810651866,1.968421196113496,1,3,-422.78614082200465,0
4895,77.73635217157732,1.309962463226972,0,0,-1018.7535555280124,0
4896,29.13913270847229,1.1303963557179593,0,1,-1617.579676073583,0
4897,132.42276159926905,1.01216759496704,1,0,2790.7077292267304,0
4898,44.80403770021994,1.0579430659633833,0,2,-2991.184262651168,0
4899,27.116919614160068,1.3283489225577048,1,2,-1911.1977145465082,1
4900,66.90561808601875,3.465867269076213,1,2,-2723.4593237930576,0
4901,24.52580089876871,1.4900665906840815,1,0,3253.851292264554,0
4902,55.52268815203172,1.7117659335171629,0,4,-1713.475357408806,0
4903,2.635503115682708,0.9090687890162104,1,1,-6997.090185428792,0
4904,33.834571633797886,1.0047242768750309,1,2,-2823.528168853599,0
4905,43.901903711117484,0.8901115166643817,0,0,-1049.9245920267172,0
4906,43.94071164088958,1.73343588763546,0,0,3678.5914930541558,0
4907,183.36399476092453,1.341198265882067,0,1,-6355.217494264187,0
4908,81.45998690721909,0.8986379332463086,1,0,-1814.1257501553373,0
4909,101.24767346947188,1.0923655058732757,1,1,-2375.4236977584164,0
4910,45.56870380901611,0.8320604216952495,0,0,-1919.1545072554222,0
4911,16.477057173101517,1.411021659010488,0,0,776.1007779462313,0
4912,134.0141025826637,0.8167672730147317,0,0,4990.61414481809,0
4913,11.65445690375492,0.9363693211954591,1,2,-2094.3355275225126,0
4914,6.628471934408267,1.1881086245033325,0,0,275.3978601881968,0
4915,3.5443392563257876,1.012410180934104,0,1,-2980.7481311400197,0
4916,79.54949190553252,1.0297579082436286,1,1,-2460.43941344763,0
4917,7.1127503864883135,1.7565281674239877,1,0,-2.7671375104960134,0
4918,78.47423000608686,0.90629865516945,0,0,2535.1677748814627,0
4919,1.9017796603044328,1.0294175885793195,1,3,-168.91419227781944,0
4920,1.1706281288111364,1.224029150535967,1,0,3265.242546732297,0
4921,15.302246954002845,3.231800663166613,1,2,-3140.047977393152,1
4922,92.5542550086593,1.6709777711857186,0,0,3557.281069943568,0
4923,59.904247038177004,0.9641225841306651,0,3,-74.06839833911044,0
4924,84.9568889245343,0.9350720014868474,1,2,-3246.2407180257105,0
4925,37.60119942587969,1.4298689016779014,0,0,2003.2757760371956,0
4926,22.010423495813043,1.1882860098881807,0,1,-2849.9844853923514,0
4927,74.62295832477957,1.3527846009265634,1,2,-3950.8881423788184,0
4928,17.654277622887037,1.2553930737975154,0,3,-5027.139292748538,0
4929,28.531832454043993,1.355133699243251,0,1,-727.9538936749693,0
4930,42.666565128379126,1.5558049359713026,1,0,3995.8218005534836,0
4931,91.20984019850262,0.9146053879639072,0,1,-552.8679759441773,0
4932,43.61830077655622,1.271243887764708,1,1,-2838.9669787636994,0
4933,10.364904149034151,3.292902619196121,0,2,-588.4191373827748,0
4934,2.5070298486628597,1.6312369927054715,1,0,4205.75502291405,0
4935,6.435710701570219,0.9329817956617391,1,0,602.745356466338,0
4936,31.269314702121854,1.4822305511720741,1,1,-4785.882069860481,0
4937,32.81032305909335,1.1244618907765265,1,0,-282.8805672437479,0
4938,42.18380494529349,1.487709453688236,0,0,4780.261712447016,1
4939,19.347007757510934,1.632051223900048,1,2,-5286.571711782548,0
4940,15.399340757097468,2.63601190139049,1,2,-6908.771451339043,1
4941,21.883984248290545,2.8537255031009283,1,2,-741.5712984247407,0
4942,24.643415158848967,1.0055431588689667,1,0,-666.3604404841903,0
4943,11.647151347187895,1.220932049751367,1,1,-358.1552709548723,0
4944,7.041291808460853,1.2853524391184203,1,0,850.7440814624695,0
4945,8.12845443261593,1.3529270340624961,1,1,-2090.9394590954603,0
4946,46.92422924376485,1.6845920574426732,1,0,-982.4122242614867,0
4947,135.23483667640522,1.5879299601422239,1,2,-2126.962261488509,0
4948,28.946249559642602,2.66484464090703,1,4,-1129.8538465257157,1
4949,27.56271699030899,1.0529216352803639,1,1,-1961.3353825158633,0
4950,56.13813790906684,0.8691280855759836,0,1,-4076.321428686517,0
4951,84.29741711482549,1.1316085694868647,0,0,2894.886069695037,0
4952,48.841837892433816,1.8405961339597983,1,3,-5472.631280780157,1
4953,26.283046572664965,1.0727992008794223,1,0,-693.43762124554,0
4954,55.07229489434475,1.7351130384509221,1,0,3488.706689451646,0
4955,59.41909424244346,1.1936355633447282,1,0,-512.8167357028972,0
4956,9.469890792089286,1.2482869520645794,1,0,3616.9397576107835,0
4957,84.60792784440491,1.5381624199424382,0,0,753.9184848273749,0
4958,9.145450977012361,1.5402794806941067,0,3,-5556.376508898857,0
4959,20.686428649180417,0.9371902510401238,1,1,-2418.2704222700468,0
4960,42.68437979215868,2.3580364133671416,0,3,-2260.7885482439083,0
4961,4.388725066454229,1.025105403748035,0,1,-5427.1043060593865,0
4962,2.35806073279062,2.3891760587391957,1,2,-912.8817907701891,0
4963,8.49316428914062,0.9947030713249968,0,0,7746.98025954484,0
4964,27.7876554998973,0.8593048282552401,0,1,-3969.9266336568926,0
4965,93.95169585208102,1.749317661565331,1,0,-1503.7615587013602,0
4966,113.36733249128616,1.7585350153262185,1,1,-3886.178837651577,0
4967,67.16699243762572,1.7038474403205863,0,0,922.7746833076004,0
4968,38.58620995247493,1.7663082935894203,1,1,-4592.183254254778,0
4969,29.042951897412532,1.5247074640894691,0,0,5045.390666962563,0
4970,47.51771879580942,1.5728262072035832,0,0,1796.1448884168617,0
4971,16.459534863067518,1.1960757999878822,0,1,-3190.0419158440995,0
4972,40.724070991029194,1.138818357263288,1,1,-499.3268995242902,0
4973,57.514101214931614,0.800818952324553,0,1,-2259.8117226444792,0
4974,11.271341567668662,1.6237107529587713,0,1,-2372.741631377905,0
4975,22.07464215413443,1.6956206021518572,1,2,-2185.7515713709727,0
4976,32.39943848237186,0.9790325777433876,1,0,-838.9715912615075,0
4977,5.863997361282232,1.218764150931436,0,3,-1414.4089133194925,0
4978,1.3056241088270015,2.5554938485949505,1,3,-3785.2458284655163,1
4979,113.08916089859893,2.64897408389328,1,3,-7144.90637317642,1
4980,135.275996182803,1.4719615313533487,1,0,-3684.9805690947533,0
4981,15.504384869471256,1.5171730065598092,1,1,-3854.759746728142,0
4982,35.02641405318381,1.4987060701603694,1,1,-5199.418146016482,0
4983,4.623901277805953,0.9729998900911951,1,2,-8629.292621911183,0
4984,16.954065872380113,1.2032005278460307,0,0,3014.556669218133,0
4985,21.34520102637216,1.5372275002143732,1,2,-3928.563935586976,0
4986,69.44837587069375,1.374783287078416,0,0,-3245.8443038017076,0
4987,38.87176041864133,2.1509448598401977,0,2,-863.5961774477814,0
4988,1.621499538198189,1.7735903008241634,1,0,-139.3833055706707,0
4989,30.250351058036046,0.991004800007777,0,0,2006.896734335469,0
4990,102.4011473797482,1.1712621501861356,1,1,-1008.7066940967859,0
4991,22.5066487783854,1.5820770773170305,1,0,3381.4898544636253,0
4992,14.261770343710122,1.3343633831264463,0,1,-3737.5893200181968,0
4993,196.29313490533386,0.8594314492821493,1,1,-1187.3393158684241,0
4994,15.75304482094432,1.8004012285682567,1,2,-2022.7793061936018,0
4995,5.880125231498016,1.397326170864855,1,2,-5602.9281001734125,0
4996,45.35191854137623,1.7656657713317778,1,2,-15.749576281957616,0
4997,48.85624114247635,1.7403023482841307,0,1,-5216.472506094418,0
4998,1.741306178609439,1.7615083457365275,1,3,-387.5474880234656,0
4999,120.43474858096073,1.6593060752169224,0,0,141.8439787772545,0
